Date,Adj Close,Close,High,Low,Open,Volume
1998-05-04,12.996875762939451,13.75,14.0,13.375,13.4375,3529400
1998-05-05,12.524264335632324,13.25,13.875,13.0,13.75,3056300
1998-05-06,11.93349552154541,12.625,13.25,11.875,13.25,3109900
1998-05-07,11.638113975524902,12.3125,12.75,12.25,12.625,1304100
1998-05-08,11.87442111968994,12.5625,12.75,12.3125,12.3125,1326400
1998-05-11,11.992573738098145,12.6875,12.875,12.5,12.5,889600
1998-05-12,11.697189331054688,12.375,12.75,12.3125,12.6875,1467700
1998-05-13,11.047346115112305,11.6875,12.375,11.5,12.25,1448900
1998-05-14,10.751962661743164,11.375,11.75,11.375,11.625,1189000
1998-05-15,10.33842658996582,10.9375,11.25,10.75,11.0625,2314800
1998-05-18,10.10211944580078,10.6875,10.875,10.4375,10.6875,1836500
1998-05-19,10.33842658996582,10.9375,11.0625,10.75,10.8125,1390700
1998-05-20,9.865812301635742,10.4375,11.0625,10.4375,10.9375,1014500
1998-05-21,9.688581466674805,10.25,10.625,10.0,10.5,1641100
1998-05-22,9.5113525390625,10.0625,10.375,10.0,10.125,329100
1998-05-26,9.334121704101562,9.875,10.25,9.875,10.0,833800
1998-05-27,9.334121704101562,9.875,9.875,9.0,9.75,1574900
1998-05-28,9.629505157470703,10.1875,10.5,9.6875,9.8125,1727500
1998-05-29,9.806734085083008,10.375,10.375,10.125,10.1875,748000
1998-06-01,9.688581466674805,10.25,10.375,10.125,10.1875,1764200
1998-06-02,9.21596908569336,9.75,10.375,9.75,10.1875,434800
1998-06-03,7.857203960418701,8.3125,9.875,7.0,9.875,2611000
1998-06-04,8.566123008728027,9.0625,9.375,8.75,9.125,3581200
1998-06-05,7.91627836227417,8.375,9.125,8.125,9.125,1799000
1998-06-08,8.743354797363281,9.25,9.375,8.25,8.375,663000
1998-06-09,8.861507415771484,9.375,9.375,8.875,9.375,471800
1998-06-10,8.625203132629395,9.125,9.375,8.875,9.0,773900
1998-06-11,8.536584854125977,9.03125,9.125,9.0,9.0,386700
1998-06-12,8.329816818237305,8.8125,9.0625,8.125,9.0,325300
1998-06-15,7.620895862579346,8.0625,8.75,7.875,8.75,351300
1998-06-16,8.447968482971191,8.9375,9.0,7.875,8.0,1724100
1998-06-17,7.91627836227417,8.375,9.0,8.125,9.0,301300
1998-06-18,7.443666934967041,7.875,8.25,7.75,8.0625,805500
1998-06-19,7.679972171783447,8.125,8.375,7.875,8.0,483500
1998-06-22,7.91627836227417,8.375,8.5,8.0,8.0625,106900
1998-06-23,7.798126220703125,8.25,8.5625,8.125,8.5,398900
1998-06-24,8.979662895202637,9.5,9.6875,8.375,8.4375,1127700
1998-06-25,9.09781551361084,9.625,9.875,9.375,9.625,435300
1998-06-26,8.920583724975586,9.4375,9.625,9.375,9.5,62600
1998-06-29,9.068275451660156,9.59375,9.75,9.5,9.5,369900
1998-06-30,8.831969261169434,9.34375,9.75,9.1875,9.625,638400
1998-07-01,7.886742115020752,8.34375,9.375,7.875,9.25,1163200
1998-07-02,7.0301289558410645,7.4375,8.3125,7.0,8.25,5764500
1998-07-06,7.384589195251465,7.8125,7.875,7.5,7.75,225300
1998-07-07,7.443666934967041,7.875,8.0,7.75,7.8125,407800
1998-07-08,7.798126220703125,8.25,8.25,7.8125,7.9375,942900
1998-07-09,7.798126220703125,8.25,8.5,8.25,8.375,445300
1998-07-10,7.679972171783447,8.125,8.4375,8.0625,8.25,531400
1998-07-13,7.679972171783447,8.125,8.375,8.0625,8.125,417800
1998-07-14,7.739051342010498,8.1875,8.4375,8.0,8.125,498200
1998-07-15,7.91627836227417,8.375,8.5,8.25,8.4375,192700
1998-07-16,8.639967918395996,9.140625,9.1875,8.375,8.4375,1440000
1998-07-17,8.625203132629395,9.125,9.1875,8.875,9.15625,229600
1998-07-20,8.566123008728027,9.0625,9.25,9.0,9.125,257500
1998-07-21,9.09781551361084,9.625,9.75,9.1875,9.25,632600
1998-07-22,8.684277534484863,9.1875,9.75,9.1875,9.5,467000
1998-07-23,7.91627836227417,8.375,9.75,8.375,9.5,1496000
1998-07-24,7.561819553375244,8.0,9.0,7.9375,8.5,653300
1998-07-27,7.443666934967041,7.875,8.125,7.875,8.0,695100
1998-07-28,7.148282527923584,7.5625,8.0,7.4375,7.875,770800
1998-07-29,7.089204788208008,7.5,7.75,7.5,7.625,481300
1998-07-30,7.089204788208008,7.5,7.625,7.5,7.5625,323100
1998-07-31,7.00059175491333,7.40625,7.625,7.375,7.625,584600
1998-08-03,6.6756696701049805,7.0625,7.5,7.0,7.375,346400
1998-08-04,6.498437881469727,6.875,7.125,6.625,7.0,421500
1998-08-05,6.380285739898682,6.75,7.0,6.75,6.875,480500
1998-08-06,6.734745979309082,7.125,7.125,6.625,6.75,1024600
1998-08-07,6.6165924072265625,7.0,7.6875,7.0,7.125,632800
1998-08-10,6.498437881469727,6.875,7.0,6.5,6.75,268300
1998-08-11,6.143979072570801,6.5,6.8125,6.4375,6.75,208500
1998-08-12,6.143979072570801,6.5,6.75,6.5,6.625,449200
1998-08-13,6.262132167816162,6.625,6.6875,6.25,6.6875,974900
1998-08-14,6.203055381774902,6.5625,6.875,6.375,6.375,495200
1998-08-17,6.143979072570801,6.5,6.75,6.25,6.5625,143600
1998-08-18,6.6165924072265625,7.0,7.0,6.5,6.5,379800
1998-08-19,6.6165924072265625,7.0,7.25,6.875,7.125,451700
1998-08-20,6.557515621185303,6.9375,7.125,6.9375,7.125,140300
1998-08-21,6.439361572265625,6.8125,7.0,6.625,7.0,144500
1998-08-24,5.553211212158203,5.875,6.8125,5.5,6.8125,567000
1998-08-25,5.612288951873779,5.9375,6.125,5.5,6.125,2366300
1998-08-26,5.375981330871582,5.6875,6.0,5.25,6.0,412500
1998-08-27,4.194447040557861,4.4375,5.6875,4.375,5.625,1165400
1998-08-28,4.076292514801025,4.3125,4.75,4.25,4.625,733000
1998-08-31,4.371677398681641,4.625,4.6875,4.1875,4.625,1141600
1998-09-01,4.371677398681641,4.625,4.75,4.5,4.5625,952900
1998-09-02,3.721833467483521,3.9375,4.8125,3.5625,4.75,1330600
1998-09-03,3.485526323318481,3.6875,3.875,3.25,3.75,439000
1998-09-04,3.839986085891724,4.0625,4.25,3.25,3.75,152000
1998-09-08,4.253523826599121,4.5,4.75,4.25,4.25,357300
1998-09-09,4.342138767242432,4.59375,4.75,4.5,4.625,924000
1998-09-10,4.371677398681641,4.625,4.75,4.3125,4.75,387200
1998-09-11,4.726138114929199,5.0,5.125,4.625,4.9375,566100
1998-09-14,5.139674186706543,5.4375,5.4375,5.0,5.125,976000
1998-09-15,5.612288951873779,5.9375,5.9375,5.25,5.375,503100
1998-09-16,5.553211212158203,5.875,6.3125,5.8125,6.0,556200
1998-09-17,5.375981330871582,5.6875,5.875,5.0625,5.8125,122800
1998-09-18,5.49413537979126,5.8125,6.125,5.5,6.0,211600
1998-09-21,5.198751449584961,5.5,5.75,5.375,5.625,357900
1998-09-22,5.198751449584961,5.5,5.6875,5.4375,5.5625,520100
1998-09-23,5.139674186706543,5.4375,5.5625,5.3125,5.4375,284600
1998-09-24,4.194447040557861,4.4375,5.5,4.3125,5.3125,686100
1998-09-25,4.489831447601318,4.75,4.8125,4.375,4.375,243300
1998-09-28,4.312601566314697,4.5625,5.125,4.4375,4.875,222500
1998-09-29,4.312601566314697,4.5625,4.875,4.5,4.5625,361500
1998-09-30,4.60798454284668,4.875,5.0,4.5,4.75,731500
1998-10-01,4.312601566314697,4.5625,4.875,4.5,4.75,474800
1998-10-02,4.371677398681641,4.625,4.75,4.5,4.75,272100
1998-10-05,4.253523826599121,4.5,4.75,4.375,4.6875,303300
1998-10-06,4.253523826599121,4.5,4.75,4.5,4.75,317100
1998-10-07,4.017216682434082,4.25,4.75,4.25,4.75,325000
1998-10-08,3.544602394104004,3.75,4.25,3.3125,4.21875,364700
1998-10-09,3.780909776687622,4.0,4.125,3.75,3.875,735300
1998-10-12,3.839986085891724,4.0625,4.3125,3.9375,4.25,113700
1998-10-13,3.721833467483521,3.9375,4.125,3.75,4.125,159800
1998-10-14,3.6627564430236816,3.875,4.0,3.75,4.0,127300
1998-10-15,3.544602394104004,3.75,3.9375,3.75,3.75,346600
1998-10-16,3.0719895362854004,3.25,4.0,3.0,3.8125,1903100
1998-10-19,3.0129127502441406,3.1875,3.5,3.125,3.5,650000
1998-10-20,2.9538354873657227,3.125,3.46875,3.0625,3.25,1078700
1998-10-21,3.0719895362854004,3.25,3.375,3.0,3.375,1490600
1998-10-22,4.283061504364014,4.53125,4.6875,3.3125,3.34375,923900
1998-10-23,4.60798454284668,4.875,5.25,4.6875,4.875,1459500
1998-10-26,4.726138114929199,5.0,5.21875,4.75,4.875,1075200
1998-10-27,4.489831447601318,4.75,5.125,4.5,5.03125,2410200
1998-10-28,4.253523826599121,4.5,4.75,4.375,4.6875,2583700
1998-10-29,4.430753707885742,4.6875,4.75,4.5,4.5,386000
1998-10-30,4.60798454284668,4.875,5.125,4.6875,4.875,599500
1998-11-02,5.316904067993164,5.625,5.9375,5.4375,5.9375,1893200
1998-11-03,5.198751449584961,5.5,5.75,5.28125,5.6875,891900
1998-11-04,5.139674186706543,5.4375,5.75,5.40625,5.71875,1411700
1998-11-05,5.183981895446777,5.484375,5.53125,5.28125,5.53125,686500
1998-11-06,5.198751449584961,5.5,5.53125,5.4375,5.53125,557500
1998-11-09,5.346442222595215,5.65625,6.25,5.5,6.0625,3056900
1998-11-10,6.084902286529541,6.4375,6.5,5.75,5.8125,1607200
1998-11-11,6.409823417663574,6.78125,7.125,6.75,7.0625,3591600
1998-11-12,6.3212080001831055,6.6875,7.125,6.5625,7.0625,1530100
1998-11-13,6.3212080001831055,6.6875,6.875,6.65625,6.6875,572900
1998-11-16,6.498437881469727,6.875,7.125,6.75,7.0625,526000
1998-11-17,6.3507466316223145,6.71875,6.9375,6.5,6.875,711100
1998-11-18,6.380285739898682,6.75,6.875,6.5,6.875,400700
1998-11-19,6.380285739898682,6.75,6.875,6.6875,6.875,388200
1998-11-20,6.025825500488281,6.375,6.8125,6.28125,6.78125,620200
1998-11-23,5.671363830566406,6.0,6.4375,5.75,6.40625,849100
1998-11-24,5.257827758789063,5.5625,5.875,5.4375,5.875,1146800
1998-11-25,5.553211212158203,5.875,6.0625,5.6875,5.71875,777700
1998-11-27,6.084902286529541,6.4375,6.5,6.0625,6.0625,356900
1998-11-30,5.966747760772705,6.3125,6.5,6.0,6.4375,570400
1998-12-01,5.789517879486084,6.125,6.25,5.96875,6.125,418400
1998-12-02,5.907670974731445,6.25,6.375,6.0,6.03125,376900
1998-12-03,6.498437881469727,6.875,6.96875,6.15625,6.1875,1178100
1998-12-04,6.587053298950195,6.96875,7.125,6.875,6.9375,871500
1998-12-07,7.620895862579346,8.0625,8.25,7.03125,7.0625,2700700
1998-12-08,7.798126220703125,8.25,8.28125,7.625,8.03125,2313600
1998-12-09,7.325512886047363,7.75,8.4375,7.75,8.375,1764600
1998-12-10,7.384589195251465,7.8125,8.25,7.75,8.0625,1389100
1998-12-11,7.443666934967041,7.875,8.0,7.4375,7.8125,565300
1998-12-14,7.384589195251465,7.8125,8.125,7.8125,8.0,550200
1998-12-15,7.561819553375244,8.0,8.0625,7.5625,8.0,696900
1998-12-16,7.207359313964844,7.625,8.0,7.5,7.8125,470900
1998-12-17,7.502743244171143,7.9375,8.0625,7.6875,7.6875,611300
1998-12-18,7.325512886047363,7.75,8.0625,7.6875,8.0625,563200
1998-12-21,7.325512886047363,7.75,7.9375,7.625,7.875,554600
1998-12-22,7.91627836227417,8.375,8.375,7.4375,7.8125,1746100
1998-12-23,8.625203132629395,9.125,9.5,8.5625,8.5625,3187500
1998-12-24,9.09781551361084,9.625,9.6875,9.125,9.25,1564400
1998-12-28,9.5113525390625,10.0625,10.375,9.875,9.96875,2124600
1998-12-29,9.09781551361084,9.625,10.3125,9.5625,10.3125,1583200
1998-12-30,9.009199142456056,9.53125,9.8125,9.25,9.78125,768100
1998-12-31,10.220272064208984,10.8125,10.875,9.5,9.5,1132700
1999-01-04,9.393199920654297,9.9375,10.9375,9.875,10.875,1185600
1999-01-05,9.334121704101562,9.875,10.125,9.5625,10.0625,681800
1999-01-06,9.334121704101562,9.875,10.5625,9.75,9.9375,1635900
1999-01-07,9.688581466674805,10.25,10.375,9.375,9.875,2306200
1999-01-08,9.865812301635742,10.4375,10.75,9.875,10.375,1495700
1999-01-11,10.161192893981934,10.75,11.0,10.125,10.5,1418500
1999-01-12,10.633808135986328,11.25,11.4375,10.5,10.8125,2155100
1999-01-13,10.811038970947266,11.4375,11.9375,9.75,10.75,2457200
1999-01-14,10.161192893981934,10.75,11.75,10.75,11.5625,1346700
1999-01-15,10.161192893981934,10.75,11.25,10.75,10.9375,1058600
1999-01-19,9.865812301635742,10.4375,11.125,10.25,11.0625,605100
1999-01-20,10.574731826782228,11.1875,11.9375,10.5,10.625,1891300
1999-01-21,10.043038368225098,10.625,11.375,10.375,11.0,1237000
1999-01-22,10.486117362976074,11.09375,11.25,10.0625,10.25,1243200
1999-01-25,10.456578254699709,11.0625,11.125,10.8125,11.0625,737900
1999-01-26,10.24980926513672,10.84375,11.125,10.6875,11.0625,430100
1999-01-27,10.161192893981934,10.75,11.0625,10.75,10.9375,1262000
1999-01-28,9.865812301635742,10.4375,10.9375,10.25,10.875,757900
1999-01-29,10.929191589355469,11.5625,11.6875,10.625,10.6875,1863000
1999-02-01,11.37226676940918,12.03125,12.5625,11.5,11.5,2198600
1999-02-02,10.604273796081545,11.21875,12.0625,10.9375,12.0625,1058000
1999-02-03,10.751962661743164,11.375,11.6875,10.9375,11.375,1555900
1999-02-04,9.806734085083008,10.375,11.75,10.125,11.625,1487300
1999-02-05,8.979662895202637,9.5,10.5625,9.375,10.5625,1900100
1999-02-08,9.629505157470703,10.1875,10.5,10.0,10.375,1367100
1999-02-09,8.8024320602417,9.3125,10.375,9.25,10.3125,1598000
1999-02-10,8.507047653198242,9.0,9.375,8.8125,9.25,1494800
1999-02-11,10.633808135986328,11.25,11.375,10.125,10.3125,4181500
1999-02-12,9.806734085083008,10.375,10.9375,9.8125,10.875,1827800
1999-02-16,9.688581466674805,10.25,10.9375,10.125,10.6875,608600
1999-02-17,9.629505157470703,10.1875,10.59375,9.75,9.96875,601800
1999-02-18,9.74765682220459,10.3125,10.5,10.1875,10.5,886000
1999-02-19,9.452276229858398,10.0,10.375,9.9375,10.25,603500
1999-02-22,10.043038368225098,10.625,10.9375,10.125,10.25,911600
1999-02-23,10.973499298095703,11.609375,11.625,10.9375,11.0,3381300
1999-02-24,10.751962661743164,11.375,11.625,11.0625,11.5625,953700
1999-02-25,10.456578254699709,11.0625,11.375,10.625,11.375,579100
1999-02-26,9.924888610839844,10.5,11.0625,10.375,11.0,766000
1999-03-01,9.865812301635742,10.4375,10.75,10.125,10.625,748400
1999-03-02,9.806734085083008,10.375,10.625,10.375,10.4375,787900
1999-03-03,9.629505157470703,10.1875,10.625,10.125,10.3125,326900
1999-03-04,9.688581466674805,10.25,10.5625,10.0625,10.3125,753800
1999-03-05,9.924888610839844,10.5,10.625,10.3125,10.375,788500
1999-03-08,9.924888610839844,10.5,10.5625,10.1875,10.375,573300
1999-03-09,9.393199920654297,9.9375,10.625,9.875,10.4375,856100
1999-03-10,9.21596908569336,9.75,10.0625,9.5,10.0,590100
1999-03-11,8.979662895202637,9.5,9.9375,9.5,9.6875,642700
1999-03-12,8.270739555358887,8.75,9.625,8.375,9.5625,2322600
1999-03-15,8.388894081115723,8.875,9.0,8.8125,8.9375,722800
1999-03-16,8.507047653198242,9.0,9.125,8.8125,9.125,801400
1999-03-17,8.477508544921875,8.96875,9.0,8.8125,9.0,264100
1999-03-18,8.211664199829102,8.6875,9.125,8.5625,8.8125,412300
1999-03-19,8.034433364868164,8.5,9.125,8.5,8.8125,615400
1999-03-22,7.620895862579346,8.0625,8.625,7.875,8.625,626100
1999-03-23,6.971052646636963,7.375,8.0625,7.1875,7.9375,1241300
1999-03-24,7.118744373321533,7.53125,7.6875,7.3125,7.375,382700
1999-03-25,7.207359313964844,7.625,7.875,7.625,7.78125,903900
1999-03-26,6.91197681427002,7.3125,7.75,7.3125,7.75,517600
1999-03-29,7.532281398773193,7.96875,7.96875,7.3125,7.375,332100
1999-03-30,7.443666934967041,7.875,8.125,7.625,7.9375,835600
1999-03-31,7.443666934967041,7.875,8.25,7.5,8.1875,2201400
1999-04-01,7.679972171783447,8.125,8.1875,7.875,8.0,513200
1999-04-05,7.679972171783447,8.125,8.375,8.03125,8.375,277200
1999-04-06,7.502743244171143,7.9375,8.0625,7.6875,8.0,369800
1999-04-07,7.502743244171143,7.9375,8.0625,7.875,7.96875,208500
1999-04-08,7.325512886047363,7.75,8.0,7.5,8.0,456100
1999-04-09,7.561819553375244,8.0,8.3125,7.75,7.875,1241100
1999-04-12,7.532281398773193,7.96875,8.0,7.8125,7.9375,349900
1999-04-13,7.620895862579346,8.0625,8.125,7.875,8.0,450700
1999-04-14,7.443666934967041,7.875,8.125,7.625,8.0625,377500
1999-04-15,7.561819553375244,8.0,8.0,7.5,8.0,346800
1999-04-16,7.975356578826904,8.4375,8.46875,7.625,7.96875,1043300
1999-04-19,7.561819553375244,8.0,9.25,8.0,8.5,1161200
1999-04-20,8.093510627746582,8.5625,8.875,8.1875,8.3125,653400
1999-04-21,9.334121704101562,9.875,9.9375,8.75,8.875,1781700
1999-04-22,8.979662895202637,9.5,10.25,8.625,10.25,1463300
1999-04-23,9.156890869140623,9.6875,9.6875,9.3125,9.4375,806900
1999-04-26,9.452276229858398,10.0,10.0,9.6875,9.8125,1338600
1999-04-27,9.393199920654297,9.9375,10.125,9.875,10.0625,953500
1999-04-28,9.334121704101562,9.875,10.0,9.75,9.96875,993900
1999-04-29,9.334121704101562,9.875,10.0,9.53125,9.9375,864700
1999-04-30,9.21596908569336,9.75,10.0,9.75,9.875,659000
1999-05-03,9.009199142456056,9.53125,10.0,9.28125,10.0,471300
1999-05-04,8.447968482971191,8.9375,9.375,8.9375,9.1875,637200
1999-05-05,8.477508544921875,8.96875,9.1875,8.375,9.03125,1052800
1999-05-06,8.447968482971191,8.9375,9.0625,8.75,9.0,666800
1999-05-07,8.566123008728027,9.0625,9.09375,8.875,9.0,673000
1999-05-10,9.009199142456056,9.53125,9.6875,9.375,9.4375,860500
1999-05-11,8.743354797363281,9.25,9.875,9.125,9.75,675100
1999-05-12,9.09781551361084,9.625,9.625,9.3125,9.5,673200
1999-05-13,9.5113525390625,10.0625,10.625,9.65625,9.75,1680300
1999-05-14,9.038737297058104,9.5625,10.1875,9.375,10.1875,887300
1999-05-17,8.979662895202637,9.5,9.75,9.4375,9.53125,371400
1999-05-18,9.393199920654297,9.9375,10.1875,9.5,9.5625,1221400
1999-05-19,9.5113525390625,10.0625,10.5,9.96875,10.25,798300
1999-05-20,9.74765682220459,10.3125,10.5,10.0,10.125,399900
1999-05-21,9.570427894592283,10.125,10.4375,10.0625,10.4375,247500
1999-05-24,9.27504539489746,9.8125,10.4375,9.4375,10.25,481400
1999-05-25,8.8024320602417,9.3125,9.875,9.0,9.875,700700
1999-05-26,8.8024320602417,9.3125,9.4375,9.1875,9.375,1346700
1999-05-27,8.625203132629395,9.125,9.375,9.125,9.125,305000
1999-05-28,8.743354797363281,9.25,9.4375,9.0,9.40625,320600
1999-06-01,8.684277534484863,9.1875,9.5,9.1875,9.3125,235800
1999-06-02,8.743354797363281,9.25,9.25,8.8125,9.1875,694400
1999-06-03,8.270739555358887,8.75,9.375,8.75,9.3125,378200
1999-06-04,8.566123008728027,9.0625,9.125,8.8125,8.8125,555100
1999-06-07,7.561819553375244,8.0,8.625,7.09375,8.59375,3833500
1999-06-08,6.91197681427002,7.3125,8.25,7.3125,8.25,2592900
1999-06-09,7.059668064117432,7.46875,7.5625,7.34375,7.4375,1312800
1999-06-10,7.00059175491333,7.40625,7.875,7.25,7.75,2816700
1999-06-11,7.355050563812256,7.78125,7.96875,7.53125,7.6875,917200
1999-06-14,7.443666934967041,7.875,8.0625,7.8125,7.96875,731900
1999-06-15,7.325512886047363,7.75,8.0,7.6875,7.90625,381300
1999-06-16,7.443666934967041,7.875,8.0,7.75,7.9375,725200
1999-06-17,7.443666934967041,7.875,7.9375,7.6875,7.875,535400
1999-06-18,7.443666934967041,7.875,8.03125,7.875,7.9375,661700
1999-06-21,7.384589195251465,7.8125,8.0,7.75,8.0,501300
1999-06-22,7.266436100006103,7.6875,7.875,7.5,7.84375,790500
1999-06-23,7.325512886047363,7.75,7.8125,7.5625,7.65625,285500
1999-06-24,7.266436100006103,7.6875,7.875,7.625,7.75,304800
1999-06-25,7.148282527923584,7.5625,7.8125,7.46875,7.75,257300
1999-06-28,7.532281398773193,7.96875,8.0,7.625,7.6875,310600
1999-06-29,8.388894081115723,8.875,8.9375,7.90625,7.96875,2353300
1999-06-30,9.688581466674805,10.25,10.5,8.9375,9.0,2552100
1999-07-01,9.629505157470703,10.1875,10.3125,9.125,10.0625,1919600
1999-07-02,9.924888610839844,10.5,10.5625,9.9375,10.125,1825600
1999-07-06,9.865812301635742,10.4375,11.125,10.375,10.875,943600
1999-07-07,9.570427894592283,10.125,10.5,10.125,10.4375,668500
1999-07-08,9.924888610839844,10.5,10.8125,9.875,10.1875,1439500
1999-07-09,9.983965873718262,10.5625,10.75,10.375,10.5,405500
1999-07-12,10.69288444519043,11.3125,11.375,10.625,10.6875,1232200
1999-07-13,10.811038970947266,11.4375,11.5625,10.75,11.1875,1221900
1999-07-14,12.11072826385498,12.8125,12.875,11.375,11.375,3308700
1999-07-15,12.465188026428224,13.1875,13.3125,12.625,12.8125,2268700
1999-07-16,12.228882789611816,12.9375,13.4375,12.8125,13.375,1526600
1999-07-19,11.992573738098145,12.6875,13.3125,12.6875,13.0,1683500
1999-07-20,11.342727661132812,12.0,12.625,11.375,12.5625,1820200
1999-07-21,12.228882789611816,12.9375,13.125,11.9375,11.9375,958300
1999-07-22,12.287958145141602,13.0,13.125,12.5,12.8125,1576300
1999-07-23,12.760571479797363,13.5,13.5,12.9375,13.0625,1287300
1999-07-26,12.465188026428224,13.1875,13.5625,12.875,13.0625,1017200
1999-07-27,14.119336128234863,14.9375,15.0,13.1875,13.3125,4980200
1999-07-28,14.532872200012209,15.375,15.5625,14.4375,14.9375,2336000
1999-07-29,14.178409576416016,15.0,15.625,14.9375,15.0,2368200
1999-07-30,14.532872200012209,15.375,15.4375,15.0,15.1875,1250900
1999-08-02,14.178409576416016,15.0,15.875,14.875,15.25,2263700
1999-08-03,13.70580005645752,14.5,15.125,13.25,15.125,1327700
1999-08-04,13.233184814453123,14.0,15.0625,13.875,14.5,1063700
1999-08-05,14.060257911682127,14.875,15.0,12.625,13.6875,1414700
1999-08-06,14.76917839050293,15.625,15.9375,14.5625,14.875,1553400
1999-08-09,17.132246017456055,18.125,18.125,15.5,15.6875,5144000
1999-08-10,16.895936965942383,17.875,17.9375,17.3125,17.9375,3544400
1999-08-11,17.073169708251953,18.0625,18.25,16.5625,17.875,2582600
1999-08-12,16.836864471435547,17.8125,18.5,17.25,18.3125,2526200
1999-08-13,16.334714889526367,17.28125,18.0,17.0625,18.0,1232200
1999-08-16,15.53717803955078,16.4375,17.25,16.375,17.1875,1196300
1999-08-17,15.59625244140625,16.5,17.0,16.375,16.625,966200
1999-08-18,15.241791725158691,16.125,16.75,15.6875,16.6875,822500
1999-08-19,15.123639106750488,16.0,16.0625,15.6875,16.0,613300
1999-08-20,15.53717803955078,16.4375,16.5,15.75,16.25,619100
1999-08-23,15.655329704284668,16.5625,16.75,16.25,16.28125,455000
1999-08-24,16.836864471435547,17.8125,17.875,16.25,16.375,1136200
1999-08-25,16.777788162231445,17.75,18.25,16.6875,17.8125,1423600
1999-08-26,17.073169708251953,18.0625,18.125,17.5625,17.875,1555200
1999-08-27,16.541479110717773,17.5,18.125,17.5,18.0625,2793800
1999-08-30,15.950713157653809,16.875,17.5,16.5,17.375,467500
1999-08-31,16.65963363647461,17.625,17.6875,16.75,16.875,846100
1999-09-01,16.984556198120117,17.96875,18.125,17.5,17.5,732200
1999-09-02,17.19132423400879,18.1875,18.5,17.6875,18.125,657200
1999-09-03,18.9045524597168,20.0,20.125,19.0625,19.0625,1634400
1999-09-07,19.90885162353516,21.0625,21.1875,20.125,20.25,3100500
1999-09-08,19.613468170166016,20.75,22.375,20.6875,21.0625,2609600
1999-09-09,19.613468170166016,20.75,21.0,20.5,20.875,1242100
1999-09-10,21.38576889038086,22.625,22.875,21.25,21.3125,2551900
1999-09-13,20.73592758178711,21.9375,22.75,21.75,22.75,658400
1999-09-14,19.79070281982422,20.9375,21.875,20.4375,21.8125,885500
1999-09-15,18.845474243164062,19.9375,21.5,19.375,21.375,1488600
1999-09-16,18.25470352172852,19.3125,20.25,18.6875,20.125,1192200
1999-09-17,18.727317810058597,19.8125,20.125,19.125,20.125,721300
1999-09-20,19.554393768310547,20.6875,21.75,20.0625,20.1875,1616700
1999-09-21,17.72301483154297,18.75,20.625,18.75,20.5625,723600
1999-09-22,18.491012573242188,19.5625,19.75,18.5,19.4375,1129900
1999-09-23,17.132246017456055,18.125,19.875,18.125,19.75,1079400
1999-09-24,16.423328399658203,17.375,18.3125,15.6875,18.1875,2285800
1999-09-27,17.545787811279297,18.5625,18.625,17.75,18.0625,905000
1999-09-28,17.073169708251953,18.0625,18.5,17.5,18.4375,1167200
1999-09-29,17.132246017456055,18.125,18.5625,17.875,17.9375,539300
1999-09-30,15.241791725158691,16.125,18.375,15.75,18.375,1806400
1999-10-01,15.448563575744627,16.34375,17.25,16.125,16.375,1059000
1999-10-04,15.89163589477539,16.8125,17.0,16.375,16.6875,589800
1999-10-05,16.895936965942383,17.875,18.5625,16.875,17.0,898100
1999-10-06,18.963624954223636,20.0625,20.1875,18.5,18.75,910100
1999-10-07,17.132246017456055,18.125,20.3125,17.9375,20.25,1060700
1999-10-08,17.30947494506836,18.3125,18.625,17.75,18.5,657600
1999-10-11,17.6048641204834,18.625,19.0,18.5,18.75,455000
1999-10-12,16.600557327270508,17.5625,19.125,17.5,19.0,637300
1999-10-13,16.600557327270508,17.5625,18.0,16.125,17.375,1215800
1999-10-14,16.777788162231445,17.75,18.0625,17.0,17.9375,611300
1999-10-15,16.364248275756836,17.3125,17.5,16.75,17.125,665000
1999-10-18,15.714407920837402,16.625,17.4375,16.375,17.375,505100
1999-10-19,15.53717803955078,16.4375,17.25,15.875,17.25,749300
1999-10-20,15.419022560119627,16.3125,17.0,15.8125,16.875,1010700
1999-10-21,15.950713157653809,16.875,17.0,15.625,16.0,374400
1999-10-22,17.486709594726562,18.5,18.6875,17.0625,17.1875,840300
1999-10-25,16.95501708984375,17.9375,18.75,17.375,18.125,879400
1999-10-26,17.663938522338867,18.6875,18.8125,17.9375,18.0625,1266500
1999-10-27,17.663938522338867,18.6875,19.25,17.8125,19.125,1774800
1999-10-28,18.136550903320312,19.1875,19.5,18.6875,19.375,1429600
1999-10-29,19.08177375793457,20.1875,20.25,19.25,19.375,3582900
1999-11-01,20.145158767700195,21.3125,21.9375,20.1875,20.4375,1725100
1999-11-02,20.55869674682617,21.75,22.0,20.75,21.4375,949500
1999-11-03,20.49961853027344,21.6875,22.125,21.625,22.0,3378200
1999-11-04,21.20854759216309,22.4375,22.875,21.5,21.5,1151600
1999-11-05,21.858383178710938,23.125,23.5,22.6875,22.875,1031700
1999-11-08,22.09469223022461,23.375,23.875,22.75,23.375,807900
1999-11-09,21.563003540039062,22.8125,23.9375,22.8125,23.9375,837200
1999-11-10,24.22145652770996,25.625,25.625,22.75,23.0,1328200
1999-11-11,23.68976402282715,25.0625,26.5,24.0,26.1875,1595400
1999-11-12,23.86699104309082,25.25,25.5,23.6875,25.1875,644000
1999-11-15,22.685455322265625,24.0,26.0,23.875,25.3125,532100
1999-11-16,23.63068389892578,25.0,25.5,24.125,24.1875,922600
1999-11-17,23.63068389892578,25.0,26.125,24.875,26.125,990500
1999-11-18,22.92176628112793,24.25,25.5,23.625,25.0,1269700
1999-11-19,22.27191925048828,23.5625,24.4375,23.375,24.375,1489000
1999-11-22,21.681154251098636,22.9375,23.5625,22.375,23.5,1615500
1999-11-23,21.267616271972656,22.5,23.4375,22.25,23.0,709600
1999-11-24,21.62207794189453,22.875,22.875,21.75,22.5,291500
1999-11-26,22.09469223022461,23.375,23.875,22.875,23.375,110800
1999-11-29,23.80791664123535,25.1875,26.5,23.25,23.6875,2236900
1999-11-30,25.521142959594727,27.0,27.5625,24.3125,24.8125,1988000
1999-12-01,25.521142959594727,27.0,27.75,26.625,26.75,1975100
1999-12-02,26.643598556518555,28.1875,28.875,26.5,26.5625,981200
1999-12-03,26.23006248474121,27.75,29.5625,27.75,29.125,1086400
1999-12-06,25.58021545410156,27.0625,29.0,27.0,27.9375,333700
1999-12-07,24.930376052856445,26.375,27.25,25.5,27.0,637200
1999-12-08,25.93467712402344,27.4375,27.5,25.5,26.0,394100
1999-12-09,23.86699104309082,25.25,27.5625,25.25,27.375,437400
1999-12-10,23.63068389892578,25.0,26.25,25.0,25.9375,250700
1999-12-13,24.575916290283203,26.0,28.0,25.875,26.5,1028900
1999-12-14,24.103302001953125,25.5,26.6875,25.3125,26.4375,588600
1999-12-15,21.917463302612305,23.1875,25.40625,22.875,25.375,1544800
1999-12-16,24.753145217895508,26.1875,26.375,24.0,24.0,1227600
1999-12-17,24.575916290283203,26.0,27.5,26.0,27.375,559300
1999-12-20,25.16668128967285,26.625,27.125,25.875,26.625,490300
1999-12-21,25.402986526489254,26.875,27.625,26.375,26.375,4720300
1999-12-22,25.875600814819336,27.375,28.125,27.0,27.0625,336300
1999-12-23,25.225757598876957,26.6875,28.0,26.375,27.1875,205900
1999-12-27,25.402986526489254,26.875,27.25,25.5625,27.0,273500
1999-12-28,24.87129783630371,26.3125,27.0,26.125,26.875,174500
1999-12-29,24.694068908691406,26.125,27.4375,25.0625,26.1875,233200
1999-12-30,24.22145652770996,25.625,26.4375,25.625,26.3125,188800
1999-12-31,26.70267868041992,28.25,28.25,25.875,26.125,366400
2000-01-03,26.938983917236328,28.5,28.75,27.375,28.0625,864800
2000-01-04,24.753145217895508,26.1875,27.9375,26.0,27.75,323000
2000-01-05,25.402986526489254,26.875,27.0,24.125,25.9375,597400
2000-01-06,23.335302352905277,24.6875,26.25,24.5,26.0,433400
2000-01-07,23.68976402282715,25.0625,26.5,24.5,24.9375,358300
2000-01-10,25.402986526489254,26.875,28.0,25.4375,26.0,1329700
2000-01-11,26.820831298828125,28.375,28.5,26.375,27.0,979600
2000-01-12,29.53835678100586,31.25,32.25,29.125,29.25,2443300
2000-01-13,30.54266166687012,32.3125,34.0,31.875,32.25,1420600
2000-01-14,28.35681915283203,30.0,34.0,29.875,33.4375,1083300
2000-01-18,29.53835678100586,31.25,32.0,30.5625,30.75,674600
2000-01-19,29.774667739868164,31.5,31.8125,31.125,31.125,737400
2000-01-20,31.428815841674805,33.25,35.859375,33.0625,33.75,2531600
2000-01-21,34.146339416503906,36.125,39.25,34.25,34.5625,1606200
2000-01-24,34.50081253051758,36.5,39.1875,35.25,37.1875,1229700
2000-01-25,32.90572738647461,34.8125,38.0,33.75,37.0,837900
2000-01-26,34.08726501464844,36.0625,36.8125,34.75,35.0,879600
2000-01-27,33.43741226196289,35.375,36.90625,35.25,35.8125,728000
2000-01-28,31.546968460083008,33.375,35.25,33.0,35.125,780300
2000-01-31,30.01097297668457,31.75,33.625,30.9375,33.5,1049400
2000-02-01,34.79619216918945,36.8125,37.0,32.0,32.0,1551100
2000-02-02,37.631874084472656,39.8125,40.0625,37.0,37.0,1441100
2000-02-03,38.636173248291016,40.875,41.0,37.75,40.0,1082900
2000-02-04,40.88108825683594,43.25,43.75,40.0,42.5,1405500
2000-02-07,42.47615432739258,44.9375,45.9375,43.5,44.25,1247400
2000-02-08,39.93586349487305,42.25,45.5,41.0,45.4375,792200
2000-02-09,39.34508895874024,41.625,43.5,41.5625,42.9375,515000
2000-02-10,41.23555374145508,43.625,43.75,40.25,42.5,516800
2000-02-11,42.298927307128906,44.75,46.0,43.875,44.0,1077900
2000-02-14,46.19799041748047,48.875,49.0,45.375,45.5,883700
2000-02-15,45.25276184082031,47.875,48.875,46.4375,48.75,650900
2000-02-16,44.60292434692383,47.1875,48.0,47.125,48.0,412100
2000-02-17,43.391849517822266,45.90625,48.4375,45.5625,48.0625,652200
2000-02-18,43.36230850219727,45.875,47.0,45.3125,45.625,306300
2000-02-22,44.7801513671875,47.375,48.0,46.0,46.25,799000
2000-02-23,44.89831161499024,47.5,48.125,47.125,47.625,551600
2000-02-24,43.18507766723633,45.6875,47.625,45.375,47.4375,620400
2000-02-25,40.408477783203125,42.75,46.75,42.75,45.6875,512300
2000-02-28,42.298927307128906,44.75,46.25,40.125,43.1875,861100
2000-02-29,49.09275436401367,51.9375,53.0,46.125,46.25,1535600
2000-03-01,51.160430908203125,54.125,59.0,52.625,54.375,1197300
2000-03-02,50.03797912597656,52.9375,55.5,52.0,54.5625,1110800
2000-03-03,52.8145866394043,55.875,56.625,54.0,54.0,764500
2000-03-06,51.10136413574219,54.0625,57.75,54.0,57.5,898400
2000-03-07,50.21520233154297,53.125,57.5,53.0,54.1875,604400
2000-03-08,46.43429565429688,49.125,55.125,48.75,54.375,1459700
2000-03-09,47.73398208618164,50.5,51.5,49.375,49.6875,1089400
2000-03-10,47.97029495239258,50.75,51.75,49.0,51.25,1502200
2000-03-13,53.70074081420898,56.8125,59.9375,48.125,50.0,1393100
2000-03-14,53.877967834472656,57.0,59.625,55.0,59.5,1232400
2000-03-15,47.3795280456543,50.125,57.75,48.25,57.75,1286100
2000-03-16,44.48476409912109,47.0625,51.625,45.625,50.875,1922200
2000-03-17,47.26136779785156,50.0,51.25,46.625,46.6875,2166100
2000-03-20,49.74259567260742,52.625,55.125,50.75,53.0,1369900
2000-03-21,52.16474533081055,55.1875,55.5,51.125,53.4375,1064500
2000-03-22,56.47734451293945,59.75,59.875,54.75,55.875,2329800
2000-03-23,61.02623748779297,64.5625,64.875,58.5,60.125,2838300
2000-03-24,59.07671356201172,62.5,65.3125,62.1875,65.0,952700
2000-03-27,59.31302261352539,62.75,64.75,62.0,64.5625,609200
2000-03-28,56.18195724487305,59.4375,62.5625,59.0,61.25,857400
2000-03-29,53.93703842163086,57.0625,60.25,55.0,60.0625,1292400
2000-03-30,46.78875732421875,49.5,56.0625,47.1875,55.0625,1784000
2000-03-31,50.156131744384766,53.0625,54.125,48.875,51.0,1791500
2000-04-03,43.480464935302734,46.0,53.75,46.0,53.25,1066600
2000-04-04,45.84353256225586,48.5,48.5,36.0,47.3125,1947200
2000-04-05,44.425689697265625,47.0,53.375,43.25,45.375,1546700
2000-04-06,52.9327392578125,56.0,59.25,50.0,50.25,1974800
2000-04-07,56.757957458496094,60.046875,62.5,57.5,58.625,1084000
2000-04-10,54.17333984375,57.3125,62.0,56.5,61.75,1752300
2000-04-11,54.11427307128906,57.25,62.0,53.5,55.0,1199000
2000-04-12,49.68351364135742,52.5625,59.5,52.25,59.375,1031200
2000-04-13,50.0970573425293,53.0,56.25,52.0,54.25,734500
2000-04-14,43.5395393371582,46.0625,51.75,45.5,50.5,1311700
2000-04-17,47.97029495239258,50.75,51.125,41.75,42.984375,1301900
2000-04-18,52.9327392578125,56.0,56.75,51.75,52.25,823300
2000-04-19,55.41396331787109,58.625,58.9375,56.625,57.375,1165500
2000-04-20,55.11857223510742,58.3125,58.875,56.75,58.84375,484800
2000-04-24,51.86935424804688,54.875,56.0,53.5,54.0,475100
2000-04-25,52.04659271240234,55.0625,58.75,54.0625,58.0,969900
2000-04-26,49.80167007446289,52.6875,56.125,52.625,56.0,922800
2000-04-27,54.58688735961914,57.75,58.25,50.0,50.5,944300
2000-04-28,57.83610153198242,61.1875,61.8125,55.5,56.375,1701200
2000-05-01,56.772727966308594,60.0625,62.125,59.625,61.875,721900
2000-05-02,58.24964141845703,61.625,64.75,59.0,59.875,1302700
2000-05-03,56.41826248168945,59.6875,60.9375,58.0625,60.0625,1016700
2000-05-04,57.24534606933594,60.5625,61.5,58.0,61.5,923200
2000-05-05,48.91553115844727,51.75,57.75,50.5,57.5,5169500
2000-05-08,43.066925048828125,45.5625,50.875,45.5,50.875,2399500
2000-05-09,40.46754837036133,42.8125,46.875,42.25,46.75,1479100
2000-05-10,35.62325668334961,37.6875,42.4375,37.1875,42.4375,2510900
2000-05-11,40.17215347290039,42.5,42.9375,37.9375,38.75,2974300
2000-05-12,41.9444694519043,44.375,45.75,43.75,44.0,1600700
2000-05-15,40.34939193725586,42.6875,45.0,41.875,44.3125,1091200
2000-05-16,41.88539123535156,44.3125,45.25,42.75,44.75,791500
2000-05-17,39.87678146362305,42.1875,44.1875,41.0,41.125,834200
2000-05-18,41.05831909179688,43.4375,44.8125,42.125,42.6875,929400
2000-05-19,39.22693634033203,41.5,42.9375,39.8125,41.75,750100
2000-05-22,36.86387634277344,39.0,41.9375,35.875,41.5625,1820100
2000-05-23,35.80048370361328,37.875,42.25,37.75,39.0625,987400
2000-05-24,38.75432586669922,41.0,41.0,33.375,38.0,1454900
2000-05-25,39.34508895874024,41.625,44.4375,40.625,43.3125,1400400
2000-05-26,39.46324920654297,41.75,42.375,39.5625,42.0625,573300
2000-05-30,44.66199493408203,47.25,47.25,42.4375,42.5,796700
2000-05-31,42.298927307128906,44.75,48.5625,44.25,46.125,518900
2000-06-01,44.66199493408203,47.25,47.625,45.25,46.234375,615300
2000-06-02,48.44291305541992,51.25,52.625,49.75,50.125,1047200
2000-06-05,47.67490768432617,50.4375,51.875,49.0625,51.25,524000
2000-06-06,46.61153030395508,49.3125,52.75,49.0,51.0,478900
2000-06-07,47.26136779785156,50.0,50.5,48.9375,50.0,410500
2000-06-08,46.43429565429688,49.125,50.625,48.375,50.5,465700
2000-06-09,47.02506637573242,49.75,50.125,48.5,49.15625,512900
2000-06-12,45.42999267578125,48.0625,50.5,47.75,50.5,490500
2000-06-13,42.35800552368164,44.8125,46.4375,40.5,45.0625,3350400
2000-06-14,40.17215347290039,42.5,46.625,42.203125,44.75,1513700
2000-06-15,41.17647933959961,43.5625,43.5625,42.25,42.3125,607800
2000-06-16,40.05402374267578,42.375,44.125,41.0625,44.09375,554200
2000-06-19,41.47185516357422,43.875,44.25,40.375,42.0,876200
2000-06-20,40.64477157592773,43.0,44.375,42.0,44.25,1572100
2000-06-21,37.690948486328125,39.875,42.25,39.0,42.15625,3325900
2000-06-22,37.21833038330078,39.375,40.75,39.3125,40.125,1716000
2000-06-23,35.682334899902344,37.75,39.875,37.6875,39.6875,839600
2000-06-26,32.78758239746094,34.6875,39.0,34.5,39.0,1351300
2000-06-27,27.58882713317871,29.1875,33.0,27.75,32.125,6598400
2000-06-28,33.43741226196289,35.375,36.0,32.875,32.9375,5696900
2000-06-29,31.369739532470703,33.1875,35.375,32.8125,34.5,3602300
2000-06-30,33.37834167480469,35.3125,37.375,31.0625,32.875,4067000
2000-07-03,33.673728942871094,35.625,37.375,35.5,36.375,536400
2000-07-05,31.2515811920166,33.0625,35.5,32.875,35.5,1390100
2000-07-06,32.55127716064453,34.4375,35.125,32.25,33.5,1351300
2000-07-07,35.3869514465332,37.4375,38.75,34.9375,35.0,1007900
2000-07-10,32.314971923828125,34.1875,37.875,33.0,37.5,1513900
2000-07-11,31.66511344909668,33.5,35.125,33.0625,34.5,1265000
2000-07-12,33.673728942871094,35.625,36.75,33.0,34.5,1638200
2000-07-13,35.091575622558594,37.125,37.9375,35.8125,35.875,1097200
2000-07-14,36.45033264160156,38.5625,40.25,37.125,37.1875,1129300
2000-07-17,36.686641693115234,38.8125,39.3125,36.625,39.0625,500200
2000-07-18,32.669429779052734,34.5625,38.4375,34.375,38.25,1537500
2000-07-19,30.54266166687012,32.3125,34.625,31.75,34.625,1471900
2000-07-20,30.129125595092773,31.875,34.1875,31.375,33.25,1318700
2000-07-21,28.71128273010254,30.375,31.75,29.375,31.34375,934000
2000-07-24,27.88421058654785,29.5,31.375,28.0,31.25,725100
2000-07-25,26.56975746154785,28.109375,30.125,28.0,29.875,1350400
2000-07-26,25.93467712402344,27.4375,28.375,26.375,28.375,2133800
2000-07-27,24.575916290283203,26.0,27.5,25.75,27.0625,1077400
2000-07-28,23.68976402282715,25.0625,26.5,24.3125,25.8125,1122100
2000-07-31,25.993751525878903,27.5,28.9375,24.125,25.8125,1213100
2000-08-01,24.753145217895508,26.1875,27.9375,24.75,27.875,1674300
2000-08-02,24.575916290283203,26.0,27.75,25.0625,26.0625,1118400
2000-08-03,23.63068389892578,25.0,25.75,20.3125,21.0,4367200
2000-08-04,21.149463653564453,22.375,25.6875,21.875,25.0625,1735900
2000-08-07,21.79931259155273,23.0625,23.9375,21.875,22.5625,1145700
2000-08-08,21.79931259155273,23.0625,23.75,22.625,22.75,657200
2000-08-09,22.21284484863281,23.5,24.25,23.125,23.8125,1024600
2000-08-10,21.97654151916504,23.25,24.625,22.625,23.9375,668500
2000-08-11,21.740232467651367,23.0,23.375,22.0,23.25,624900
2000-08-14,22.39007568359375,23.6875,24.125,22.625,23.375,701600
2000-08-15,25.04852867126465,26.5,27.125,23.890625,24.25,1751800
2000-08-16,25.58021545410156,27.0625,27.75,25.75,27.3125,1183800
2000-08-17,27.17528915405273,28.75,28.75,27.0625,27.375,777100
2000-08-18,28.474977493286133,30.125,31.0,28.75,28.8125,1437100
2000-08-21,28.238672256469727,29.875,31.875,29.375,31.25,1083400
2000-08-22,27.706981658935547,29.3125,30.25,28.5,30.125,605000
2000-08-23,28.94759178161621,30.625,30.75,27.5625,29.1875,597400
2000-08-24,29.36112594604492,31.0625,31.6875,30.5,30.5,1090800
2000-08-25,29.12482070922852,30.8125,31.25,30.0,31.09375,834100
2000-08-28,30.897127151489254,32.6875,33.0,31.25,31.3125,1359200
2000-08-29,32.01958465576172,33.875,34.5,33.0,33.0625,1508500
2000-08-30,32.137733459472656,34.0,34.5,32.625,34.0,1092800
2000-08-31,32.255889892578125,34.125,34.8125,33.5,34.5,1043200
2000-09-01,32.37404251098633,34.25,34.8125,33.5,34.1875,395100
2000-09-05,31.72419548034668,33.5625,34.25,33.375,34.1875,556600
2000-09-06,28.82943725585937,30.5,33.625,30.4375,33.4375,1262400
2000-09-07,30.897127151489254,32.6875,32.875,31.125,31.125,1061900
2000-09-08,28.179590225219727,29.8125,32.6875,29.5625,32.625,1428300
2000-09-11,27.706981658935547,29.3125,30.875,28.875,29.5625,609300
2000-09-12,27.64790725708008,29.25,31.625,28.875,29.8125,832000
2000-09-13,26.820831298828125,28.375,29.25,28.0,28.75,658100
2000-09-14,27.529747009277344,29.125,29.625,28.625,29.0625,466200
2000-09-15,25.993751525878903,27.5,29.375,27.25,29.25,405400
2000-09-18,25.34391212463379,26.8125,29.125,26.625,27.5625,667900
2000-09-19,26.76175308227539,28.3125,28.859375,26.0,26.875,1029300
2000-09-20,27.76605987548828,29.375,30.296875,28.625,28.75,842300
2000-09-21,26.28913688659668,27.8125,31.375,27.8125,29.375,372700
2000-09-22,24.81222152709961,26.25,27.125,25.25,25.5,1045300
2000-09-25,24.634994506835938,26.0625,27.625,25.875,26.625,636600
2000-09-26,23.158071517944336,24.5,26.375,24.125,26.25,516000
2000-09-27,22.44915580749512,23.75,25.5625,23.25,25.25,782200
2000-09-28,25.284832000732425,26.75,26.75,23.5,23.625,581300
2000-09-29,24.694068908691406,26.125,26.5,25.125,26.4375,554500
2000-10-02,23.63068389892578,25.0,26.625,24.625,26.4375,410600
2000-10-03,23.453458786010746,24.8125,26.0,24.75,25.25,931600
2000-10-04,24.5168399810791,25.9375,26.1875,23.875,25.25,417300
2000-10-05,24.575916290283203,26.0,26.4375,25.25,25.5,729100
2000-10-06,24.162378311157227,25.5625,26.125,25.1875,25.9375,659900
2000-10-09,24.28053092956543,25.6875,26.25,24.25,25.4375,482500
2000-10-10,21.149463653564453,22.375,25.5,22.0,25.375,1184400
2000-10-11,19.849777221679688,21.0,22.3125,20.0,22.25,1553200
2000-10-12,19.14085578918457,20.25,22.375,19.0,21.8125,1168100
2000-10-13,21.149463653564453,22.375,22.75,19.375,19.625,780300
2000-10-16,19.90885162353516,21.0625,22.875,20.9375,22.625,345200
2000-10-17,18.43193817138672,19.5,21.9375,19.375,21.25,697200
2000-10-18,18.19563102722168,19.25,20.8125,16.0,18.640625,719000
2000-10-19,19.849777221679688,21.0,21.3125,19.5625,19.625,1104200
2000-10-20,19.34762382507324,20.46875,21.3125,20.0625,20.375,550900
2000-10-23,19.022705078125,20.125,21.0625,19.25,20.0625,2141200
2000-10-24,19.19993019104004,20.3125,20.5,19.0625,19.78125,1417400
2000-10-25,17.42763328552246,18.4375,19.5625,17.75,19.5625,745900
2000-10-26,17.132246017456055,18.125,18.375,16.875,18.3125,701700
2000-10-27,17.663938522338867,18.6875,19.5,18.125,18.5,818600
2000-10-30,18.01839828491211,19.0625,19.5,18.5,18.5625,918500
2000-10-31,21.267616271972656,22.5,22.5,19.25,19.3125,1246200
2000-11-01,23.51253318786621,24.875,25.8125,22.375,23.0625,2565000
2000-11-02,24.930376052856445,26.375,27.0,26.125,26.4375,1566100
2000-11-03,24.634994506835938,26.0625,26.5,25.5,26.46875,1483100
2000-11-06,24.87129783630371,26.3125,26.5,25.9375,26.375,262200
2000-11-07,23.92606735229492,25.3125,26.4375,24.1875,26.125,536100
2000-11-08,22.44915580749512,23.75,25.5,23.625,25.3125,443100
2000-11-09,21.563003540039062,22.8125,23.0,20.75,22.375,1114100
2000-11-10,20.3814697265625,21.5625,22.0625,20.875,21.53125,697200
2000-11-13,20.91315650939941,22.125,23.125,20.4375,20.5625,755900
2000-11-14,21.740232467651367,23.0,23.875,22.375,22.4375,531800
2000-11-15,23.158071517944336,24.5,24.5625,22.9375,23.25,671700
2000-11-16,21.20854759216309,22.4375,24.25,22.0625,23.9375,480800
2000-11-17,20.795005798339844,22.0,23.0625,21.625,22.4375,285600
2000-11-20,20.3814697265625,21.5625,21.6875,20.625,21.625,398600
2000-11-21,19.37716293334961,20.5,21.5,19.8125,21.25,316900
2000-11-22,19.421470642089844,20.546875,21.1875,19.5,20.671875,396500
2000-11-24,20.3814697265625,21.5625,21.625,20.1875,21.0,209700
2000-11-27,18.31378173828125,19.375,22.25,19.0,21.875,1013000
2000-11-28,16.068866729736328,17.0,19.625,17.0,19.0625,977700
2000-11-29,14.946410179138184,15.8125,17.5625,15.375,16.5,1189300
2000-11-30,15.064562797546388,15.9375,16.0,14.125,14.125,800900
2000-12-01,16.127944946289062,17.0625,17.875,16.0,16.0,661100
2000-12-04,15.359944343566896,16.25,17.0,15.6875,17.0,430800
2000-12-05,16.895936965942383,17.875,18.0,16.25,16.375,423700
2000-12-06,14.828255653381348,15.6875,17.9375,15.5,17.6875,1022900
2000-12-07,14.946410179138184,15.8125,16.3125,14.75,15.5,335600
2000-12-08,16.836864471435547,17.8125,18.5,16.5625,16.625,668700
2000-12-11,17.486709594726562,18.5,18.9375,17.5625,17.6875,632200
2000-12-12,17.19132423400879,18.1875,18.5625,17.5,18.4375,358600
2000-12-13,15.53717803955078,16.4375,18.25,16.3125,18.0,373400
2000-12-14,14.591949462890623,15.4375,16.625,14.375,16.53125,1405400
2000-12-15,14.296565055847168,15.125,15.3125,14.25,14.875,484500
2000-12-18,13.646721839904783,14.4375,15.75,14.375,15.5,344100
2000-12-19,13.233184814453123,14.0,15.25,13.5,14.0,721800
2000-12-20,11.87442111968994,12.5625,13.4375,12.5,13.40625,1041000
2000-12-21,11.342727661132812,12.0,14.5,11.75,12.3125,1425000
2000-12-22,11.81534194946289,12.5,13.75,12.25,12.25,1015800
2000-12-26,12.642416000366213,13.375,13.6875,12.625,12.6875,1033900
2000-12-27,13.88302993774414,14.6875,14.75,13.375,13.4375,748300
2000-12-28,15.005486488342283,15.875,16.0,14.25,14.4375,1922200
2000-12-29,14.665793418884276,15.515625,16.3125,14.75,15.8125,1469300
2001-01-02,13.82395362854004,14.625,16.0,14.5625,15.5,967400
2001-01-03,17.25040626525879,18.25,18.625,14.0625,14.1875,2461700
2001-01-04,17.663938522338867,18.6875,19.5625,17.0625,17.9375,1685100
2001-01-05,17.30947494506836,18.3125,19.25,18.25,19.09375,1193300
2001-01-08,17.014095306396484,18.0,18.1875,16.9375,18.03125,505400
2001-01-09,17.72301483154297,18.75,18.9375,17.625,17.875,406900
2001-01-10,18.31378173828125,19.375,19.4375,18.0625,18.25,861500
2001-01-11,20.086076736450195,21.25,21.9375,18.875,19.0,1839000
2001-01-12,20.086076736450195,21.25,22.25,20.125,21.0,637100
2001-01-16,19.967931747436523,21.125,21.5,20.625,21.34375,723900
2001-01-17,21.20854759216309,22.4375,23.6875,21.5625,22.0625,854300
2001-01-18,21.267616271972656,22.5,23.6875,21.8125,22.1875,979000
2001-01-19,21.681154251098636,22.9375,23.75,22.8125,23.4375,612200
2001-01-22,22.330997467041016,23.625,23.625,21.5,22.8125,822200
2001-01-23,21.681154251098636,22.9375,23.875,22.5,23.5625,592100
2001-01-24,21.03131103515625,22.25,23.1875,21.875,23.0625,534900
2001-01-25,20.3814697265625,21.5625,22.625,21.125,22.125,343300
2001-01-26,20.3814697265625,21.5625,22.375,20.375,21.0,746200
2001-01-29,21.503925323486328,22.75,23.0,21.5625,21.90625,424800
2001-01-30,22.035619735717773,23.3125,23.5,22.6875,22.8125,635200
2001-01-31,21.503925323486328,22.75,24.125,22.375,22.875,1203900
2001-02-01,21.03131103515625,22.25,22.5,20.875,21.25,1347300
2001-02-02,19.613468170166016,20.75,22.25,20.6875,21.875,629300
2001-02-05,19.14085578918457,20.25,20.625,19.875,20.25,427000
2001-02-06,18.9045524597168,20.0,21.0625,19.9375,20.125,709600
2001-02-07,17.90024185180664,18.9375,19.875,18.3125,19.6875,747200
2001-02-08,17.486709594726562,18.5,19.5,18.4375,18.75,616800
2001-02-09,16.895936965942383,17.875,18.4375,17.6875,18.25,785500
2001-02-12,17.073169708251953,18.0625,18.75,17.5,17.8125,724000
2001-02-13,17.368555068969727,18.375,19.1875,18.125,18.125,610800
2001-02-14,19.731624603271484,20.875,21.125,18.3125,18.375,1236600
2001-02-15,21.563003540039062,22.8125,23.3125,21.6875,21.875,2137800
2001-02-16,20.44054412841797,21.625,21.875,20.625,21.8125,1046100
2001-02-20,18.491012573242188,19.5625,22.0,19.5,21.9375,777900
2001-02-21,18.55009078979492,19.625,20.4375,19.0,19.0625,956700
2001-02-22,18.60916519165039,19.6875,20.4375,18.6875,19.5625,960600
2001-02-23,18.668243408203125,19.75,19.75,18.4375,19.1875,813000
2001-02-26,18.727317810058597,19.8125,20.125,19.375,19.8125,435200
2001-02-27,17.368555068969727,18.375,19.8125,18.3125,19.75,609900
2001-02-28,15.419022560119627,16.3125,18.5625,16.3125,18.3125,1917300
2001-03-01,15.655329704284668,16.5625,16.625,15.0,15.125,2890900
2001-03-02,16.3051700592041,17.25,18.0625,15.375,15.5,938700
2001-03-05,17.30947494506836,18.3125,18.4375,17.1875,17.1875,459300
2001-03-06,18.19563102722168,19.25,19.4375,18.75,18.78125,699000
2001-03-07,16.541479110717773,17.5,18.9375,17.1875,18.125,2020400
2001-03-08,16.836864471435547,17.8125,17.8125,17.375,17.5,762100
2001-03-09,16.541479110717773,17.5,17.5,16.8125,16.875,1590200
2001-03-12,14.651025772094728,15.5,17.125,15.3125,16.9375,2524200
2001-03-13,16.836864471435547,17.8125,17.9375,15.5625,15.5625,1242200
2001-03-14,17.19132423400879,18.1875,18.5625,16.625,16.8125,1086400
2001-03-15,16.187021255493164,17.125,18.9375,17.0,18.1875,578300
2001-03-16,15.241791725158691,16.125,17.375,16.0,17.3125,702000
2001-03-19,16.246097564697266,17.1875,17.3125,16.0,16.0625,495500
2001-03-20,15.30086898803711,16.1875,17.625,16.0625,17.0625,417300
2001-03-21,15.59625244140625,16.5,17.25,16.1875,16.5,436000
2001-03-22,17.30947494506836,18.3125,18.625,16.5,16.5,519900
2001-03-23,18.491012573242188,19.5625,19.625,18.5625,18.75,1129600
2001-03-26,18.19563102722168,19.25,19.625,18.875,19.5,730400
2001-03-27,18.07747459411621,19.125,19.75,18.625,18.9375,474100
2001-03-28,16.777788162231445,17.75,18.875,17.5625,18.6875,370100
2001-03-29,16.187021255493164,17.125,17.875,16.5,17.65625,409200
2001-03-30,15.419022560119627,16.3125,17.125,16.1875,16.59375,518400
2001-04-02,14.76917839050293,15.625,17.0,15.375,16.3125,782900
2001-04-03,14.35564136505127,15.1875,15.8125,15.0,15.0625,551600
2001-04-04,14.060257911682127,14.875,15.4375,14.0625,15.125,972200
2001-04-05,15.182714462280272,16.0625,16.5,15.125,15.125,956000
2001-04-06,14.710101127624512,15.5625,16.125,15.25,15.5,514300
2001-04-09,14.244577407836914,15.06999969482422,15.899999618530272,14.699999809265137,15.350000381469728,444300
2001-04-10,15.71913242340088,16.6299991607666,16.780000686645508,15.149999618530272,15.149999618530272,747900
2001-04-11,16.777788162231445,17.75,18.0,17.040000915527344,17.049999237060547,1339500
2001-04-12,17.515066146850586,18.530000686645508,18.530000686645508,16.940000534057617,17.75,868900
2001-04-16,16.88176155090332,17.860000610351562,18.649999618530277,17.25,18.25,557700
2001-04-17,16.598194122314453,17.559999465942383,18.200000762939453,17.200000762939453,17.799999237060547,367500
2001-04-18,18.14836311340332,19.200000762939453,20.1299991607666,18.700000762939453,18.799999237060547,1619100
2001-04-19,19.89703941345215,21.049999237060547,21.25,19.299999237060547,19.3799991607666,1070600
2001-04-20,18.999069213867188,20.100000381469727,21.0,19.950000762939453,20.84000015258789,590100
2001-04-23,17.808088302612305,18.84000015258789,20.01000022888184,18.63999938964844,20.0,299500
2001-04-24,17.20313835144043,18.200000762939453,19.75,18.100000381469727,18.76000022888184,365500
2001-04-25,18.19563102722168,19.25,19.350000381469727,17.770000457763672,18.06999969482422,502700
2001-04-26,17.817537307739258,18.850000381469727,19.649999618530277,18.799999237060547,19.09000015258789,702100
2001-04-27,19.604019165039062,20.739999771118164,20.90999984741211,19.030000686645508,19.09000015258789,1686700
2001-04-30,20.55869674682617,21.75,22.239999771118164,21.020000457763672,21.25,1074300
2001-05-01,21.62680435180664,22.8799991607666,23.309999465942383,21.290000915527344,21.540000915527344,990400
2001-05-02,22.326271057128903,23.6200008392334,24.200000762939453,22.600000381469727,23.200000762939453,1233400
2001-05-03,21.01240539550781,22.229999542236328,23.25,22.11000061035156,23.25,726400
2001-05-04,21.267616271972656,22.5,22.76000022888184,21.399999618530277,21.709999084472656,374100
2001-05-07,21.740232467651367,23.0,23.100000381469727,22.299999237060547,22.32999992370605,417000
2001-05-08,23.03519630432129,24.3700008392334,24.5,23.01000022888184,23.25,1133900
2001-05-09,22.92176628112793,24.25,24.71999931335449,23.530000686645508,23.799999237060547,1147700
2001-05-10,22.82723617553711,24.149999618530277,26.239999771118164,24.100000381469727,26.0,1660600
2001-05-11,21.702423095703125,22.959999084472656,24.5,22.899999618530277,24.5,819700
2001-05-14,20.95569229125977,22.170000076293945,23.1299991607666,21.780000686645508,23.09000015258789,405900
2001-05-15,21.844207763671875,23.11000061035156,23.200000762939453,22.0,22.200000762939453,1215500
2001-05-16,22.43024635314941,23.729999542236328,24.0,22.0,22.850000381469727,1155700
2001-05-17,23.63068389892578,25.0,25.0,23.6200008392334,23.799999237060547,742300
2001-05-18,21.466114044189453,22.709999084472656,23.450000762939453,22.649999618530277,23.229999542236328,4405300
2001-05-21,21.418855667114254,22.65999984741211,23.07999992370605,22.200000762939453,22.649999618530277,2125200
2001-05-22,21.286518096923828,22.520000457763672,23.06999969482422,22.25,22.920000076293945,1529900
2001-05-23,20.057727813720703,21.21999931335449,22.540000915527344,20.8700008392334,22.5,1768700
2001-05-24,18.9707145690918,20.06999969482422,21.399999618530277,19.76000022888184,21.18000030517578,1502200
2001-05-25,19.093599319458008,20.200000762939453,20.56999969482422,19.76000022888184,20.149999618530277,844400
2001-05-29,18.403573989868164,19.46999931335449,19.950000762939453,19.25,19.57999992370605,801200
2001-05-30,17.836441040039062,18.8700008392334,19.190000534057617,18.38999938964844,19.190000534057617,2017900
2001-05-31,18.46029281616211,19.530000686645508,19.63999938964844,18.81999969482422,19.059999465942383,987900
2001-06-01,18.781667709350582,19.8700008392334,19.899999618530277,19.100000381469727,19.600000381469727,645800
2001-06-04,18.91399955749512,20.01000022888184,20.11000061035156,19.549999237060547,19.88999938964844,692400
2001-06-05,20.662673950195312,21.86000061035156,22.100000381469727,19.950000762939453,19.979999542236328,1536800
2001-06-06,19.86868095397949,21.020000457763672,21.799999237060547,21.0,21.799999237060547,516400
2001-06-07,21.31487464904785,22.549999237060547,22.56999969482422,20.729999542236328,21.040000915527344,1963600
2001-06-08,21.485017776489254,22.729999542236328,23.09000015258789,21.979999542236328,22.40999984741211,1246600
2001-06-11,20.681581497192383,21.8799991607666,22.709999084472656,21.6299991607666,22.51000022888184,752900
2001-06-12,21.36214256286621,22.600000381469727,22.700000762939453,21.0,21.82999992370605,559700
2001-06-13,21.30542755126953,22.540000915527344,23.5,22.420000076293945,22.75,1601100
2001-06-14,20.11443901062012,21.280000686645508,22.5,21.190000534057617,22.3799991607666,643300
2001-06-15,19.89703941345215,21.049999237060547,21.450000762939453,20.0,21.13999938964844,810700
2001-06-18,19.112499237060547,20.21999931335449,21.229999542236328,20.209999084472656,21.190000534057617,470200
2001-06-19,18.47919273376465,19.549999237060547,21.0,19.440000534057617,20.709999084472656,689000
2001-06-20,18.564266204833984,19.63999938964844,19.84000015258789,18.299999237060547,19.549999237060547,1185200
2001-06-21,18.356319427490234,19.420000076293945,19.8799991607666,18.649999618530277,19.84000015258789,436100
2001-06-22,18.772218704223636,19.86000061035156,20.420000076293945,19.25,19.68000030517578,663700
2001-06-25,18.71550178527832,19.799999237060547,20.280000686645508,19.3799991607666,19.850000381469727,575500
2001-06-26,18.75331115722656,19.84000015258789,20.13999938964844,19.36000061035156,19.68000030517578,592500
2001-06-27,18.488643646240234,19.559999465942383,20.200000762939453,19.450000762939453,19.979999542236328,440900
2001-06-28,20.14280128479004,21.309999465942383,21.440000534057617,19.739999771118164,19.75,854200
2001-06-29,20.889528274536133,22.100000381469727,22.649999618530277,21.049999237060547,21.520000457763672,1749200
2001-07-02,21.24871253967285,22.479999542236328,22.75,21.690000534057617,22.06999969482422,627700
2001-07-03,20.634315490722656,21.82999992370605,22.32999992370605,20.520000457763672,20.770000457763672,935000
2001-07-05,19.339353561401367,20.459999084472656,21.399999618530277,20.420000076293945,21.239999771118164,677200
2001-07-06,17.93096160888672,18.96999931335449,20.350000381469727,18.649999618530277,20.07999992370605,751300
2001-07-09,17.883703231811523,18.920000076293945,19.190000534057617,18.46999931335449,19.09000015258789,789000
2001-07-10,17.023550033569336,18.010000228881836,19.25,17.729999542236328,19.149999618530277,1138500
2001-07-11,16.872310638427734,17.850000381469727,18.450000762939453,17.520000457763672,17.989999771118164,811800
2001-07-12,18.14836311340332,19.200000762939453,19.5,18.350000381469727,18.36000061035156,1423200
2001-07-13,18.03493881225586,19.07999992370605,19.38999938964844,18.57999992370605,19.350000381469727,611200
2001-07-16,16.6549072265625,17.6200008392334,19.049999237060547,17.6200008392334,19.0,342300
2001-07-17,17.316566467285156,18.31999969482422,18.43000030517578,16.799999237060547,17.489999771118164,788200
2001-07-18,16.692718505859375,17.65999984741211,18.030000686645508,17.299999237060547,17.920000076293945,568300
2001-07-19,17.52451515197754,18.540000915527344,19.09000015258789,17.6299991607666,17.850000381469727,1239100
2001-07-20,16.446958541870117,17.399999618530273,18.3700008392334,17.299999237060547,18.36000061035156,740900
2001-07-23,16.05941390991211,16.989999771118164,17.700000762939453,16.850000381469727,17.690000534057617,471700
2001-07-24,15.151996612548828,16.030000686645508,17.049999237060547,15.850000381469728,16.899999618530273,704800
2001-07-25,15.104734420776367,15.979999542236328,16.06999969482422,15.380000114440918,15.75,1429400
2001-07-26,16.021604537963867,16.950000762939453,17.079999923706055,15.649999618530272,15.699999809265137,1417100
2001-07-27,16.711624145507812,17.68000030517578,18.149999618530277,16.700000762939453,17.0,965000
2001-07-30,16.730525970458984,17.700000762939453,17.8799991607666,17.190000534057617,17.8799991607666,751800
2001-07-31,17.20313835144043,18.200000762939453,18.450000762939453,17.6299991607666,17.639999389648438,629600
2001-08-01,17.97822380065918,19.020000457763672,20.25,18.559999465942383,18.600000381469727,1163200
2001-08-02,17.997135162353516,19.040000915527344,19.700000762939453,18.82999992370605,19.649999618530277,869000
2001-08-03,17.817537307739258,18.850000381469727,19.0,18.0,18.979999542236328,320600
2001-08-06,17.335472106933594,18.34000015258789,18.96999931335449,18.270000457763672,18.5,183200
2001-08-07,17.061355590820312,18.049999237060547,18.299999237060547,17.530000686645508,18.299999237060547,379900
2001-08-08,16.825048446655273,17.799999237060547,18.920000076293945,17.56999969482422,17.950000762939453,877400
2001-08-09,16.6549072265625,17.6200008392334,18.26000022888184,17.06999969482422,17.809999465942383,375300
2001-08-10,16.76833724975586,17.739999771118164,17.829999923706055,16.899999618530273,17.469999313354492,288500
2001-08-13,16.99519157409668,17.979999542236328,18.18000030517578,17.809999465942383,17.81999969482422,293800
2001-08-14,16.673810958862305,17.639999389648438,18.200000762939453,17.639999389648438,18.190000534057617,127300
2001-08-15,16.503671646118164,17.459999084472656,18.25,17.110000610351562,18.0,353200
2001-08-16,15.615157127380373,16.520000457763672,17.25,15.949999809265137,17.25,869500
2001-08-17,15.0291166305542,15.899999618530272,16.25,15.720000267028809,16.25,374800
2001-08-20,14.93459415435791,15.800000190734863,16.1299991607666,15.65999984741211,15.899999618530272,337600
2001-08-21,14.405267715454102,15.239999771118164,15.949999809265137,15.149999618530272,15.9399995803833,663000
2001-08-22,14.755001068115234,15.609999656677246,15.890000343322754,15.25,15.3100004196167,1251000
2001-08-23,14.840069770812988,15.699999809265137,15.989999771118164,15.390000343322754,15.520000457763672,513100
2001-08-24,15.634062767028809,16.540000915527344,16.56999969482422,15.760000228881836,15.960000038146973,531100
2001-08-27,15.662420272827148,16.56999969482422,17.0,16.25,16.5,1006300
2001-08-28,15.520633697509766,16.420000076293945,16.920000076293945,16.18000030517578,16.559999465942383,783000
2001-08-29,14.915688514709473,15.779999732971191,16.5,15.300000190734863,16.399999618530273,1045300
2001-08-30,14.906238555908203,15.770000457763672,15.899999618530272,15.1899995803833,15.649999618530272,734400
2001-08-31,15.482829093933104,16.3799991607666,16.549999237060547,15.600000381469728,15.739999771118164,811600
2001-09-04,15.44501781463623,16.34000015258789,17.239999771118164,16.0,16.280000686645508,1488800
2001-09-05,14.452527046203612,15.289999961853027,16.3700008392334,15.010000228881836,16.18000030517578,712800
2001-09-06,13.724702835083008,14.520000457763672,15.300000190734863,14.199999809265137,15.289999961853027,783500
2001-09-07,13.753060340881348,14.550000190734863,15.079999923706056,14.25,14.399999618530272,966400
2001-09-10,14.29183864593506,15.119999885559082,15.149999618530272,14.369999885559082,14.399999618530272,588100
2001-09-17,12.94961643218994,13.699999809265137,14.359999656677246,13.100000381469728,13.25,583400
2001-09-18,12.316312789916992,13.029999732971191,14.350000381469728,12.770000457763672,13.600000381469728,913500
2001-09-19,11.295467376708984,11.949999809265137,13.5,10.6899995803833,13.5,1758300
2001-09-20,10.822854042053224,11.449999809265137,12.100000381469728,11.270000457763672,11.520000457763672,1048800
2001-09-21,10.728331565856934,11.350000381469728,11.5,10.25,10.789999961853027,1501100
2001-09-24,11.011899948120115,11.649999618530272,12.25,11.5,12.06999969482422,963200
2001-09-25,11.13477897644043,11.779999732971191,11.850000381469728,11.06999969482422,11.800000190734863,1323700
2001-09-26,10.435312271118164,11.039999961853027,12.0,10.850000381469728,12.0,886900
2001-09-27,10.161192893981934,10.75,10.880000114440918,9.800000190734863,10.800000190734863,1035500
2001-09-28,9.943793296813965,10.520000457763672,10.949999809265137,10.199999809265137,10.81999969482422,1479000
2001-10-01,9.187610626220703,9.720000267028809,10.649999618530272,9.68000030517578,10.100000381469728,713500
2001-10-02,8.932397842407227,9.449999809265137,9.899999618530272,9.25,9.479999542236328,927400
2001-10-03,8.904044151306152,9.420000076293944,9.789999961853027,9.0,9.3100004196167,2484800
2001-10-04,10.35969352722168,10.960000038146973,11.369999885559082,9.640000343322754,9.699999809265137,2113700
2001-10-05,10.000506401062012,10.579999923706056,10.81999969482422,10.199999809265137,10.760000228881836,853300
2001-10-08,10.964637756347656,11.600000381469728,11.75,10.210000038146973,10.300000190734863,841000
2001-10-09,10.227361679077148,10.81999969482422,11.649999618530272,10.699999809265137,11.649999618530272,464500
2001-10-10,10.444764137268066,11.050000190734863,11.199999809265137,10.5600004196167,10.760000228881836,539400
2001-10-11,11.786986351013184,12.470000267028809,12.81999969482422,11.399999618530272,11.399999618530272,759000
2001-10-12,11.76808261871338,12.449999809265137,12.699999809265137,11.760000228881836,12.460000038146973,573400
2001-10-15,11.248208045959473,11.899999618530272,12.25,11.649999618530272,12.25,433200
2001-10-16,11.342727661132812,12.0,12.020000457763672,11.369999885559082,11.539999961853027,638500
2001-10-17,10.293524742126465,10.890000343322754,12.449999809265137,10.880000114440918,12.25,894600
2001-10-18,10.454217910766602,11.0600004196167,11.229999542236328,10.789999961853027,11.0,374800
2001-10-19,10.567644119262695,11.18000030517578,11.34000015258789,10.84000015258789,11.020000457763672,201900
2001-10-22,10.898470878601074,11.529999732971191,11.579999923706056,10.75,11.09000015258789,252800
2001-10-23,10.5865478515625,11.199999809265137,12.0,11.15999984741211,11.359999656677246,355800
2001-10-24,11.531774520874023,12.199999809265137,12.34000015258789,11.079999923706056,11.3100004196167,593200
2001-10-25,11.342727661132812,12.0,12.010000228881836,11.149999618530272,11.979999542236328,2109200
2001-10-26,12.67549991607666,13.40999984741211,13.81999969482422,11.75,11.760000228881836,2525300
2001-10-29,12.004386901855469,12.699999809265137,13.609999656677246,12.579999923706056,13.460000038146973,582200
2001-10-30,11.626297950744627,12.300000190734863,12.65999984741211,12.0600004196167,12.550000190734863,405800
2001-10-31,11.76808261871338,12.449999809265137,13.079999923706056,12.3100004196167,12.3100004196167,618800
2001-11-01,12.760571479797363,13.5,13.770000457763672,12.449999809265137,12.460000038146973,776200
2001-11-02,12.826736450195312,13.56999969482422,13.920000076293944,13.06999969482422,13.600000381469728,377100
2001-11-05,13.27099323272705,14.039999961853027,14.079999923706056,13.619999885559082,13.649999618530272,592100
2001-11-06,13.384418487548828,14.15999984741211,14.220000267028809,13.75,14.029999732971191,1126200
2001-11-07,13.460038185119627,14.239999771118164,14.350000381469728,13.850000381469728,14.149999618530272,1044100
2001-11-08,13.686893463134766,14.479999542236328,15.630000114440918,14.279999732971191,14.289999961853027,2060900
2001-11-09,13.894843101501465,14.699999809265137,14.960000038146973,14.399999618530272,14.420000076293944,443100
2001-11-12,13.913747787475586,14.720000267028809,15.300000190734863,14.25,14.90999984741211,1044900
2001-11-13,14.698286056518556,15.550000190734863,15.630000114440918,15.0,15.010000228881836,544600
2001-11-14,15.057473182678224,15.93000030517578,16.049999237060547,15.350000381469728,15.649999618530272,721700
2001-11-15,15.28432846069336,16.170000076293945,16.489999771118164,15.489999771118164,15.710000038146973,1023200
2001-11-16,14.669930458068848,15.520000457763672,16.530000686645508,15.5,16.110000610351562,658800
2001-11-19,14.461980819702148,15.300000190734863,15.949999809265137,15.100000381469728,15.460000038146973,451100
2001-11-20,13.497848510742188,14.279999732971191,15.529999732971191,14.050000190734863,15.300000190734863,1383500
2001-11-21,13.403325080871582,14.18000030517578,14.75,13.9399995803833,14.09000015258789,809500
2001-11-23,13.989368438720703,14.800000190734863,14.899999618530272,14.09000015258789,14.100000381469728,129600
2001-11-26,14.178409576416016,15.0,15.100000381469728,14.68000030517578,14.779999732971191,1193200
2001-11-27,14.726643562316896,15.579999923706056,15.75,14.800000190734863,15.039999961853027,2083900
2001-11-28,14.329648971557615,15.15999984741211,15.720000267028809,15.149999618530272,15.420000076293944,852200
2001-11-29,14.773906707763672,15.630000114440918,15.630000114440918,14.979999542236328,15.380000114440918,692300
2001-11-30,14.717191696166992,15.56999969482422,15.729999542236328,14.949999809265137,15.279999732971191,653500
2001-12-03,14.556504249572754,15.399999618530272,15.739999771118164,15.300000190734863,15.300000190734863,776800
2001-12-04,15.624611854553224,16.530000686645508,16.540000915527344,15.489999771118164,15.5,1058400
2001-12-05,17.032997131347656,18.020000457763672,18.450000762939453,16.5,16.5,1825600
2001-12-06,16.673810958862305,17.639999389648438,18.18000030517578,17.459999084472656,18.170000076293945,1089700
2001-12-07,16.68326187133789,17.649999618530273,18.06999969482422,17.389999389648438,17.600000381469727,883600
2001-12-10,16.182294845581055,17.1200008392334,18.170000076293945,16.899999618530273,17.510000228881836,984100
2001-12-11,16.068866729736328,17.0,17.799999237060547,16.920000076293945,17.350000381469727,1188900
2001-12-12,16.03105354309082,16.959999084472656,17.399999618530273,16.549999237060547,17.049999237060547,651200
2001-12-13,14.906238555908203,15.770000457763672,16.770000457763672,15.59000015258789,16.770000457763672,1033100
2001-12-14,14.840069770812988,15.699999809265137,15.949999809265137,14.899999618530272,15.710000038146973,1415900
2001-12-17,15.37885284423828,16.270000457763672,16.350000381469727,15.5600004196167,15.600000381469728,719400
2001-12-18,15.454474449157717,16.350000381469727,16.690000534057617,15.979999542236328,16.34000015258789,633300
2001-12-19,15.189805030822754,16.06999969482422,16.6299991607666,15.9399995803833,16.3700008392334,1458500
2001-12-20,14.168957710266112,14.989999771118164,16.100000381469727,14.800000190734863,16.100000381469727,655000
2001-12-21,14.613216400146484,15.460000038146973,15.5,14.859999656677246,15.020000457763672,548200
2001-12-24,14.49033546447754,15.329999923706056,15.600000381469728,15.3100004196167,15.3100004196167,245200
2001-12-26,14.57540798187256,15.420000076293944,15.800000190734863,15.229999542236328,15.300000190734863,149200
2001-12-27,14.887333869934082,15.75,15.770000457763672,15.399999618530272,15.460000038146973,91200
2001-12-28,15.085829734802246,15.960000038146973,16.350000381469727,15.770000457763672,15.779999732971191,345200
2001-12-31,15.151996612548828,16.030000686645508,16.18000030517578,15.770000457763672,15.960000038146973,652000
2002-01-02,15.68132209777832,16.59000015258789,16.610000610351562,15.899999618530272,16.299999237060547,359000
2002-01-03,17.118066787719727,18.11000061035156,18.190000534057617,16.549999237060547,16.649999618530273,991200
2002-01-04,17.97822380065918,19.020000457763672,19.26000022888184,18.190000534057617,18.200000762939453,1584100
2002-01-07,17.448898315429688,18.459999084472656,19.950000762939453,18.3700008392334,19.600000381469727,621900
2002-01-08,17.949871063232422,18.989999771118164,19.270000457763672,18.51000022888184,18.520000457763672,870600
2002-01-09,18.337411880493164,19.399999618530277,19.81999969482422,19.100000381469727,19.11000061035156,1243600
2002-01-10,18.214534759521484,19.270000457763672,19.5,18.76000022888184,19.350000381469727,1017200
2002-01-11,18.09165382385254,19.13999938964844,19.61000061035156,18.780000686645508,19.270000457763672,869900
2002-01-14,18.309059143066406,19.3700008392334,19.399999618530277,18.57999992370605,19.0,1000600
2002-01-15,18.24288558959961,19.299999237060547,19.450000762939453,18.780000686645508,19.36000061035156,745700
2002-01-16,17.05190658569336,18.040000915527344,18.899999618530277,18.0,18.8799991607666,1175900
2002-01-17,17.25040626525879,18.25,18.5,17.399999618530273,18.25,897300
2002-01-18,16.758886337280273,17.729999542236328,18.07999992370605,17.479999542236328,17.850000381469727,647300
2002-01-22,16.05941390991211,16.989999771118164,17.950000762939453,16.81999969482422,17.75,506200
2002-01-23,16.79669189453125,17.770000457763672,17.829999923706055,17.0,17.0,652400
2002-01-24,16.815597534179688,17.790000915527344,18.5,17.709999084472656,17.799999237060547,340100
2002-01-25,17.392183303833008,18.399999618530277,18.489999771118164,17.520000457763672,17.520000457763672,1419300
2002-01-28,17.666301727294922,18.690000534057617,19.0,18.25,18.3700008392334,731900
2002-01-29,16.957378387451172,17.940000534057617,18.90999984741211,17.65999984741211,18.700000762939453,733700
2002-01-30,17.628490447998047,18.649999618530277,18.700000762939453,17.549999237060547,17.809999465942383,589400
2002-01-31,17.04245376586914,18.030000686645508,19.0,17.56999969482422,18.399999618530277,2001000
2002-02-01,16.550931930541992,17.510000228881836,18.049999237060547,17.5,17.90999984741211,797300
2002-02-04,15.87982177734375,16.799999237060547,17.780000686645508,16.299999237060547,17.75,1676800
2002-02-05,15.397754669189451,16.290000915527344,16.709999084472656,16.049999237060547,16.709999084472656,2030200
2002-02-06,15.265422821044922,16.149999618530273,16.549999237060547,15.869999885559082,16.350000381469727,1233200
2002-02-07,14.178409576416016,15.0,16.170000076293945,15.0,16.100000381469727,1179900
2002-02-08,13.875940322875977,14.68000030517578,15.029999732971191,14.0,14.899999618530272,2879400
2002-02-11,14.792810440063477,15.649999618530272,15.649999618530272,14.56999969482422,14.699999809265137,1506100
2002-02-12,14.584857940673828,15.43000030517578,15.630000114440918,14.720000267028809,15.449999809265137,639100
2002-02-13,15.038568496704102,15.90999984741211,16.09000015258789,15.289999961853027,15.399999618530272,948300
2002-02-14,14.461980819702148,15.300000190734863,16.200000762939453,15.300000190734863,15.920000076293944,534000
2002-02-15,14.225674629211426,15.050000190734863,15.300000190734863,14.8100004196167,15.210000038146973,603400
2002-02-19,13.289898872375488,14.0600004196167,15.050000190734863,13.979999542236328,15.0,841300
2002-02-20,13.497848510742188,14.279999732971191,14.449999809265137,13.6899995803833,14.039999961853027,1189900
2002-02-21,12.373028755187988,13.09000015258789,14.289999961853027,13.0,14.279999732971191,1171800
2002-02-22,12.287958145141602,13.0,13.25,12.399999618530272,13.149999618530272,1283800
2002-02-25,13.034687042236328,13.789999961853027,13.81999969482422,12.789999961853027,13.100000381469728,1116500
2002-02-26,13.318254470825195,14.09000015258789,14.4399995803833,13.829999923706056,13.869999885559082,1805400
2002-02-27,13.280447959899902,14.050000190734863,14.399999618530272,13.779999732971191,14.199999809265137,907000
2002-02-28,13.119757652282717,13.880000114440918,14.210000038146973,13.649999618530272,14.010000228881836,852400
2002-03-01,15.738040924072266,16.649999618530273,16.649999618530273,14.630000114440918,14.630000114440918,3242800
2002-03-04,17.609582901000977,18.6299991607666,18.950000762939453,16.639999389648438,16.649999618530273,3784500
2002-03-05,18.346864700317383,19.40999984741211,19.43000030517578,18.530000686645508,18.530000686645508,2163400
2002-03-06,18.223987579345703,19.280000686645508,19.549999237060547,18.6299991607666,19.3700008392334,1286200
2002-03-07,18.29960823059082,19.36000061035156,19.90999984741211,19.100000381469727,19.25,1360300
2002-03-08,19.30154609680176,20.420000076293945,20.450000762939453,19.59000015258789,19.59000015258789,1454700
2002-03-11,19.074695587158203,20.18000030517578,20.799999237060547,19.75,20.26000022888184,1218700
2002-03-12,18.819482803344727,19.90999984741211,20.3700008392334,19.43000030517578,19.75,996000
2002-03-13,18.517004013061523,19.59000015258789,19.799999237060547,18.899999618530277,19.63999938964844,1090200
2002-03-14,18.517004013061523,19.59000015258789,20.200000762939453,19.25,19.559999465942383,612300
2002-03-15,19.093599319458008,20.200000762939453,20.38999938964844,19.520000457763672,19.6299991607666,551900
2002-03-18,19.566211700439453,20.700000762939453,21.149999618530277,20.190000534057617,20.239999771118164,1407100
2002-03-19,20.001012802124023,21.15999984741211,21.190000534057617,20.57999992370605,20.57999992370605,780100
2002-03-20,19.67018318176269,20.809999465942383,21.5,20.299999237060547,20.88999938964844,1118900
2002-03-21,19.88758659362793,21.040000915527344,21.850000381469727,20.489999771118164,21.799999237060547,2261500
2002-03-22,19.707990646362305,20.850000381469727,21.290000915527344,20.700000762939453,21.049999237060547,911300
2002-03-25,19.18811416625977,20.299999237060547,21.38999938964844,19.950000762939453,20.799999237060547,759000
2002-03-26,19.093599319458008,20.200000762939453,20.75,19.86000061035156,20.299999237060547,787600
2002-03-27,19.84032249450684,20.989999771118164,21.290000915527344,20.13999938964844,20.13999938964844,1378900
2002-03-28,21.088024139404297,22.309999465942383,22.309999465942383,21.01000022888184,21.13999938964844,1496100
2002-04-01,21.333784103393555,22.56999969482422,22.690000534057617,21.100000381469727,22.030000686645508,1317100
2002-04-02,20.653221130371094,21.850000381469727,22.5,21.84000015258789,22.479999542236328,657300
2002-04-03,20.19951057434082,21.3700008392334,22.01000022888184,20.989999771118164,21.799999237060547,962700
2002-04-04,20.634315490722656,21.82999992370605,22.350000381469727,21.0,21.11000061035156,950200
2002-04-05,20.795005798339844,22.0,22.3700008392334,21.649999618530277,21.959999084472656,1089000
2002-04-08,20.908435821533203,22.1200008392334,22.43000030517578,21.15999984741211,21.5,810500
2002-04-09,19.7552547454834,20.899999618530277,22.450000762939453,20.729999542236328,22.25,1214000
2002-04-10,19.745800018310547,20.88999938964844,21.350000381469727,20.71999931335449,21.049999237060547,1371400
2002-04-11,18.9045524597168,20.0,21.049999237060547,19.950000762939453,20.850000381469727,1683200
2002-04-12,19.197566986083984,20.309999465942383,20.68000030517578,19.88999938964844,20.149999618530277,801800
2002-04-15,20.416915893554688,21.600000381469727,21.709999084472656,20.32999992370605,20.399999618530277,890400
2002-04-16,22.36408233642578,23.65999984741211,23.65999984741211,22.059999465942383,22.06999969482422,2449100
2002-04-17,22.92176628112793,24.25,24.790000915527344,23.600000381469727,23.61000061035156,3384400
2002-04-18,21.768590927124023,23.030000686645508,24.200000762939453,22.90999984741211,24.190000534057617,1317400
2002-04-19,21.267616271972656,22.5,23.229999542236328,22.15999984741211,23.149999618530277,684900
2002-04-22,20.10498809814453,21.270000457763672,22.350000381469727,20.940000534057617,22.280000686645508,1721300
2002-04-23,20.029369354248047,21.190000534057617,21.950000762939453,21.170000076293945,21.309999465942383,770700
2002-04-24,19.04633140563965,20.149999618530277,21.43000030517578,20.059999465942383,21.3700008392334,1262300
2002-04-25,18.45084571838379,19.520000457763672,20.149999618530277,19.059999465942383,20.1200008392334,2311100
2002-04-26,17.486709594726562,18.5,20.049999237060547,18.239999771118164,19.65999984741211,1182800
2002-04-29,17.505613327026367,18.520000457763672,19.09000015258789,18.34000015258789,18.600000381469727,1137700
2002-04-30,18.999069213867188,20.100000381469727,20.149999618530277,18.5,18.549999237060547,2089600
2002-05-01,19.197566986083984,20.309999465942383,20.63999938964844,18.93000030517578,20.1299991607666,1671700
2002-05-02,18.375221252441406,19.440000534057617,20.88999938964844,18.959999084472656,20.31999969482422,1869100
2002-05-03,16.314626693725586,17.260000228881836,18.6200008392334,16.5,18.6200008392334,4329100
2002-05-06,15.775848388671877,16.690000534057617,17.389999389648438,16.59000015258789,17.139999389648438,1584400
2002-05-07,15.79474639892578,16.709999084472656,17.0,15.93000030517578,16.799999237060547,1062300
2002-05-08,17.515066146850586,18.530000686645508,18.540000915527344,17.260000228881836,17.360000610351562,1262400
2002-05-09,16.664358139038086,17.6299991607666,18.540000915527344,17.3799991607666,18.489999771118164,997000
2002-05-10,15.78529453277588,16.700000762939453,17.649999618530273,16.540000915527344,17.610000610351562,1237900
2002-05-13,16.985740661621094,17.969999313354492,18.0,16.709999084472656,17.110000610351562,1245700
2002-05-14,18.441387176513672,19.51000022888184,19.71999931335449,18.5,18.850000381469727,1837300
2002-05-15,18.29015350341797,19.350000381469727,19.86000061035156,18.65999984741211,19.0,1791200
2002-05-16,18.29015350341797,19.350000381469727,19.450000762939453,18.81999969482422,19.440000534057617,650100
2002-05-17,17.893156051635742,18.93000030517578,19.75,18.540000915527344,19.690000534057617,838200
2002-05-20,16.664358139038086,17.6299991607666,18.75,17.540000915527344,18.739999771118164,1499400
2002-05-21,16.2390079498291,17.18000030517578,17.989999771118164,17.1200008392334,17.65999984741211,1189100
2002-05-22,15.80420207977295,16.719999313354492,17.350000381469727,16.229999542236328,17.110000610351562,1259600
2002-05-23,15.756939888000488,16.670000076293945,16.860000610351562,15.989999771118164,16.700000762939453,1008100
2002-05-24,14.953497886657717,15.81999969482422,16.299999237060547,15.5600004196167,16.299999237060547,1803200
2002-05-28,14.59431266784668,15.4399995803833,16.09000015258789,15.100000381469728,15.970000267028809,1667700
2002-05-29,14.074438095092772,14.890000343322754,15.359999656677246,14.6899995803833,15.25,1185100
2002-05-30,13.979915618896484,14.789999961853027,14.970000267028809,14.760000228881836,14.760000228881836,1008500
2002-05-31,14.05553150177002,14.869999885559082,15.210000038146973,14.460000038146973,14.8100004196167,607000
2002-06-03,12.94961643218994,13.699999809265137,14.970000267028809,13.670000076293944,14.869999885559082,928500
2002-06-04,13.289898872375488,14.0600004196167,14.380000114440918,13.0600004196167,13.729999542236328,1357800
2002-06-05,12.807833671569824,13.550000190734863,14.380000114440918,13.170000076293944,14.149999618530272,1614700
2002-06-06,12.287958145141602,13.0,13.520000457763672,12.68000030517578,13.489999771118164,1124900
2002-06-07,11.683011054992676,12.359999656677246,12.600000381469728,11.899999618530272,11.989999771118164,1724800
2002-06-10,11.286014556884766,11.9399995803833,12.75,11.75,12.359999656677246,1221300
2002-06-11,10.293524742126465,10.890000343322754,12.239999771118164,10.720000267028809,12.050000190734863,2282000
2002-06-12,10.246264457702637,10.84000015258789,11.3100004196167,10.359999656677246,10.770000457763672,1712700
2002-06-13,9.594057083129885,10.149999618530272,11.039999961853027,10.100000381469728,10.5,1593500
2002-06-14,9.386109352111816,9.93000030517578,10.210000038146973,9.399999618530272,10.100000381469728,1864400
2002-06-17,8.658283233642578,9.15999984741211,9.949999809265137,9.010000228881836,9.399999618530272,2869300
2002-06-18,8.365262985229492,8.850000381469727,9.65999984741211,8.75,9.1899995803833,1919400
2002-06-19,6.6165924072265625,7.0,8.880000114440918,6.900000095367432,8.829999923706055,3039500
2002-06-20,6.1628828048706055,6.519999980926514,7.75,6.480000019073486,7.019999980926514,2316800
2002-06-21,4.82066011428833,5.099999904632568,6.699999809265137,4.800000190734863,6.670000076293945,3146000
2002-06-24,5.302725791931152,5.610000133514404,6.050000190734863,5.0,5.139999866485596,2917200
2002-06-25,3.686387538909912,3.900000095367432,6.099999904632568,3.619999885559082,6.059999942779541,4308500
2002-06-26,4.9246344566345215,5.210000038146973,5.599999904632568,3.75,3.890000104904175,4169100
2002-06-27,5.349987506866455,5.659999847412109,6.139999866485596,5.199999809265137,6.099999904632568,2607800
2002-06-28,5.87931489944458,6.21999979019165,6.989999771118164,5.829999923706055,6.0,4008300
2002-07-01,5.529580593109131,5.849999904632568,6.599999904632568,5.71999979019165,6.389999866485596,2531200
2002-07-02,4.650518894195557,4.920000076293945,5.860000133514404,4.920000076293945,5.800000190734863,1721700
2002-07-03,4.839565277099609,5.119999885559082,5.230000019073486,4.25,4.920000076293945,2154300
2002-07-05,5.5957465171813965,5.920000076293945,5.980000019073486,5.28000020980835,5.53000020980835,891300
2002-07-08,5.094776153564453,5.389999866485596,5.909999847412109,5.210000038146973,5.78000020980835,1515800
2002-07-09,4.414212703704834,4.670000076293945,5.650000095367432,4.619999885559082,5.650000095367432,1956300
2002-07-10,4.754494667053223,5.03000020980835,5.929999828338623,5.0,5.75,2567400
2002-07-11,5.246012210845947,5.550000190734863,5.619999885559082,4.75,5.039999961853027,1951800
2002-07-12,5.548485279083252,5.869999885559082,6.119999885559082,5.599999904632568,5.670000076293945,1791800
2002-07-15,5.765887260437012,6.099999904632568,6.179999828338623,5.559999942779541,5.929999828338623,2148900
2002-07-16,5.51067590713501,5.829999923706055,6.53000020980835,5.670000076293945,5.880000114440918,1500600
2002-07-17,5.501224517822266,5.820000171661377,6.349999904632568,5.559999942779541,6.119999885559082,1265200
2002-07-18,5.075871467590332,5.369999885559082,6.050000190734863,5.369999885559082,5.809999942779541,679300
2002-07-19,5.132585525512695,5.429999828338623,5.539999961853027,5.199999809265137,5.260000228881836,863200
2002-07-22,5.25546407699585,5.559999942779541,5.699999809265137,5.210000038146973,5.21999979019165,892200
2002-07-23,4.508734703063965,4.769999980926514,5.650000095367432,4.699999809265137,5.519999980926514,1786900
2002-07-24,4.688327789306641,4.960000038146973,5.03000020980835,4.360000133514404,4.760000228881836,2115700
2002-07-25,4.149548530578613,4.389999866485596,5.0,3.950000047683716,4.800000190734863,2000900
2002-07-26,3.724196195602417,3.940000057220459,4.559999942779541,3.809999942779541,4.360000133514404,2147600
2002-07-29,4.073929309844971,4.309999942779541,4.400000095367432,3.910000085830689,4.300000190734863,1809700
2002-07-30,4.53709077835083,4.800000190734863,4.840000152587891,4.199999809265137,4.380000114440918,1679000
2002-07-31,3.724196195602417,3.940000057220459,4.329999923706055,3.799999952316284,4.320000171661377,2614400
2002-08-01,3.232678174972534,3.4200000762939453,4.019999980926514,3.299999952316284,3.9600000381469727,1997500
2002-08-02,3.308296203613281,3.5,3.619999885559082,3.0,3.490000009536743,1516000
2002-08-05,2.7222557067871094,2.880000114440918,3.619999885559082,2.809999942779541,3.609999895095825,2649200
2002-08-06,2.627732038497925,2.7799999713897705,3.2799999713897705,2.5899999141693115,2.9200000762939453,2264200
2002-08-07,2.996371030807495,3.1700000762939453,3.2100000381469727,2.700000047683716,2.900000095367432,3007900
2002-08-08,3.2799394130706787,3.470000028610229,3.470000028610229,3.0,3.0999999046325684,2651100
2002-08-09,3.355557918548584,3.549999952316284,3.559999942779541,3.200000047683716,3.25,1017200
2002-08-12,3.4406280517578125,3.640000104904175,3.660000085830689,3.2300000190734863,3.5299999713897705,958800
2002-08-13,3.1192502975463867,3.299999952316284,3.7300000190734863,3.299999952316284,3.5999999046325684,984500
2002-08-14,3.2704873085021973,3.4600000381469727,3.490000009536743,3.150000095367432,3.3299999237060547,1022100
2002-08-15,2.9113006591796875,3.0799999237060547,3.7100000381469727,3.059999942779541,3.7100000381469727,1443000
2002-08-16,2.930205106735229,3.0999999046325684,3.190000057220459,3.009999990463257,3.0899999141693115,1158600
2002-08-19,2.977466821670532,3.150000095367432,3.450000047683716,3.140000104904175,3.450000047683716,750500
2002-08-20,2.901848793029785,3.069999933242798,3.2799999713897705,3.0199999809265137,3.2799999713897705,733200
2002-08-21,2.684446334838867,2.8399999141693115,3.0999999046325684,2.7300000190734863,2.900000095367432,1421600
2002-08-22,2.5993757247924805,2.75,2.869999885559082,2.75,2.8299999237060547,1127400
2002-08-23,2.277998447418213,2.4100000858306885,2.799999952316284,2.359999895095825,2.700000047683716,2318000
2002-08-26,2.3063557147979736,2.440000057220459,2.640000104904175,2.400000095367432,2.490000009536743,1334700
2002-08-27,2.259093761444092,2.390000104904175,2.5799999237060547,2.25,2.430000066757202,1342200
2002-08-28,2.145665645599365,2.2699999809265137,2.369999885559082,2.25,2.309999942779541,647000
2002-08-29,2.145665645599365,2.2699999809265137,2.299999952316284,2.200000047683716,2.2799999713897705,560300
2002-08-30,2.1267619132995605,2.25,2.380000114440918,2.220000028610229,2.369999885559082,619100
2002-09-03,2.0700485706329346,2.190000057220459,2.299999952316284,2.150000095367432,2.25,772500
2002-09-04,1.9849777221679688,2.0999999046325684,2.259999990463257,1.9700000286102293,2.240000009536743,1582300
2002-09-05,1.890454888343811,2.0,2.059999942779541,1.899999976158142,2.0199999809265137,846600
2002-09-06,1.88100266456604,1.9900000095367432,2.150000095367432,1.9900000095367432,2.119999885559082,1079000
2002-09-09,1.890454888343811,2.0,2.049999952316284,1.950000047683716,2.0,632100
2002-09-10,1.899907112121582,2.009999990463257,2.1600000858306885,1.9700000286102293,2.009999990463257,1683600
2002-09-11,1.966073036193848,2.0799999237060547,2.1700000762939453,2.059999942779541,2.140000104904175,1021300
2002-09-12,1.928263783454895,2.039999961853028,2.6700000762939453,2.039999961853028,2.0799999237060547,1242900
2002-09-13,1.88100266456604,1.9900000095367432,2.0899999141693115,1.9600000381469729,2.039999961853028,857500
2002-09-16,1.7203140258789062,1.8200000524520876,2.0799999237060547,1.7999999523162842,2.049999952316284,1170000
2002-09-17,1.6825047731399536,1.7799999713897705,2.0299999713897705,1.7200000286102295,1.9700000286102293,784000
2002-09-18,1.5596251487731934,1.649999976158142,1.7599999904632568,1.5,1.7200000286102295,1435800
2002-09-19,1.502911925315857,1.590000033378601,1.6299999952316284,1.5099999904632568,1.5199999809265137,743500
2002-09-20,1.3989366292953491,1.4800000190734863,1.7599999904632568,1.4299999475479126,1.649999976158142,946700
2002-09-23,1.3233184814453125,1.399999976158142,1.5499999523162842,1.340000033378601,1.5,865600
2002-09-24,1.1342726945877075,1.2000000476837158,1.440000057220459,1.1299999952316284,1.3899999856948853,3132600
2002-09-25,1.3989366292953491,1.4800000190734863,1.5199999809265137,1.2200000286102295,1.2799999713897705,2111300
2002-09-26,1.4367458820343018,1.5199999809265137,1.7100000381469729,1.4600000381469729,1.559999942779541,1232400
2002-09-27,2.174022912979126,2.299999952316284,2.369999885559082,1.6299999952316284,1.6299999952316284,3220800
2002-09-30,2.249641895294189,2.380000114440918,2.5299999713897705,2.319999933242798,2.3399999141693115,1561300
2002-10-01,1.966073036193848,2.0799999237060547,2.5899999141693115,2.0,2.430000066757202,1559200
2002-10-02,1.890454888343811,2.0,2.3299999237060547,1.850000023841858,2.069999933242798,1375900
2002-10-03,1.569077968597412,1.659999966621399,2.009999990463257,1.659999966621399,2.0,680200
2002-10-04,1.6257911920547483,1.7200000286102295,1.850000023841858,1.649999976158142,1.7699999809265137,622000
2002-10-07,1.521816372871399,1.6100000143051147,1.7599999904632568,1.600000023841858,1.7100000381469729,342800
2002-10-08,1.8715503215789795,1.9800000190734863,2.0199999809265137,1.600000023841858,1.659999966621399,978100
2002-10-09,1.8526456356048584,1.9600000381469729,2.220000028610229,1.7999999523162842,1.9299999475479128,697100
2002-10-10,1.890454888343811,2.0,2.119999885559082,1.7699999809265137,1.8600000143051147,419500
2002-10-11,2.0038816928863525,2.119999885559082,2.240000009536743,2.0299999713897705,2.049999952316284,660300
2002-10-14,2.2874510288238525,2.4200000762939453,2.490000009536743,2.0899999141693115,2.0999999046325684,742400
2002-10-15,2.58047103881836,2.7300000190734863,2.75,2.470000028610229,2.5899999141693115,1352500
2002-10-16,2.1834754943847656,2.309999942779541,2.5999999046325684,2.2799999713897705,2.569999933242798,627500
2002-10-17,2.4197826385498047,2.559999942779541,2.5899999141693115,2.440000057220459,2.5299999713897705,841300
2002-10-18,2.552114486694336,2.700000047683716,2.7699999809265137,2.5,2.5799999237060547,907800
2002-10-21,2.5426619052886963,2.690000057220459,2.759999990463257,2.619999885559082,2.690000057220459,2000600
2002-10-22,2.4954001903533936,2.640000104904175,2.7100000381469727,2.4200000762939453,2.509999990463257,905700
2002-10-23,2.845134973526001,3.009999990463257,3.109999895095825,2.5999999046325684,2.640000104904175,1007200
2002-10-24,2.845134973526001,3.009999990463257,3.2799999713897705,2.9600000381469727,3.0899999141693115,1733800
2002-10-25,3.06253719329834,3.240000009536743,3.3399999141693115,3.049999952316284,3.150000095367432,908700
2002-10-28,3.2232260704040527,3.4100000858306885,3.569999933242798,3.299999952316284,3.390000104904175,1193300
2002-10-29,3.100346088409424,3.2799999713897705,3.5,3.0199999809265137,3.369999885559082,1860900
2002-10-30,3.005823850631714,3.180000066757202,3.700000047683716,3.0299999713897705,3.380000114440918,2991900
2002-10-31,3.3272008895874023,3.5199999809265137,3.759999990463257,3.4600000381469727,3.619999885559082,4366200
2002-11-01,3.686387538909912,3.900000095367432,3.950000047683716,3.4600000381469727,3.549999952316284,1128100
2002-11-04,3.724196195602417,3.940000057220459,4.369999885559082,3.900000095367432,4.0,1684500
2002-11-05,3.998311996459961,4.230000019073486,4.260000228881836,3.859999895095825,3.930000066757202,1174500
2002-11-06,4.773399829864502,5.050000190734863,5.150000095367432,4.400000095367432,4.489999771118164,2866400
2002-11-07,4.952991485595703,5.239999771118164,5.400000095367432,4.769999980926514,5.110000133514404,2067200
2002-11-08,4.546544075012207,4.809999942779541,5.300000190734863,4.630000114440918,5.300000190734863,2128200
2002-11-11,4.2913312911987305,4.539999961853027,4.829999923706055,4.389999866485596,4.829999923706055,1030500
2002-11-12,4.726138114929199,5.0,5.170000076293945,4.5,4.579999923706055,2297600
2002-11-13,4.631614685058594,4.900000095367432,5.090000152587891,4.800000190734863,4.980000019073486,1647900
2002-11-14,4.7166852951049805,4.989999771118164,5.21999979019165,4.889999866485596,5.099999904632568,1740500
2002-11-15,4.584352970123291,4.849999904632568,5.070000171661377,4.800000190734863,4.929999828338623,1487700
2002-11-18,4.489831447601318,4.75,5.099999904632568,4.619999885559082,5.099999904632568,1302100
2002-11-19,4.452022075653076,4.710000038146973,4.900000095367432,4.599999904632568,4.670000076293945,526200
2002-11-20,4.688327789306641,4.960000038146973,5.019999980926514,4.710000038146973,4.710000038146973,902800
2002-11-21,5.501224517822266,5.820000171661377,5.820000171661377,5.010000228881836,5.130000114440918,3636100
2002-11-22,6.550426959991455,6.929999828338623,7.050000190734863,5.71999979019165,5.75,4202900
2002-11-25,7.0419440269470215,7.449999809265137,7.619999885559082,6.800000190734863,6.869999885559082,3534200
2002-11-26,6.559878826141357,6.940000057220459,7.400000095367432,6.940000057220459,7.260000228881836,1729300
2002-11-27,6.824542045593262,7.21999979019165,7.5,7.039999961853027,7.050000190734863,1529500
2002-11-29,6.862351417541504,7.260000228881836,7.53000020980835,7.25,7.510000228881836,660000
2002-12-02,7.060849189758301,7.46999979019165,8.130000114440918,7.380000114440918,7.579999923706055,1827900
2002-12-03,6.418095588684082,6.789999961853027,7.550000190734863,6.699999809265137,7.550000190734863,1339800
2002-12-04,5.359440326690674,5.670000076293945,6.349999904632568,5.590000152587891,6.039999961853027,2477800
2002-12-05,5.29327392578125,5.599999904632568,5.989999771118164,5.570000171661377,5.949999809265137,1526200
2002-12-06,4.971896648406982,5.260000228881836,5.590000152587891,5.25,5.349999904632568,1375600
2002-12-09,4.53709077835083,4.800000190734863,5.239999771118164,4.699999809265137,5.010000228881836,1689000
2002-12-10,4.905730247497559,5.190000057220459,5.349999904632568,4.949999809265137,4.989999771118164,1437500
2002-12-11,5.056965827941895,5.349999904632568,5.570000171661377,5.03000020980835,5.170000076293945,1151600
2002-12-12,5.227108955383301,5.53000020980835,5.800000190734863,5.340000152587891,5.760000228881836,1147000
2002-12-13,4.830112457275391,5.110000133514404,5.400000095367432,5.090000152587891,5.389999866485596,1039900
2002-12-16,4.801755428314209,5.079999923706055,5.159999847412109,4.96999979019165,5.110000133514404,1117300
2002-12-17,4.66942310333252,4.940000057220459,5.289999961853027,4.789999961853027,5.0,1262300
2002-12-18,4.196810722351074,4.440000057220459,4.710000038146973,4.309999942779541,4.659999847412109,1112400
2002-12-19,4.206262111663818,4.449999809265137,4.679999828338623,4.21999979019165,4.429999828338623,796500
2002-12-20,4.121192932128906,4.360000133514404,4.650000095367432,4.239999771118164,4.5,992200
2002-12-23,4.083382606506348,4.320000171661377,4.579999923706055,4.289999961853027,4.320000171661377,790100
2002-12-24,4.149548530578613,4.389999866485596,4.559999942779541,4.329999923706055,4.369999885559082,595400
2002-12-26,4.2440714836120605,4.489999771118164,4.610000133514404,4.329999923706055,4.340000152587891,671600
2002-12-27,4.414212703704834,4.670000076293945,4.739999771118164,4.480000019073486,4.519999980926514,662500
2002-12-30,4.546544075012207,4.809999942779541,4.949999809265137,4.599999904632568,4.940000057220459,593200
2002-12-31,4.499283790588379,4.760000228881836,5.03000020980835,4.710000038146973,4.809999942779541,549900
2003-01-02,4.82066011428833,5.099999904632568,5.21999979019165,4.800000190734863,4.840000152587891,859700
2003-01-03,4.896278858184815,5.179999828338623,5.239999771118164,5.0,5.119999885559082,771500
2003-01-06,5.246012210845947,5.550000190734863,5.789999961853027,5.179999828338623,5.199999809265137,951300
2003-01-07,5.170395374298096,5.46999979019165,5.75,5.389999866485596,5.75,958200
2003-01-08,4.896278858184815,5.179999828338623,5.349999904632568,5.010000228881836,5.03000020980835,947800
2003-01-09,5.283822059631348,5.590000152587891,5.75,5.269999980926514,5.269999980926514,939600
2003-01-10,5.567389488220215,5.889999866485596,6.179999828338623,5.409999847412109,5.539999961853027,1366000
2003-01-13,5.529580593109131,5.849999904632568,6.21999979019165,5.820000171661377,6.199999809265137,888000
2003-01-14,5.699721336364746,6.03000020980835,6.090000152587891,5.760000228881836,5.800000190734863,769200
2003-01-15,6.087265491485596,6.440000057220459,6.449999809265137,5.800000190734863,6.059999942779541,1985800
2003-01-16,5.850957870483398,6.190000057220459,6.440000057220459,6.099999904632568,6.360000133514404,916400
2003-01-17,5.2082037925720215,5.510000228881836,5.929999828338623,5.5,5.900000095367432,1000900
2003-01-21,5.113680839538574,5.409999847412109,5.619999885559082,5.110000133514404,5.550000190734863,1179300
2003-01-22,5.142037391662598,5.440000057220459,5.570000171661377,5.28000020980835,5.320000171661377,707000
2003-01-23,5.000253200531006,5.289999961853027,5.699999809265137,5.230000019073486,5.449999809265137,1597400
2003-01-24,4.67887544631958,4.949999809265137,5.400000095367432,4.920000076293945,5.329999923706055,1345500
2003-01-27,4.366950988769531,4.619999885559082,4.980000019073486,4.599999904632568,4.840000152587891,797300
2003-01-28,4.53709077835083,4.800000190734863,4.940000057220459,4.650000095367432,4.760000228881836,929600
2003-01-29,4.659971237182617,4.929999828338623,4.940000057220459,4.610000133514404,4.71999979019165,534700
2003-01-30,4.574902057647705,4.840000152587891,5.25,4.78000020980835,5.159999847412109,1349300
2003-01-31,4.622160911560059,4.889999866485596,4.949999809265137,4.5,4.539999961853027,1072000
2003-02-03,4.376403331756592,4.630000114440918,4.949999809265137,4.579999923706055,4.900000095367432,637500
2003-02-04,4.385855674743652,4.639999866485596,4.829999923706055,4.510000228881836,4.809999942779541,968700
2003-02-05,4.215713977813721,4.460000038146973,4.789999961853027,4.400000095367432,4.630000114440918,957200
2003-02-06,4.215713977813721,4.460000038146973,4.619999885559082,4.389999866485596,4.409999847412109,687600
2003-02-07,4.177906036376953,4.420000076293945,4.590000152587891,4.349999904632568,4.590000152587891,392700
2003-02-10,4.404758930206299,4.659999847412109,4.659999847412109,4.300000190734863,4.449999809265137,456600
2003-02-11,4.518187522888184,4.78000020980835,4.869999885559082,4.679999828338623,4.75,891400
2003-02-12,4.650518894195557,4.920000076293945,4.949999809265137,4.670000076293945,4.769999980926514,572400
2003-02-13,4.565447807312012,4.829999923706055,5.010000228881836,4.75,4.940000057220459,831100
2003-02-14,4.745041847229004,5.019999980926514,5.019999980926514,4.789999961853027,4.869999885559082,653000
2003-02-18,4.67887544631958,4.949999809265137,5.199999809265137,4.909999847412109,5.099999904632568,897900
2003-02-19,4.508734703063965,4.769999980926514,5.019999980926514,4.690000057220459,4.909999847412109,551000
2003-02-20,4.546544075012207,4.809999942779541,4.849999904632568,4.710000038146973,4.829999923706055,316700
2003-02-21,4.376403331756592,4.630000114440918,4.800000190734863,4.550000190734863,4.710000038146973,485400
2003-02-24,4.272427082061768,4.519999980926514,4.699999809265137,4.519999980926514,4.679999828338623,469400
2003-02-25,4.300784587860107,4.550000190734863,4.619999885559082,4.369999885559082,4.510000228881836,357800
2003-02-26,4.348045825958252,4.599999904632568,4.820000171661377,4.599999904632568,4.650000095367432,529600
2003-02-27,4.329141616821289,4.579999923706055,4.789999961853027,4.46999979019165,4.599999904632568,556800
2003-02-28,4.489831447601318,4.75,4.800000190734863,4.5,4.539999961853027,471500
2003-03-03,4.366950988769531,4.619999885559082,4.980000019073486,4.53000020980835,4.739999771118164,444400
2003-03-04,4.423665046691895,4.679999828338623,4.75,4.519999980926514,4.619999885559082,412000
2003-03-05,4.433116912841797,4.690000057220459,4.730000019073486,4.579999923706055,4.670000076293945,264000
2003-03-06,4.310237407684326,4.559999942779541,4.730000019073486,4.539999961853027,4.710000038146973,487700
2003-03-07,4.206262111663818,4.449999809265137,4.599999904632568,4.400000095367432,4.53000020980835,634300
2003-03-10,4.121192932128906,4.360000133514404,4.5,4.340000152587891,4.449999809265137,304500
2003-03-11,3.9037892818450928,4.130000114440918,4.429999828338623,4.130000114440918,4.400000095367432,460500
2003-03-12,3.979408025741577,4.210000038146973,4.260000228881836,4.039999961853027,4.039999961853027,641100
2003-03-13,4.499283790588379,4.760000228881836,4.849999904632568,4.309999942779541,4.400000095367432,758000
2003-03-14,4.433116912841797,4.690000057220459,4.889999866485596,4.619999885559082,4.849999904632568,350000
2003-03-17,4.915182590484619,5.199999809265137,5.300000190734863,4.519999980926514,4.590000152587891,940400
2003-03-18,5.444511413574219,5.760000228881836,5.78000020980835,5.349999904632568,5.380000114440918,1514900
2003-03-19,5.274368762969971,5.579999923706055,5.800000190734863,5.460000038146973,5.800000190734863,517900
2003-03-20,5.53903341293335,5.860000133514404,5.949999809265137,5.360000133514404,5.53000020980835,972800
2003-03-21,5.576842784881592,5.900000095367432,6.070000171661377,5.849999904632568,5.980000019073486,847000
2003-03-24,4.990800380706787,5.28000020980835,5.610000133514404,5.210000038146973,5.550000190734863,1201400
2003-03-25,5.113680839538574,5.409999847412109,5.590000152587891,5.28000020980835,5.340000152587891,585900
2003-03-26,5.132585525512695,5.429999828338623,5.650000095367432,5.329999923706055,5.420000076293945,451900
2003-03-27,5.056965827941895,5.349999904632568,5.460000038146973,5.199999809265137,5.340000152587891,424800
2003-03-28,5.000253200531006,5.289999961853027,5.409999847412109,5.190000057220459,5.320000171661377,359600
2003-03-31,4.886825084686279,5.170000076293945,5.329999923706055,4.929999828338623,5.119999885559082,759500
2003-04-01,5.104228973388672,5.400000095367432,5.449999809265137,5.25,5.309999942779541,640200
2003-04-02,5.387795925140381,5.699999809265137,5.809999942779541,5.510000228881836,5.710000038146973,716900
2003-04-03,5.217656135559082,5.519999980926514,5.889999866485596,5.5,5.75,876300
2003-04-04,5.246012210845947,5.550000190734863,5.659999847412109,5.429999828338623,5.599999904632568,320000
2003-04-07,5.397249221801758,5.710000038146973,5.960000038146973,5.659999847412109,5.940000057220459,695000
2003-04-08,5.17984676361084,5.480000019073486,5.75,5.46999979019165,5.71999979019165,425600
2003-04-09,5.056965827941895,5.349999904632568,5.670000076293945,5.349999904632568,5.480000019073486,519900
2003-04-10,5.17984676361084,5.480000019073486,5.630000114440918,5.320000171661377,5.400000095367432,283200
2003-04-11,5.17984676361084,5.480000019073486,5.679999828338623,5.409999847412109,5.550000190734863,411800
2003-04-14,5.340535640716553,5.650000095367432,5.659999847412109,5.400000095367432,5.460000038146973,243900
2003-04-15,5.17984676361084,5.480000019073486,5.639999866485596,5.349999904632568,5.349999904632568,379000
2003-04-16,5.29327392578125,5.599999904632568,5.75,5.46999979019165,5.650000095367432,569200
2003-04-17,5.491771697998047,5.809999942779541,5.840000152587891,5.510000228881836,5.639999866485596,441100
2003-04-21,5.794244766235352,6.130000114440918,6.199999809265137,5.710000038146973,5.880000114440918,660200
2003-04-22,6.106168270111084,6.460000038146973,6.599999904632568,6.03000020980835,6.130000114440918,1618100
2003-04-23,6.342476844787598,6.710000038146973,6.789999961853027,6.440000057220459,6.75,993200
2003-04-24,6.011647701263428,6.360000133514404,6.690000057220459,6.28000020980835,6.610000133514404,1105300
2003-04-25,5.822601318359375,6.159999847412109,6.309999942779541,6.070000171661377,6.190000057220459,773900
2003-04-28,6.153430938720703,6.510000228881836,6.659999847412109,6.21999979019165,6.300000190734863,867000
2003-04-29,6.474808216094971,6.849999904632568,6.949999809265137,6.579999923706055,6.639999866485596,1696500
2003-04-30,7.155372142791748,7.570000171661377,8.130000114440918,7.28000020980835,7.849999904632568,5223500
2003-05-01,7.750865459442139,8.199999809265137,8.359999656677246,7.440000057220459,7.440000057220459,2784700
2003-05-02,8.138408660888672,8.609999656677246,8.9399995803833,8.369999885559082,8.4399995803833,2288800
2003-05-05,8.214025497436523,8.6899995803833,9.050000190734863,8.649999618530273,8.75,1536800
2003-05-06,8.289644241333008,8.770000457763672,8.9399995803833,8.420000076293945,8.84000015258789,1593300
2003-05-07,8.128957748413086,8.600000381469727,8.899999618530273,8.5,8.569999694824219,1190700
2003-05-08,8.053339958190918,8.520000457763672,8.699999809265137,8.199999809265137,8.579999923706055,1995200
2003-05-09,8.592119216918945,9.09000015258789,9.100000381469728,8.550000190734863,8.680000305175781,1303800
2003-05-12,8.677186965942383,9.18000030517578,9.239999771118164,8.90999984741211,9.109999656677246,1683500
2003-05-13,8.696091651916504,9.199999809265137,9.25,8.899999618530273,9.039999961853027,959900
2003-05-14,8.686636924743652,9.1899995803833,9.350000381469728,9.010000228881836,9.199999809265137,1277100
2003-05-15,8.960756301879883,9.479999542236328,9.510000228881836,9.130000114440918,9.170000076293944,1144000
2003-05-16,9.01746940612793,9.539999961853027,9.539999961853027,9.149999618530272,9.399999618530272,1034700
2003-05-19,8.620474815368652,9.119999885559082,9.329999923706056,8.869999885559082,9.260000228881836,1422800
2003-05-20,8.176218032836914,8.649999618530273,9.239999771118164,8.600000381469727,9.239999771118164,1373600
2003-05-21,8.714996337890625,9.220000267028809,9.25,8.399999618530273,8.619999885559082,1832000
2003-05-22,8.866233825683594,9.380000114440918,9.420000076293944,9.09000015258789,9.210000038146973,1063500
2003-05-23,8.951303482055664,9.470000267028809,9.609999656677246,9.149999618530272,9.239999771118164,638800
2003-05-27,9.67913055419922,10.239999771118164,10.239999771118164,9.31999969482422,9.350000381469728,1257600
2003-05-28,9.981600761413574,10.5600004196167,10.760000228881836,10.119999885559082,10.119999885559082,2249100
2003-05-29,10.123385429382324,10.710000038146973,10.890000343322754,10.5600004196167,10.649999618530272,1721100
2003-05-30,10.52038288116455,11.130000114440918,11.220000267028809,10.699999809265137,10.779999732971191,1617300
2003-06-02,10.199007034301758,10.789999961853027,11.550000190734863,10.789999961853027,11.399999618530272,1366800
2003-06-03,10.605451583862305,11.220000267028809,11.279999732971191,10.609999656677246,10.699999809265137,1067900
2003-06-04,11.219850540161133,11.869999885559082,11.949999809265137,11.170000076293944,11.40999984741211,1295200
2003-06-05,11.304919242858888,11.960000038146973,12.100000381469728,11.420000076293944,11.600000381469728,1214500
2003-06-06,11.030802726745604,11.670000076293944,12.949999809265137,11.550000190734863,12.149999618530272,1512800
2003-06-09,10.302979469299316,10.899999618530272,11.59000015258789,10.779999732971191,11.56999969482422,1617300
2003-06-10,10.917378425598145,11.550000190734863,11.59000015258789,10.949999809265137,11.010000228881836,1601200
2003-06-11,10.851211547851562,11.479999542236328,11.630000114440918,11.18000030517578,11.399999618530272,1033300
2003-06-12,10.728331565856934,11.350000381469728,11.619999885559082,11.079999923706056,11.550000190734863,725000
2003-06-13,10.284074783325195,10.880000114440918,11.390000343322754,10.68000030517578,11.229999542236328,1150500
2003-06-16,10.199007034301758,10.789999961853027,10.989999771118164,10.630000114440918,10.699999809265137,813800
2003-06-17,10.624356269836426,11.239999771118164,11.359999656677246,10.359999656677246,10.880000114440918,1234400
2003-06-18,11.342727661132812,12.0,12.1899995803833,10.949999809265137,11.100000381469728,1663700
2003-06-19,10.898470878601074,11.529999732971191,12.100000381469728,11.5,12.029999732971191,878700
2003-06-20,11.210396766662598,11.859999656677246,11.920000076293944,11.420000076293944,11.56999969482422,1254600
2003-06-23,10.992998123168944,11.630000114440918,12.050000190734863,11.479999542236328,11.899999618530272,1704700
2003-06-24,10.5109281539917,11.119999885559082,11.600000381469728,10.869999885559082,11.34000015258789,702000
2003-06-25,11.664107322692873,12.34000015258789,12.699999809265137,11.5,12.220000267028809,3365900
2003-06-26,11.720820426940918,12.399999618530272,12.40999984741211,12.109999656677246,12.3100004196167,1634000
2003-06-27,12.467548370361328,13.1899995803833,13.279999732971191,12.300000190734863,12.350000381469728,2286400
2003-06-30,12.43919277191162,13.15999984741211,13.5,12.760000228881836,13.229999542236328,2419700
2003-07-01,12.732213973999023,13.470000267028809,13.489999771118164,12.960000038146973,13.100000381469728,1185600
2003-07-02,13.233184814453123,14.0,14.100000381469728,13.380000114440918,13.390000343322754,1567000
2003-07-03,12.98742389678955,13.739999771118164,13.93000030517578,13.65999984741211,13.8100004196167,670900
2003-07-07,15.350493431091309,16.239999771118164,16.350000381469727,14.359999656677246,14.449999809265137,3792600
2003-07-08,15.59625244140625,16.5,16.5,15.949999809265137,16.25,2865700
2003-07-09,15.369399070739746,16.260000228881836,16.56999969482422,16.049999237060547,16.299999237060547,1442300
2003-07-10,15.076377868652344,15.949999809265137,16.09000015258789,15.630000114440918,15.760000228881836,1396500
2003-07-11,14.830617904663086,15.6899995803833,16.100000381469727,15.579999923706056,16.06999969482422,1110500
2003-07-14,16.11612892150879,17.049999237060547,17.100000381469727,15.960000038146973,15.960000038146973,1941700
2003-07-15,16.64545440673828,17.610000610351562,17.959999084472656,16.81999969482422,17.0,2160700
2003-07-16,16.163389205932617,17.100000381469727,17.8799991607666,16.739999771118164,17.75,1916600
2003-07-17,15.208709716796877,16.09000015258789,16.899999618530273,15.829999923706056,16.899999618530273,1825900
2003-07-18,15.350493431091309,16.239999771118164,16.549999237060547,15.81999969482422,16.020000457763672,1868500
2003-07-21,15.76639175415039,16.68000030517578,16.969999313354492,16.0,16.229999542236328,1425100
2003-07-22,16.56983757019043,17.530000686645508,17.610000610351562,16.799999237060547,17.469999313354492,2171000
2003-07-23,17.070810317993164,18.059999465942383,18.25,17.260000228881836,17.309999465942383,2006400
2003-07-24,16.021604537963867,16.950000762939453,18.309999465942383,16.850000381469727,17.959999084472656,2377400
2003-07-25,16.125577926635742,17.059999465942383,17.219999313354492,15.789999961853027,17.0,1954500
2003-07-28,16.41860008239746,17.3700008392334,17.700000762939453,16.950000762939453,17.450000762939453,1938000
2003-07-29,14.112244606018066,14.93000030517578,16.0,14.449999809265137,15.520000457763672,4304200
2003-07-30,13.885391235351562,14.6899995803833,15.15999984741211,14.25,14.84000015258789,1356400
2003-07-31,13.875940322875977,14.68000030517578,15.5,14.670000076293944,14.970000267028809,1068200
2003-08-01,13.76251220703125,14.5600004196167,14.880000114440918,14.300000190734863,14.75,1550100
2003-08-04,14.254029273986816,15.079999923706056,15.25,14.489999771118164,14.670000076293944,960000
2003-08-05,14.008271217346191,14.81999969482422,15.399999618530272,14.710000038146973,15.09000015258789,992600
2003-08-06,13.611273765563965,14.399999618530272,14.979999542236328,14.260000228881836,14.699999809265137,771100
2003-08-07,13.223731994628906,13.989999771118164,14.5600004196167,13.779999732971191,14.369999885559082,1424500
2003-08-08,13.223731994628906,13.989999771118164,14.039999961853027,13.770000457763672,13.859999656677246,1599200
2003-08-11,13.422231674194336,14.199999809265137,14.390000343322754,13.949999809265137,13.949999809265137,923900
2003-08-12,14.093343734741213,14.90999984741211,14.960000038146973,14.18000030517578,14.1899995803833,960300
2003-08-13,14.792810440063477,15.649999618530272,16.0,14.800000190734863,14.90999984741211,1489800
2003-08-14,14.887333869934082,15.75,15.760000228881836,15.229999542236328,15.699999809265137,1235400
2003-08-15,14.821165084838867,15.68000030517578,16.0,15.520000457763672,15.68000030517578,259300
2003-08-18,15.738040924072266,16.649999618530273,16.75,15.75,15.949999809265137,1707700
2003-08-19,16.229555130004883,17.170000076293945,17.239999771118164,16.399999618530273,16.610000610351562,935100
2003-08-20,16.125577926635742,17.059999465942383,17.440000534057617,16.65999984741211,16.860000610351562,757200
2003-08-21,16.229555130004883,17.170000076293945,17.450000762939453,17.0,17.450000762939453,896900
2003-08-22,16.550931930541992,17.510000228881836,17.940000534057617,17.420000076293945,17.600000381469727,1245800
2003-08-25,16.276817321777344,17.219999313354492,17.799999237060547,16.829999923706055,17.700000762939453,1219700
2003-08-26,16.040510177612305,16.969999313354492,17.020000457763672,16.5,17.010000228881836,1043300
2003-08-27,16.749427795410156,17.719999313354492,17.780000686645508,16.809999465942383,16.940000534057617,1019900
2003-08-28,16.758886337280273,17.729999542236328,17.989999771118164,17.440000534057617,17.84000015258789,907600
2003-08-29,16.60764503479004,17.56999969482422,17.600000381469727,17.25,17.510000228881836,641700
2003-09-02,16.38079071044922,17.329999923706055,17.75,16.799999237060547,17.75,1238600
2003-09-03,16.579288482666016,17.540000915527344,18.0,17.299999237060547,17.459999084472656,1568200
2003-09-04,17.070810317993164,18.059999465942383,18.450000762939453,17.31999969482422,17.360000610351562,2074100
2003-09-05,16.843952178955078,17.81999969482422,18.450000762939453,17.56999969482422,17.719999313354492,1538200
2003-09-08,17.486709594726562,18.5,18.670000076293945,17.739999771118164,17.760000228881836,1943300
2003-09-09,17.477258682250977,18.489999771118164,19.0,17.65999984741211,18.190000534057617,2170500
2003-09-10,16.3713436126709,17.31999969482422,18.38999938964844,17.149999618530273,18.21999931335449,2132700
2003-09-11,16.465864181518555,17.420000076293945,17.700000762939453,16.309999465942383,17.3799991607666,3164300
2003-09-12,16.60764503479004,17.56999969482422,17.84000015258789,16.950000762939453,17.469999313354492,1409600
2003-09-15,16.163389205932617,17.100000381469727,17.860000610351562,17.010000228881836,17.6200008392334,832500
2003-09-16,16.70216941833496,17.670000076293945,17.75,17.049999237060547,17.079999923706055,1400900
2003-09-17,16.541479110717773,17.5,17.989999771118164,17.40999984741211,17.709999084472656,907900
2003-09-18,16.3051700592041,17.25,17.450000762939453,16.969999313354492,17.34000015258789,1484700
2003-09-19,16.664358139038086,17.6299991607666,17.899999618530273,17.0,17.079999923706055,1109300
2003-09-22,15.68132209777832,16.59000015258789,17.170000076293945,16.540000915527344,17.170000076293945,1211800
2003-09-23,16.11612892150879,17.049999237060547,17.25,16.510000228881836,16.549999237060547,965500
2003-09-24,15.0291166305542,15.899999618530272,17.299999237060547,15.850000381469728,17.299999237060547,1538500
2003-09-25,14.301292419433594,15.130000114440918,16.049999237060547,15.010000228881836,16.049999237060547,1566500
2003-09-26,13.819228172302246,14.619999885559082,15.199999809265137,14.5600004196167,15.0,1483300
2003-09-29,14.301292419433594,15.130000114440918,15.5,14.5600004196167,14.800000190734863,987600
2003-09-30,13.431682586669922,14.210000038146973,15.0,14.119999885559082,14.850000381469728,1551100
2003-10-01,13.913747787475586,14.720000267028809,15.0600004196167,14.260000228881836,14.5,1483400
2003-10-02,14.49033546447754,15.329999923706056,15.479999542236328,14.369999885559082,14.670000076293944,1491400
2003-10-03,15.662420272827148,16.56999969482422,17.299999237060547,15.6899995803833,15.720000267028809,2052100
2003-10-06,15.558442115783691,16.459999084472656,16.899999618530273,16.09000015258789,16.780000686645508,846700
2003-10-07,15.974345207214355,16.899999618530273,16.969999313354492,16.149999618530273,16.229999542236328,769500
2003-10-08,15.501730918884276,16.399999618530273,17.0,16.280000686645508,16.799999237060547,730900
2003-10-09,15.908180236816406,16.829999923706055,17.540000915527344,16.610000610351562,16.709999084472656,1099200
2003-10-10,15.983793258666992,16.90999984741211,17.729999542236328,16.75,17.06999969482422,678600
2003-10-13,16.229555130004883,17.170000076293945,17.5,16.809999465942383,16.8799991607666,516700
2003-10-14,16.475317001342773,17.43000030517578,17.469999313354492,16.600000381469727,17.059999465942383,670400
2003-10-15,16.021604537963867,16.950000762939453,18.049999237060547,16.799999237060547,17.920000076293945,936300
2003-10-16,16.229555130004883,17.170000076293945,17.25,16.299999237060547,16.59000015258789,692200
2003-10-17,15.133091926574709,16.010000228881836,17.450000762939453,15.81999969482422,17.450000762939453,1294700
2003-10-20,15.76639175415039,16.68000030517578,16.799999237060547,15.649999618530272,16.020000457763672,1512000
2003-10-21,16.390243530273438,17.34000015258789,17.489999771118164,16.799999237060547,17.100000381469727,1117600
2003-10-22,15.530084609985352,16.43000030517578,17.25,16.139999389648438,17.190000534057617,1009300
2003-10-23,14.80225944519043,15.65999984741211,16.139999389648438,15.300000190734863,15.739999771118164,1473900
2003-10-24,14.59431266784668,15.4399995803833,15.789999961853027,15.050000190734863,15.59000015258789,1463100
2003-10-27,15.30323314666748,16.190000534057617,16.5,15.699999809265137,16.06999969482422,1506200
2003-10-28,18.318510055541992,19.3799991607666,19.40999984741211,17.690000534057617,17.799999237060547,8486000
2003-10-29,18.337411880493164,19.399999618530277,19.76000022888184,18.82999992370605,19.239999771118164,3330200
2003-10-30,18.25234031677246,19.309999465942383,19.8700008392334,19.11000061035156,19.709999084472656,1724300
2003-10-31,17.817537307739258,18.850000381469727,19.5,18.600000381469727,19.200000762939453,1229500
2003-11-03,18.29015350341797,19.350000381469727,20.0,19.299999237060547,19.3700008392334,2389800
2003-11-04,18.29015350341797,19.350000381469727,19.600000381469727,18.75,18.809999465942383,1753700
2003-11-05,18.592626571655277,19.670000076293945,19.670000076293945,18.8700008392334,19.489999771118164,1657900
2003-11-06,18.07275009155273,19.1200008392334,19.299999237060547,18.649999618530277,19.11000061035156,6382200
2003-11-07,18.413028717041016,19.479999542236328,19.700000762939453,19.0,19.06999969482422,2477300
2003-11-10,17.67575454711914,18.700000762939453,19.799999237060547,18.700000762939453,19.600000381469727,2073900
2003-11-11,17.779727935791016,18.809999465942383,18.850000381469727,18.239999771118164,18.780000686645508,1959600
2003-11-12,19.20702171325684,20.31999969482422,20.350000381469727,19.18000030517578,19.440000534057617,3639800
2003-11-13,19.055788040161133,20.15999984741211,20.6200008392334,19.700000762939453,20.25,2794900
2003-11-14,17.97822380065918,19.020000457763672,20.25,18.899999618530277,20.100000381469727,1647000
2003-11-17,17.770280838012695,18.799999237060547,18.979999542236328,18.299999237060547,18.780000686645508,1540400
2003-11-18,17.307113647460938,18.309999465942383,19.309999465942383,18.270000457763672,19.229999542236328,1250900
2003-11-19,17.770280838012695,18.799999237060547,18.850000381469727,18.13999938964844,18.61000061035156,955800
2003-11-20,17.23149299621582,18.229999542236328,19.0,18.200000762939453,18.43000030517578,1151300
2003-11-21,17.344924926757812,18.350000381469727,18.649999618530277,17.81999969482422,18.399999618530277,1271300
2003-11-24,17.997135162353516,19.040000915527344,19.170000076293945,18.600000381469727,18.649999618530277,1141200
2003-11-25,18.23344039916992,19.290000915527344,19.600000381469727,19.170000076293945,19.299999237060547,1283300
2003-11-26,18.318510055541992,19.3799991607666,19.75,18.76000022888184,19.600000381469727,1160200
2003-11-28,18.45084571838379,19.520000457763672,19.57999992370605,19.25,19.280000686645508,324200
2003-12-01,19.849777221679688,21.0,21.030000686645508,19.68000030517578,19.799999237060547,3465400
2003-12-02,20.227863311767575,21.399999618530277,21.5,20.57999992370605,20.979999542236328,2669900
2003-12-03,19.32990455627441,20.450000762939453,21.729999542236328,20.31999969482422,21.5,1752100
2003-12-04,19.14085578918457,20.25,20.700000762939453,19.34000015258789,20.540000915527344,2111100
2003-12-05,18.24288558959961,19.299999237060547,20.06999969482422,19.020000457763672,19.309999465942383,1493300
2003-12-08,18.205081939697266,19.26000022888184,19.57999992370605,18.6200008392334,19.200000762939453,1188500
2003-12-09,16.825048446655273,17.799999237060547,19.489999771118164,17.709999084472656,19.459999084472656,1931600
2003-12-10,16.749427795410156,17.719999313354492,18.18000030517578,17.059999465942383,17.75,2381800
2003-12-11,17.732467651367188,18.76000022888184,18.84000015258789,17.549999237060547,17.690000534057617,1486700
2003-12-12,17.533973693847656,18.549999237060547,19.0,18.229999542236328,18.68000030517578,1072400
2003-12-15,16.361888885498047,17.309999465942383,19.3700008392334,17.1299991607666,19.3700008392334,2358200
2003-12-16,16.11612892150879,17.049999237060547,17.3799991607666,16.530000686645508,17.059999465942383,2446900
2003-12-17,15.860917091369627,16.780000686645508,17.1200008392334,16.299999237060547,17.110000610351562,1770900
2003-12-18,16.711624145507812,17.68000030517578,17.940000534057617,16.75,16.8700008392334,1556500
2003-12-19,16.38079071044922,17.329999923706055,18.1200008392334,17.149999618530273,17.959999084472656,1548700
2003-12-22,16.730525970458984,17.700000762939453,17.780000686645508,16.90999984741211,16.940000534057617,1335600
2003-12-23,17.080263137817383,18.06999969482422,18.07999992370605,17.56999969482422,17.68000030517578,746400
2003-12-24,16.957378387451172,17.940000534057617,18.149999618530277,17.850000381469727,18.020000457763672,273000
2003-12-26,16.80614471435547,17.780000686645508,18.100000381469727,17.75,17.829999923706055,293100
2003-12-29,16.80614471435547,17.780000686645508,18.09000015258789,17.549999237060547,17.850000381469727,1463200
2003-12-30,17.23149299621582,18.229999542236328,18.25,17.719999313354492,17.760000228881836,966200
2003-12-31,17.14642906188965,18.13999938964844,18.3700008392334,18.030000686645508,18.200000762939453,937200
2004-01-02,17.18423843383789,18.18000030517578,18.57999992370605,17.899999618530273,17.899999618530273,705800
2004-01-05,18.271242141723636,19.32999992370605,19.36000061035156,18.0,18.0,1506800
2004-01-06,18.318510055541992,19.3799991607666,19.59000015258789,19.100000381469727,19.3700008392334,1592600
2004-01-07,18.649341583251957,19.729999542236328,19.790000915527344,19.059999465942383,19.32999992370605,1429300
2004-01-08,19.21646881103516,20.32999992370605,20.43000030517578,19.46999931335449,19.850000381469727,1467200
2004-01-09,19.01797866821289,20.1200008392334,20.18000030517578,19.65999984741211,19.90999984741211,1585000
2004-01-12,19.310998916625977,20.43000030517578,20.5,19.51000022888184,20.25,1196100
2004-01-13,18.50755500793457,19.57999992370605,20.5,19.34000015258789,20.38999938964844,1576900
2004-01-14,18.176721572875977,19.229999542236328,19.979999542236328,19.149999618530277,19.549999237060547,1159100
2004-01-15,18.68714904785156,19.770000457763672,19.96999931335449,18.84000015258789,19.100000381469727,1729600
2004-01-16,19.10304832458496,20.209999084472656,20.809999465942383,20.059999465942383,20.239999771118164,2962100
2004-01-20,19.78361320495605,20.93000030517578,21.32999992370605,20.15999984741211,20.399999618530277,2926900
2004-01-21,19.471683502197266,20.600000381469727,21.8700008392334,20.399999618530277,21.549999237060547,1906000
2004-01-22,18.91399955749512,20.01000022888184,21.209999084472656,20.01000022888184,21.06999969482422,1642800
2004-01-23,18.857290267944336,19.950000762939453,20.5,19.59000015258789,20.100000381469727,1353900
2004-01-26,19.14085578918457,20.25,20.57999992370605,19.690000534057617,19.780000686645508,1104900
2004-01-27,18.70605087280273,19.790000915527344,20.520000457763672,19.700000762939453,20.06999969482422,1378400
2004-01-28,19.49059295654297,20.6200008392334,21.790000915527344,19.59000015258789,20.350000381469727,4648600
2004-01-29,16.494220733642578,17.450000762939453,20.350000381469727,16.950000762939453,20.11000061035156,7751400
2004-01-30,16.437503814697266,17.389999389648438,18.0,17.309999465942383,17.600000381469727,2237200
2004-02-02,16.220102310180664,17.15999984741211,17.889999389648438,16.959999084472656,17.59000015258789,2250800
2004-02-03,16.182294845581055,17.1200008392334,17.540000915527344,16.90999984741211,16.959999084472656,1391200
2004-02-04,15.756939888000488,16.670000076293945,17.190000534057617,16.329999923706055,16.90999984741211,2751100
2004-02-05,15.87982177734375,16.799999237060547,17.059999465942383,16.549999237060547,16.729999542236328,1559100
2004-02-06,16.70216941833496,17.670000076293945,17.729999542236328,16.760000228881836,17.0,1803100
2004-02-09,16.2390079498291,17.18000030517578,17.90999984741211,17.110000610351562,17.799999237060547,1202300
2004-02-10,16.201200485229492,17.139999389648438,17.700000762939453,16.670000076293945,17.639999389648438,2086300
2004-02-11,16.220102310180664,17.15999984741211,17.440000534057617,16.829999923706055,17.440000534057617,2173200
2004-02-12,15.870368003845217,16.790000915527344,17.420000076293945,16.6299991607666,16.969999313354492,1586200
2004-02-13,15.04802131652832,15.920000076293944,16.989999771118164,15.800000190734863,16.809999465942383,2620600
2004-02-17,15.586804389953612,16.489999771118164,16.600000381469727,16.100000381469727,16.389999389648438,2144500
2004-02-18,15.246520042419434,16.1299991607666,16.639999389648438,16.059999465942383,16.559999465942383,1402200
2004-02-19,14.57540798187256,15.420000076293944,16.68000030517578,15.279999732971191,16.6299991607666,2009000
2004-02-20,14.376911163330078,15.210000038146973,15.729999542236328,14.699999809265137,15.510000228881836,3113700
2004-02-23,13.70580005645752,14.5,15.279999732971191,14.260000228881836,15.170000076293944,2387200
2004-02-24,13.989368438720703,14.800000190734863,15.170000076293944,14.300000190734863,14.369999885559082,2619000
2004-02-25,14.33910083770752,15.170000076293944,15.279999732971191,14.800000190734863,15.020000457763672,1795600
2004-02-26,14.38636302947998,15.220000267028809,15.479999542236328,14.699999809265137,15.199999809265137,1100500
2004-02-27,14.480884552001951,15.31999969482422,15.539999961853027,15.039999961853027,15.479999542236328,1708400
2004-03-01,14.906238555908203,15.770000457763672,15.800000190734863,15.1899995803833,15.5,1471900
2004-03-02,14.49979019165039,15.34000015258789,16.020000457763672,15.25,15.75,3096100
2004-03-03,14.461980819702148,15.300000190734863,15.5,15.050000190734863,15.25,1020100
2004-03-04,14.840069770812988,15.699999809265137,15.75,15.289999961853027,15.300000190734863,1183500
2004-03-05,14.792810440063477,15.649999618530272,16.049999237060547,15.050000190734863,15.350000381469728,2350200
2004-03-08,13.979915618896484,14.789999961853027,15.949999809265137,14.369999885559082,15.829999923706056,1538400
2004-03-09,14.008271217346191,14.81999969482422,15.149999618530272,14.479999542236328,14.770000457763672,1723000
2004-03-10,13.866487503051758,14.670000076293944,15.270000457763672,14.510000228881836,14.880000114440918,1534300
2004-03-11,13.76251220703125,14.5600004196167,15.239999771118164,14.170000076293944,14.43000030517578,1738700
2004-03-12,14.093343734741213,14.90999984741211,15.18000030517578,14.710000038146973,14.789999961853027,1292100
2004-03-15,13.374967575073242,14.149999618530272,14.989999771118164,14.119999885559082,14.989999771118164,1520900
2004-03-16,13.015782356262209,13.770000457763672,14.539999961853027,13.529999732971191,14.489999771118164,2623000
2004-03-17,13.044137954711914,13.800000190734863,14.210000038146973,13.609999656677246,13.93000030517578,2646400
2004-03-18,12.95906925201416,13.710000038146973,14.199999809265137,13.43000030517578,13.68000030517578,1699700
2004-03-19,12.666049003601074,13.399999618530272,13.850000381469728,13.270000457763672,13.640000343322754,1240500
2004-03-22,12.165078163146973,12.869999885559082,13.34000015258789,12.609999656677246,13.34000015258789,1825800
2004-03-23,12.193434715270996,12.899999618530272,13.25,12.770000457763672,13.15999984741211,2122100
2004-03-24,12.562073707580566,13.289999961853027,13.460000038146973,12.789999961853027,12.890000343322754,1563000
2004-03-25,13.384418487548828,14.15999984741211,14.289999961853027,13.3100004196167,13.350000381469728,3024000
2004-03-26,13.450586318969728,14.229999542236328,14.550000190734863,14.079999923706056,14.079999923706056,2091700
2004-03-29,13.753060340881348,14.550000190734863,14.81999969482422,14.3100004196167,14.68000030517578,1526600
2004-03-30,13.894843101501465,14.699999809265137,14.75,14.399999618530272,14.489999771118164,962300
2004-03-31,13.8286771774292,14.630000114440918,14.899999618530272,14.3100004196167,14.779999732971191,1225700
2004-04-01,14.027175903320312,14.84000015258789,14.979999542236328,14.59000015258789,14.600000381469728,1103800
2004-04-02,14.688835144042969,15.539999961853027,15.75,15.149999618530272,15.199999809265137,1774800
2004-04-05,14.981854438781738,15.850000381469728,15.899999618530272,15.510000228881836,15.510000228881836,1122200
2004-04-06,14.49033546447754,15.329999923706056,15.81999969482422,15.18000030517578,15.779999732971191,899900
2004-04-07,14.329648971557615,15.15999984741211,15.489999771118164,14.859999656677246,15.479999542236328,835900
2004-04-08,14.263483047485352,15.09000015258789,15.539999961853027,14.899999618530272,15.260000228881836,762900
2004-04-12,14.254029273986816,15.079999923706056,15.25,14.899999618530272,14.899999618530272,602000
2004-04-13,13.894843101501465,14.699999809265137,15.25,14.520000457763672,15.210000038146973,630600
2004-04-14,13.526205062866213,14.3100004196167,14.8100004196167,14.119999885559082,14.649999618530272,960800
2004-04-15,13.223731994628906,13.989999771118164,14.59000015258789,13.699999809265137,14.40999984741211,1189300
2004-04-16,12.81728458404541,13.5600004196167,13.93000030517578,13.470000267028809,13.770000457763672,1201000
2004-04-19,13.063043594360352,13.81999969482422,14.020000457763672,13.34000015258789,13.59000015258789,1314700
2004-04-20,12.94961643218994,13.699999809265137,14.1899995803833,13.600000381469728,13.949999809265137,1959000
2004-04-21,12.930712699890137,13.68000030517578,13.989999771118164,13.359999656677246,13.890000343322754,880300
2004-04-22,12.921260833740234,13.670000076293944,14.09000015258789,13.380000114440918,13.68000030517578,1061000
2004-04-23,13.11030387878418,13.869999885559082,14.100000381469728,13.510000228881836,13.81999969482422,807600
2004-04-26,12.684953689575195,13.420000076293944,13.949999809265137,13.210000038146973,13.949999809265137,1085500
2004-04-27,8.658283233642578,9.15999984741211,11.130000114440918,8.600000381469727,11.050000190734863,18901300
2004-04-28,8.157313346862793,8.630000114440918,9.449999809265137,8.529999732971191,9.3100004196167,4715800
2004-04-29,7.760316848754883,8.210000038146973,8.600000381469727,7.920000076293945,8.430000305175781,4038000
2004-04-30,7.599628448486328,8.039999961853027,8.640000343322754,8.0,8.130000114440918,3371100
2004-05-03,7.542914867401123,7.980000019073486,8.390000343322754,7.800000190734863,8.260000228881836,2630100
2004-05-04,8.346359252929688,8.829999923706055,9.0,8.119999885559082,8.149999618530273,3507400
2004-05-05,8.601569175720215,9.100000381469728,9.25,8.65999984741211,8.850000381469727,3716300
2004-05-06,8.223479270935059,8.699999809265137,9.039999961853027,8.59000015258789,8.869999885559082,2628600
2004-05-07,8.733901977539062,9.239999771118164,9.649999618530272,8.970000267028809,9.06999969482422,4378300
2004-05-10,8.629928588867188,9.130000114440918,9.479999542236328,8.729999542236328,9.149999618530272,3858900
2004-05-11,9.130895614624023,9.65999984741211,9.720000267028809,9.210000038146973,9.210000038146973,3129500
2004-05-12,8.932397842407227,9.449999809265137,9.68000030517578,9.010000228881836,9.520000457763672,3421900
2004-05-13,8.83787727355957,9.350000381469728,9.75,9.229999542236328,9.260000228881836,1810400
2004-05-14,8.61102294921875,9.109999656677246,9.550000190734863,9.100000381469728,9.329999923706056,1745300
2004-05-17,8.554308891296387,9.050000190734863,9.100000381469728,8.800000190734863,8.880000114440918,2443700
2004-05-18,8.76225757598877,9.270000457763672,9.989999771118164,9.25,9.93000030517578,3795900
2004-05-19,8.809517860412598,9.31999969482422,9.739999771118164,9.210000038146973,9.600000381469728,2931300
2004-05-20,8.809517860412598,9.31999969482422,9.579999923706056,9.25,9.529999732971191,1174400
2004-05-21,8.847330093383789,9.359999656677246,9.5600004196167,9.260000228881836,9.3100004196167,1294800
2004-05-24,8.970209121704102,9.489999771118164,9.640000343322754,9.420000076293944,9.550000190734863,1576600
2004-05-25,9.386109352111816,9.93000030517578,9.989999771118164,9.479999542236328,9.5,2347700
2004-05-26,9.622416496276855,10.18000030517578,10.350000381469728,10.0,10.010000228881836,1929200
2004-05-27,9.830365180969238,10.399999618530272,10.550000190734863,10.1899995803833,10.369999885559082,1969200
2004-05-28,9.716937065124512,10.279999732971191,10.5,10.210000038146973,10.40999984741211,1929600
2004-06-01,9.716937065124512,10.279999732971191,10.479999542236328,10.100000381469728,10.279999732971191,1761700
2004-06-02,9.622416496276855,10.18000030517578,10.8100004196167,10.140000343322754,10.8100004196167,2386600
2004-06-03,9.197061538696287,9.729999542236328,10.270000457763672,9.670000076293944,10.270000457763672,1390300
2004-06-04,9.21596908569336,9.75,9.970000267028809,9.640000343322754,9.920000076293944,2204100
2004-06-07,9.395560264587402,9.9399995803833,10.0,9.81999969482422,10.0,2127600
2004-06-08,9.348299026489258,9.890000343322754,9.9399995803833,9.710000038146973,9.81999969482422,1307200
2004-06-09,8.686636924743652,9.1899995803833,9.850000381469728,9.100000381469728,9.8100004196167,3304400
2004-06-10,8.44088077545166,8.930000305175781,9.380000114440918,8.800000190734863,9.350000381469728,2719000
2004-06-14,8.147858619689941,8.619999885559082,8.949999809265137,8.5,8.770000457763672,2263900
2004-06-15,8.242385864257812,8.720000267028809,8.9399995803833,8.649999618530273,8.649999618530273,1360000
2004-06-16,8.138408660888672,8.609999656677246,8.84000015258789,8.510000228881836,8.75,1001700
2004-06-17,7.788672924041748,8.239999771118164,8.710000038146973,8.1899995803833,8.5,1557500
2004-06-18,7.835936069488525,8.289999961853027,8.5,8.109999656677246,8.149999618530273,1489700
2004-06-21,7.694153308868408,8.140000343322754,8.470000267028809,8.0,8.470000267028809,1069000
2004-06-22,8.100600242614746,8.569999694824219,8.600000381469727,7.889999866485596,8.1899995803833,2284100
2004-06-23,8.431427955627441,8.920000076293945,8.979999542236328,8.5600004196167,8.600000381469727,2404500
2004-06-24,8.00607681274414,8.470000267028809,9.050000190734863,8.430000305175781,8.829999923706055,1993100
2004-06-25,8.128957748413086,8.600000381469727,8.75,8.4399995803833,8.510000228881836,2577200
2004-06-28,7.798126220703125,8.25,8.75,8.1899995803833,8.680000305175781,1540300
2004-06-29,7.8926472663879395,8.350000381469727,8.479999542236328,8.1899995803833,8.359999656677246,1483500
2004-06-30,7.731961250305176,8.180000305175781,8.550000190734863,8.180000305175781,8.430000305175781,3746100
2004-07-01,5.472866535186768,5.789999961853027,6.400000095367432,5.75,6.0,17293500
2004-07-02,5.557938098907471,5.880000114440918,5.960000038146973,5.650000095367432,5.820000171661377,5064000
2004-07-06,5.160942077636719,5.460000038146973,5.880000114440918,5.380000114440918,5.800000190734863,5918600
2004-07-07,5.274368762969971,5.579999923706055,5.630000114440918,5.400000095367432,5.400000095367432,3379500
2004-07-08,5.264915943145752,5.570000171661377,5.679999828338623,5.5,5.53000020980835,2231400
2004-07-09,5.274368762969971,5.579999923706055,5.75,5.550000190734863,5.690000057220459,2180100
2004-07-12,4.990800380706787,5.28000020980835,5.650000095367432,5.25,5.539999961853027,3317000
2004-07-13,5.066420078277588,5.360000133514404,5.440000057220459,5.269999980926514,5.320000171661377,2984800
2004-07-14,5.104228973388672,5.400000095367432,5.559999942779541,5.25,5.320000171661377,2648600
2004-07-15,5.25546407699585,5.559999942779541,5.679999828338623,5.329999923706055,5.349999904632568,2503800
2004-07-16,5.17984676361084,5.480000019073486,5.769999980926514,5.409999847412109,5.699999809265137,1334100
2004-07-19,5.2365593910217285,5.539999961853027,5.550000190734863,5.349999904632568,5.510000228881836,1350100
2004-07-20,5.170395374298096,5.46999979019165,5.550000190734863,5.400000095367432,5.449999809265137,1713800
2004-07-21,4.66942310333252,4.940000057220459,5.670000076293945,4.900000095367432,5.639999866485596,3994600
2004-07-22,4.688327789306641,4.960000038146973,5.050000190734863,4.769999980926514,4.940000057220459,2333800
2004-07-23,4.546544075012207,4.809999942779541,4.949999809265137,4.690000057220459,4.929999828338623,1732900
2004-07-26,4.385855674743652,4.639999866485596,4.900000095367432,4.53000020980835,4.869999885559082,2141100
2004-07-27,4.281880855560303,4.53000020980835,4.71999979019165,4.389999866485596,4.659999847412109,2509500
2004-07-28,3.76200532913208,3.9800000190734863,4.300000190734863,3.75,3.799999952316284,7048100
2004-07-29,3.884884834289551,4.110000133514404,4.25,3.9600000381469727,4.050000190734863,4875900
2004-07-30,3.828171491622925,4.050000190734863,4.170000076293945,3.9800000190734863,4.050000190734863,5569400
2004-08-02,4.121192932128906,4.360000133514404,4.360000133514404,4.03000020980835,4.090000152587891,2777300
2004-08-03,4.055025577545166,4.289999961853027,4.579999923706055,4.289999961853027,4.349999904632568,3211200
2004-08-04,4.036120891571045,4.269999980926514,4.389999866485596,4.119999885559082,4.389999866485596,1646800
2004-08-05,4.026669979095459,4.260000228881836,4.440000057220459,4.260000228881836,4.349999904632568,1744300
2004-08-06,3.913241624832153,4.139999866485596,4.25,4.079999923706055,4.139999866485596,1303900
2004-08-09,3.799814224243164,4.019999980926514,4.190000057220459,4.010000228881836,4.190000057220459,1224500
2004-08-10,3.809267282485962,4.03000020980835,4.090000152587891,3.990000009536743,4.090000152587891,1339300
2004-08-11,3.667482614517212,3.880000114440918,4.0,3.799999952316284,3.9800000190734863,3717000
2004-08-12,3.64857816696167,3.859999895095825,3.9700000286102295,3.819999933242798,3.910000085830689,2082300
2004-08-13,3.64857816696167,3.859999895095825,3.9700000286102295,3.740000009536743,3.849999904632568,1061900
2004-08-16,3.629673480987549,3.839999914169312,4.03000020980835,3.839999914169312,3.900000095367432,923400
2004-08-17,3.7714574337005615,3.990000009536743,4.03000020980835,3.910000085830689,4.019999980926514,1521100
2004-08-18,3.9415979385375977,4.170000076293945,4.25,3.920000076293945,3.9700000286102295,1463400
2004-08-19,3.913241624832153,4.139999866485596,4.25,4.059999942779541,4.210000038146973,899800
2004-08-20,3.922694206237793,4.150000095367432,4.21999979019165,4.059999942779541,4.119999885559082,1120000
2004-08-23,4.017216682434082,4.25,4.349999904632568,4.159999847412109,4.210000038146973,892600
2004-08-24,3.884884834289551,4.110000133514404,4.320000171661377,4.079999923706055,4.309999942779541,1543000
2004-08-25,3.922694206237793,4.150000095367432,4.190000057220459,4.079999923706055,4.079999923706055,1188700
2004-08-26,3.837623357772827,4.059999942779541,4.110000133514404,4.0,4.059999942779541,953800
2004-08-27,3.837623357772827,4.059999942779541,4.179999828338623,4.019999980926514,4.139999866485596,1121800
2004-08-30,3.686387538909912,3.900000095367432,4.139999866485596,3.890000104904175,4.130000114440918,1647100
2004-08-31,3.591864109039306,3.799999952316284,3.950000047683716,3.740000009536743,3.890000104904175,1944400
2004-09-01,3.780909776687622,4.0,4.130000114440918,3.829999923706055,3.890000104904175,2784200
2004-09-02,3.714744091033936,3.930000066757202,4.010000228881836,3.809999942779541,3.990000009536743,1355500
2004-09-03,3.64857816696167,3.859999895095825,4.019999980926514,3.809999942779541,3.940000057220459,2262800
2004-09-07,3.5351507663726807,3.740000009536743,4.03000020980835,3.740000009536743,4.010000228881836,1642400
2004-09-08,3.355557918548584,3.549999952316284,3.740000009536743,3.5,3.680000066757202,2794300
2004-09-09,3.629673480987549,3.839999914169312,3.880000114440918,3.569999933242798,3.650000095367432,2782400
2004-09-10,3.64857816696167,3.859999895095825,3.990000009536743,3.7699999809265137,3.849999904632568,1381200
2004-09-13,3.799814224243164,4.019999980926514,4.03000020980835,3.849999904632568,3.930000066757202,1767400
2004-09-14,3.7336485385894775,3.950000047683716,4.03000020980835,3.869999885559082,4.03000020980835,1467200
2004-09-15,3.620221138000488,3.829999923706055,3.9700000286102295,3.829999923706055,3.869999885559082,3079300
2004-09-16,3.639126062393189,3.849999904632568,3.940000057220459,3.7899999618530273,3.900000095367432,1095600
2004-09-17,3.639126062393189,3.849999904632568,3.890000104904175,3.7699999809265137,3.849999904632568,1687400
2004-09-20,3.6958396434783936,3.910000085830689,4.119999885559082,3.809999942779541,3.930000066757202,1758300
2004-09-21,3.544602394104004,3.75,4.050000190734863,3.7300000190734863,4.050000190734863,2532000
2004-09-22,3.5351507663726807,3.740000009536743,3.809999942779541,3.700000047683716,3.7699999809265137,1235500
2004-09-23,3.525698184967041,3.7300000190734863,3.799999952316284,3.680000066757202,3.7200000286102295,1299600
2004-09-24,3.412271022796631,3.609999895095825,3.829999923706055,3.5999999046325684,3.759999990463257,1667800
2004-09-27,3.2799394130706787,3.470000028610229,3.640000104904175,3.470000028610229,3.549999952316284,1536400
2004-09-28,3.157059907913208,3.3399999141693115,3.569999933242798,3.309999942779541,3.569999933242798,2642800
2004-09-29,3.2043211460113525,3.390000104904175,3.4800000190734863,3.319999933242798,3.3499999046325684,2053000
2004-09-30,3.450080394744873,3.650000095367432,3.759999990463257,3.490000009536743,3.549999952316284,4527600
2004-10-01,3.686387538909912,3.900000095367432,3.940000057220459,3.7300000190734863,3.7699999809265137,2692100
2004-10-04,3.847076654434204,4.070000171661377,4.28000020980835,3.910000085830689,3.930000066757202,4528400
2004-10-05,3.837623357772827,4.059999942779541,4.130000114440918,3.950000047683716,4.050000190734863,2696000
2004-10-06,3.9415979385375977,4.170000076293945,4.21999979019165,3.940000057220459,4.050000190734863,2320600
2004-10-07,4.281880855560303,4.53000020980835,4.590000152587891,4.239999771118164,4.25,4532600
2004-10-08,4.036120891571045,4.269999980926514,4.480000019073486,4.150000095367432,4.449999809265137,2409300
2004-10-11,4.026669979095459,4.260000228881836,4.389999866485596,4.150000095367432,4.320000171661377,2148000
2004-10-12,3.979408025741577,4.210000038146973,4.260000228881836,3.75,3.819999933242798,3021500
2004-10-13,4.319690704345703,4.570000171661377,4.619999885559082,4.409999847412109,4.46999979019165,3429800
2004-10-14,4.2913312911987305,4.539999961853027,4.559999942779541,4.300000190734863,4.5,1905400
2004-10-15,4.140097141265869,4.380000114440918,4.539999961853027,4.300000190734863,4.429999828338623,1188600
2004-10-18,4.225165843963623,4.46999979019165,4.480000019073486,4.170000076293945,4.360000133514404,1071200
2004-10-19,4.177906036376953,4.420000076293945,4.699999809265137,4.409999847412109,4.579999923706055,1740100
2004-10-20,4.300784587860107,4.550000190734863,4.579999923706055,4.300000190734863,4.420000076293945,2093700
2004-10-21,4.792304039001465,5.070000171661377,5.079999923706055,4.550000190734863,4.559999942779541,2591800
2004-10-22,4.565447807312012,4.829999923706055,5.21999979019165,4.820000171661377,5.130000114440918,3771800
2004-10-25,4.971896648406982,5.260000228881836,5.309999942779541,4.699999809265137,4.829999923706055,2954700
2004-10-26,4.697780132293701,4.96999979019165,5.360000133514404,4.929999828338623,5.25,3740600
2004-10-27,4.659971237182617,4.929999828338623,5.050000190734863,4.579999923706055,4.710000038146973,4346000
2004-10-28,4.726138114929199,5.0,5.070000171661377,4.670000076293945,4.710000038146973,3118800
2004-10-29,4.707232475280762,4.980000019073486,5.059999942779541,4.900000095367432,5.0,1299500
2004-11-01,4.801755428314209,5.079999923706055,5.170000076293945,4.940000057220459,4.940000057220459,1248600
2004-11-02,4.867920875549316,5.150000095367432,5.360000133514404,4.989999771118164,5.03000020980835,2062200
2004-11-03,4.934087753295898,5.21999979019165,5.5,5.159999847412109,5.429999828338623,1665600
2004-11-04,5.019157409667969,5.309999942779541,5.360000133514404,5.010000228881836,5.110000133514404,2014000
2004-11-05,5.217656135559082,5.519999980926514,5.650000095367432,5.369999885559082,5.420000076293945,2413700
2004-11-08,5.227108955383301,5.53000020980835,5.650000095367432,5.449999809265137,5.539999961853027,1108600
2004-11-09,5.2082037925720215,5.510000228881836,5.539999961853027,5.400000095367432,5.489999771118164,1179800
2004-11-10,5.104228973388672,5.400000095367432,5.559999942779541,5.400000095367432,5.5,1259200
2004-11-11,5.056965827941895,5.349999904632568,5.449999809265137,5.329999923706055,5.400000095367432,1309000
2004-11-12,5.019157409667969,5.309999942779541,5.400000095367432,5.239999771118164,5.329999923706055,2152800
2004-11-15,5.331082820892334,5.639999866485596,5.71999979019165,5.099999904632568,5.340000152587891,1794800
2004-11-16,5.368892669677734,5.679999828338623,5.789999961853027,5.460000038146973,5.659999847412109,891000
2004-11-17,5.652459621429443,5.980000019073486,6.090000152587891,5.710000038146973,5.849999904632568,2170300
2004-11-18,5.576842784881592,5.900000095367432,5.949999809265137,5.53000020980835,5.889999866485596,1579100
2004-11-19,5.274368762969971,5.579999923706055,5.989999771118164,5.559999942779541,5.989999771118164,1304200
2004-11-22,5.359440326690674,5.670000076293945,5.670000076293945,5.409999847412109,5.510000228881836,1308900
2004-11-23,5.189298629760742,5.489999771118164,5.75,5.449999809265137,5.75,841000
2004-11-24,5.397249221801758,5.710000038146973,5.860000133514404,5.449999809265137,5.5,1536200
2004-11-26,5.29327392578125,5.599999904632568,5.829999923706055,5.599999904632568,5.75,351500
2004-11-29,5.331082820892334,5.639999866485596,5.75,5.539999961853027,5.710000038146973,867200
2004-11-30,5.198751449584961,5.5,5.71999979019165,5.5,5.639999866485596,817300
2004-12-01,5.482318878173828,5.800000190734863,5.849999904632568,5.550000190734863,5.650000095367432,1005800
2004-12-02,5.567389488220215,5.889999866485596,6.110000133514404,5.71999979019165,5.760000228881836,2449300
2004-12-03,6.333024501800537,6.699999809265137,6.75,6.199999809265137,6.300000190734863,5627300
2004-12-06,6.191240310668945,6.550000190734863,6.699999809265137,6.400000095367432,6.659999847412109,2582600
2004-12-07,5.917123794555664,6.260000228881836,6.800000190734863,6.239999771118164,6.630000114440918,2540800
2004-12-08,5.784791946411133,6.119999885559082,6.28000020980835,6.059999942779541,6.25,1185000
2004-12-09,5.633555889129639,5.960000038146973,6.130000114440918,5.659999847412109,5.929999828338623,1890200
2004-12-10,5.728078365325928,6.059999942779541,6.150000095367432,5.860000133514404,5.949999809265137,906000
2004-12-13,5.661913871765137,5.989999771118164,6.150000095367432,5.989999771118164,6.019999980926514,772500
2004-12-14,5.841505527496338,6.179999828338623,6.420000076293945,6.010000228881836,6.139999866485596,1553800
2004-12-15,5.841505527496338,6.179999828338623,6.400000095367432,6.150000095367432,6.260000228881836,2009200
2004-12-16,5.888767719268799,6.230000019073486,6.449999809265137,6.119999885559082,6.159999847412109,1380600
2004-12-17,5.728078365325928,6.059999942779541,6.260000228881836,6.03000020980835,6.090000152587891,954000
2004-12-20,5.6808180809021,6.010000228881836,6.25,5.769999980926514,6.130000114440918,1603400
2004-12-21,5.775339603424072,6.110000133514404,6.199999809265137,5.980000019073486,5.989999771118164,1140500
2004-12-22,5.832053661346436,6.170000076293945,6.5,6.019999980926514,6.130000114440918,1529500
2004-12-23,5.822601318359375,6.159999847412109,6.28000020980835,6.079999923706055,6.28000020980835,1201600
2004-12-27,5.860410213470459,6.199999809265137,6.25,6.119999885559082,6.179999828338623,857700
2004-12-28,5.869863033294678,6.210000038146973,6.260000228881836,6.099999904632568,6.199999809265137,1303300
2004-12-29,6.247954368591309,6.610000133514404,6.630000114440918,6.179999828338623,6.179999828338623,2991400
2004-12-30,6.276311874389648,6.639999866485596,6.679999828338623,6.460000038146973,6.679999828338623,1493500
2004-12-31,6.314119815826416,6.679999828338623,6.739999771118164,6.579999923706055,6.579999923706055,1022600
2005-01-03,6.143979072570801,6.5,6.900000095367432,6.449999809265137,6.849999904632568,1666500
2005-01-04,5.652459621429443,5.980000019073486,6.570000171661377,5.929999828338623,6.5,2450100
2005-01-05,5.264915943145752,5.570000171661377,5.949999809265137,5.309999942779541,5.920000076293945,4958700
2005-01-06,5.160942077636719,5.460000038146973,5.639999866485596,5.329999923706055,5.599999904632568,3038800
2005-01-07,4.943539142608643,5.230000019073486,5.590000152587891,5.179999828338623,5.510000228881836,1962500
2005-01-10,4.811208248138428,5.090000152587891,5.289999961853027,5.039999961853027,5.170000076293945,1851100
2005-01-11,4.650518894195557,4.920000076293945,5.090000152587891,4.760000228881836,5.070000171661377,2782500
2005-01-12,4.574902057647705,4.840000152587891,5.070000171661377,4.75,4.96999979019165,1764200
2005-01-13,4.4614739418029785,4.71999979019165,4.889999866485596,4.650000095367432,4.809999942779541,1167800
2005-01-14,4.442570209503174,4.699999809265137,4.760000228881836,4.380000114440918,4.619999885559082,4147000
2005-01-18,4.527639389038086,4.789999961853027,4.880000114440918,4.610000133514404,4.739999771118164,1326500
2005-01-19,4.423665046691895,4.679999828338623,4.889999866485596,4.670000076293945,4.78000020980835,1580700
2005-01-20,4.300784587860107,4.550000190734863,4.650000095367432,4.46999979019165,4.630000114440918,1591500
2005-01-21,4.253523826599121,4.5,4.670000076293945,4.449999809265137,4.550000190734863,1306800
2005-01-24,4.064478874206543,4.300000190734863,4.590000152587891,4.25,4.5,1418600
2005-01-25,4.026669979095459,4.260000228881836,4.380000114440918,4.199999809265137,4.300000190734863,828200
2005-01-26,4.121192932128906,4.360000133514404,4.389999866485596,4.199999809265137,4.340000152587891,1296000
2005-01-27,4.121192932128906,4.360000133514404,4.510000228881836,4.289999961853027,4.389999866485596,1513700
2005-01-28,4.064478874206543,4.300000190734863,4.429999828338623,4.269999980926514,4.400000095367432,1310000
2005-01-31,4.187356948852539,4.429999828338623,4.480000019073486,4.349999904632568,4.360000133514404,1277200
2005-02-01,4.225165843963623,4.46999979019165,4.5,4.389999866485596,4.449999809265137,1552000
2005-02-02,4.3574981689453125,4.610000133514404,4.679999828338623,4.489999771118164,4.539999961853027,1646900
2005-02-03,4.253523826599121,4.5,4.639999866485596,4.380000114440918,4.559999942779541,1050800
2005-02-04,4.499283790588379,4.760000228881836,4.800000190734863,4.449999809265137,4.519999980926514,1279000
2005-02-07,4.433116912841797,4.690000057220459,4.860000133514404,4.630000114440918,4.849999904632568,1089100
2005-02-08,4.574902057647705,4.840000152587891,4.840000152587891,4.630000114440918,4.630000114440918,1238700
2005-02-09,3.724196195602417,3.940000057220459,4.460000038146973,3.890000104904175,4.449999809265137,7320200
2005-02-10,3.5729596614837646,3.7799999713897705,4.0,3.7300000190734863,3.9800000190734863,3308400
2005-02-11,3.913241624832153,4.139999866485596,4.25,3.7799999713897705,3.809999942779541,2711000
2005-02-14,3.9321460723876953,4.159999847412109,4.21999979019165,4.090000152587891,4.170000076293945,1145900
2005-02-15,4.017216682434082,4.25,4.429999828338623,4.099999904632568,4.119999885559082,2031400
2005-02-16,4.064478874206543,4.300000190734863,4.329999923706055,4.099999904632568,4.269999980926514,1755800
2005-02-17,3.922694206237793,4.150000095367432,4.369999885559082,4.150000095367432,4.25,929000
2005-02-18,3.922694206237793,4.150000095367432,4.260000228881836,4.079999923706055,4.199999809265137,519500
2005-02-22,3.998311996459961,4.230000019073486,4.389999866485596,4.119999885559082,4.269999980926514,1433600
2005-02-23,4.036120891571045,4.269999980926514,4.340000152587891,4.150000095367432,4.230000019073486,1128700
2005-02-24,4.102287292480469,4.340000152587891,4.369999885559082,4.210000038146973,4.25,923400
2005-02-25,4.168452739715576,4.409999847412109,4.449999809265137,4.300000190734863,4.349999904632568,965100
2005-02-28,4.13064432144165,4.369999885559082,4.510000228881836,4.269999980926514,4.380000114440918,1172900
2005-03-01,4.300784587860107,4.550000190734863,4.650000095367432,4.429999828338623,4.449999809265137,1277200
2005-03-02,4.310237407684326,4.559999942779541,4.610000133514404,4.440000057220459,4.579999923706055,1297500
2005-03-03,4.196810722351074,4.440000057220459,4.619999885559082,4.349999904632568,4.579999923706055,1532400
2005-03-04,4.215713977813721,4.460000038146973,4.559999942779541,4.300000190734863,4.5,1713200
2005-03-07,4.452022075653076,4.710000038146973,4.75,4.409999847412109,4.510000228881836,3299800
2005-03-08,4.546544075012207,4.809999942779541,4.929999828338623,4.630000114440918,4.670000076293945,2712700
2005-03-09,4.650518894195557,4.920000076293945,5.119999885559082,4.900000095367432,4.900000095367432,6038300
2005-03-10,4.111739635467529,4.349999904632568,4.960000038146973,4.289999961853027,4.920000076293945,5779900
2005-03-11,4.036120891571045,4.269999980926514,4.489999771118164,4.210000038146973,4.360000133514404,2075000
2005-03-14,4.102287292480469,4.340000152587891,4.380000114440918,4.28000020980835,4.329999923706055,1399900
2005-03-15,3.9415979385375977,4.170000076293945,4.429999828338623,4.050000190734863,4.369999885559082,1837500
2005-03-16,3.7903621196746826,4.010000228881836,4.179999828338623,3.869999885559082,4.159999847412109,3025700
2005-03-17,3.951050519943237,4.179999828338623,4.239999771118164,3.990000009536743,4.019999980926514,1566000
2005-03-18,3.922694206237793,4.150000095367432,4.320000171661377,4.110000133514404,4.199999809265137,1712400
2005-03-21,3.9037892818450928,4.130000114440918,4.21999979019165,4.110000133514404,4.199999809265137,746100
2005-03-22,3.828171491622925,4.050000190734863,4.300000190734863,4.039999961853027,4.150000095367432,958900
2005-03-23,3.743100643157959,3.9600000381469727,4.150000095367432,3.9600000381469727,4.050000190734863,1587100
2005-03-24,3.809267282485962,4.03000020980835,4.119999885559082,4.0,4.010000228881836,718900
2005-03-28,3.780909776687622,4.0,4.150000095367432,3.990000009536743,4.03000020980835,1048000
2005-03-29,3.629673480987549,3.839999914169312,4.010000228881836,3.809999942779541,4.0,1274400
2005-03-30,3.686387538909912,3.900000095367432,3.950000047683716,3.799999952316284,3.880000114440918,912500
2005-03-31,3.64857816696167,3.859999895095825,3.9600000381469727,3.7699999809265137,3.890000104904175,1118900
2005-04-01,3.705291271209717,3.920000076293945,3.9700000286102295,3.75,3.849999904632568,1830300
2005-04-04,3.7336485385894775,3.950000047683716,4.0,3.900000095367432,3.9800000190734863,1141100
2005-04-05,3.752553224563599,3.9700000286102295,4.159999847412109,3.940000057220459,4.03000020980835,1477300
2005-04-06,3.818718671798706,4.039999961853027,4.110000133514404,4.019999980926514,4.079999923706055,927600
2005-04-07,3.988860607147217,4.21999979019165,4.260000228881836,4.050000190734863,4.099999904632568,1000200
2005-04-08,3.828171491622925,4.050000190734863,4.25,4.050000190734863,4.210000038146973,665400
2005-04-11,3.7903621196746826,4.010000228881836,4.139999866485596,3.990000009536743,4.110000133514404,602300
2005-04-12,3.686387538909912,3.900000095367432,4.039999961853027,3.7899999618530273,4.019999980926514,1204500
2005-04-13,3.4595329761505127,3.660000085830689,3.920000076293945,3.619999885559082,3.910000085830689,1608900
2005-04-14,3.213773250579834,3.400000095367432,3.7799999713897705,3.3399999141693115,3.690000057220459,2303000
2005-04-15,2.977466821670532,3.150000095367432,3.4100000858306885,3.0999999046325684,3.299999952316284,4811200
2005-04-18,2.9113006591796875,3.0799999237060547,3.259999990463257,3.059999942779541,3.25,2811800
2005-04-19,3.2232260704040527,3.4100000858306885,3.4800000190734863,3.0899999141693115,3.0999999046325684,2534400
2005-04-20,3.0908939838409424,3.2699999809265137,3.670000076293945,3.220000028610229,3.539999961853028,2128100
2005-04-21,3.402818441390991,3.5999999046325684,3.619999885559082,3.2699999809265137,3.3499999046325684,1434600
2005-04-22,3.128703117370605,3.309999942779541,3.660000085830689,3.299999952316284,3.559999942779541,1700700
2005-04-25,3.2043211460113525,3.390000104904175,3.470000028610229,3.319999933242798,3.440000057220459,864400
2005-04-26,3.2893917560577397,3.4800000190734863,3.5199999809265137,3.3399999141693115,3.4200000762939453,885400
2005-04-27,3.308296203613281,3.5,3.539999961853028,3.3299999237060547,3.4100000858306885,1009000
2005-04-28,3.2704873085021973,3.4600000381469727,3.619999885559082,3.4600000381469727,3.559999942779541,1547400
2005-04-29,3.053084135055542,3.2300000190734863,3.450000047683716,3.0799999237060547,3.400000095367432,2132300
2005-05-02,2.977466821670532,3.150000095367432,3.470000028610229,3.150000095367432,3.3499999046325684,1418200
2005-05-03,2.958561897277832,3.130000114440918,3.2699999809265137,3.0999999046325684,3.200000047683716,1594100
2005-05-04,3.2421305179595947,3.430000066757202,3.539999961853028,3.150000095367432,3.1700000762939453,3291400
2005-05-05,2.9113006591796875,3.0799999237060547,3.470000028610229,2.990000009536743,3.200000047683716,4596100
2005-05-06,3.0719895362854004,3.25,3.319999933242798,3.0999999046325684,3.200000047683716,1907800
2005-05-09,3.0814414024353027,3.259999990463257,3.400000095367432,3.200000047683716,3.2100000381469727,1506100
2005-05-10,3.138155937194824,3.319999933242798,3.490000009536743,3.25,3.309999942779541,1571300
2005-05-11,3.128703117370605,3.309999942779541,3.390000104904175,3.2300000190734863,3.3299999237060547,1354100
2005-05-12,2.9113006591796875,3.0799999237060547,3.359999895095825,3.069999933242798,3.3299999237060547,4698000
2005-05-13,2.778969049453736,2.940000057220459,3.109999895095825,2.869999885559082,3.009999990463257,6256300
2005-05-16,2.882943630218506,3.049999952316284,3.0999999046325684,2.869999885559082,3.039999961853028,1564600
2005-05-17,2.80732536315918,2.970000028610229,3.0799999237060547,2.900000095367432,3.0799999237060547,4135500
2005-05-18,2.968014478683472,3.140000104904175,3.150000095367432,2.9200000762939453,2.990000009536743,2539600
2005-05-19,3.06253719329834,3.240000009536743,3.2699999809265137,3.0999999046325684,3.119999885559082,1516300
2005-05-20,3.0719895362854004,3.25,3.299999952316284,3.140000104904175,3.2699999809265137,1203000
2005-05-23,3.0719895362854004,3.25,3.3299999237060547,3.190000057220459,3.289999961853028,2278600
2005-05-24,3.1192502975463867,3.299999952316284,3.3299999237060547,3.1600000858306885,3.299999952316284,918400
2005-05-25,3.06253719329834,3.240000009536743,3.3399999141693115,3.200000047683716,3.309999942779541,797800
2005-05-26,3.213773250579834,3.400000095367432,3.450000047683716,3.240000009536743,3.25,1979400
2005-05-27,3.3650095462799072,3.559999942779541,3.5899999141693115,3.400000095367432,3.4200000762939453,2694100
2005-05-31,3.3650095462799072,3.559999942779541,3.660000085830689,3.4800000190734863,3.549999952316284,3425900
2005-06-01,3.544602394104004,3.75,3.75,3.470000028610229,3.509999990463257,2390600
2005-06-02,4.206262111663818,4.449999809265137,4.449999809265137,3.700000047683716,3.740000009536743,6085800
2005-06-03,4.3574981689453125,4.610000133514404,4.840000152587891,4.369999885559082,4.440000057220459,5503400
2005-06-06,4.338593482971191,4.590000152587891,4.71999979019165,4.440000057220459,4.599999904632568,1908800
2005-06-07,4.470925807952881,4.730000019073486,4.889999866485596,4.550000190734863,4.579999923706055,3146200
2005-06-08,4.527639389038086,4.789999961853027,4.880000114440918,4.679999828338623,4.739999771118164,2573300
2005-06-09,4.593805313110352,4.860000133514404,4.889999866485596,4.699999809265137,4.75,1359200
2005-06-10,4.697780132293701,4.96999979019165,5.010000228881836,4.78000020980835,4.840000152587891,2338900
2005-06-13,4.782851219177246,5.059999942779541,5.199999809265137,4.949999809265137,4.980000019073486,3313900
2005-06-14,4.726138114929199,5.0,5.090000152587891,4.900000095367432,5.070000171661377,3006200
2005-06-15,4.726138114929199,5.0,5.070000171661377,4.75,4.96999979019165,4258000
2005-06-16,4.726138114929199,5.0,5.150000095367432,4.980000019073486,5.03000020980835,2984700
2005-06-17,4.726138114929199,5.0,5.150000095367432,4.940000057220459,4.989999771118164,1625000
2005-06-20,4.688327789306641,4.960000038146973,5.039999961853027,4.889999866485596,4.989999771118164,1383700
2005-06-21,4.612711429595947,4.880000114440918,5.039999961853027,4.860000133514404,5.0,1238800
2005-06-22,4.593805313110352,4.860000133514404,5.0,4.840000152587891,4.900000095367432,2070300
2005-06-23,4.574902057647705,4.840000152587891,4.920000076293945,4.710000038146973,4.860000133514404,2539900
2005-06-24,4.348045825958252,4.599999904632568,4.849999904632568,4.349999904632568,4.849999904632568,7628600
2005-06-27,4.300784587860107,4.550000190734863,4.679999828338623,4.449999809265137,4.550000190734863,2837300
2005-06-28,4.366950988769531,4.619999885559082,4.690000057220459,4.559999942779541,4.579999923706055,1338000
2005-06-29,4.310237407684326,4.559999942779541,4.659999847412109,4.5,4.590000152587891,802500
2005-06-30,4.281880855560303,4.53000020980835,4.619999885559082,4.489999771118164,4.539999961853027,927500
2005-07-01,4.272427082061768,4.519999980926514,4.639999866485596,4.449999809265137,4.53000020980835,673600
2005-07-05,4.499283790588379,4.760000228881836,4.769999980926514,4.420000076293945,4.489999771118164,2975900
2005-07-06,4.423665046691895,4.679999828338623,4.800000190734863,4.639999866485596,4.679999828338623,2206500
2005-07-07,4.442570209503174,4.699999809265137,4.75,4.5,4.510000228881836,1093600
2005-07-08,4.659971237182617,4.929999828338623,4.96999979019165,4.619999885559082,4.690000057220459,1996900
2005-07-11,4.858468532562256,5.139999866485596,5.25,4.960000038146973,4.980000019073486,3015100
2005-07-12,4.905730247497559,5.190000057220459,5.230000019073486,5.019999980926514,5.130000114440918,1151900
2005-07-13,4.867920875549316,5.150000095367432,5.199999809265137,5.019999980926514,5.190000057220459,1268600
2005-07-14,5.160942077636719,5.460000038146973,5.550000190734863,5.179999828338623,5.199999809265137,3183800
2005-07-15,5.198751449584961,5.5,5.550000190734863,5.25,5.409999847412109,1379400
2005-07-18,5.151489734649658,5.449999809265137,5.5,5.260000228881836,5.409999847412109,1091300
2005-07-19,5.274368762969971,5.579999923706055,5.650000095367432,5.400000095367432,5.449999809265137,1179300
2005-07-20,5.359440326690674,5.670000076293945,5.75,5.329999923706055,5.5,1751700
2005-07-21,5.29327392578125,5.599999904632568,5.809999942779541,5.53000020980835,5.679999828338623,1846000
2005-07-22,5.4161529541015625,5.730000019073486,5.75,5.599999904632568,5.670000076293945,1373800
2005-07-25,5.425605773925781,5.739999771118164,5.889999866485596,5.619999885559082,5.699999809265137,1371000
2005-07-26,5.671363830566406,6.0,6.059999942779541,5.829999923706055,5.880000114440918,3313200
2005-07-27,5.501224517822266,5.820000171661377,6.119999885559082,5.789999961853027,5.96999979019165,2413300
2005-07-28,4.489831447601318,4.75,5.190000057220459,4.670000076293945,5.119999885559082,14243600
2005-07-29,4.404758930206299,4.659999847412109,4.75,4.400000095367432,4.75,5495600
2005-08-01,4.650518894195557,4.920000076293945,4.980000019073486,4.639999866485596,4.639999866485596,2564200
2005-08-02,4.697780132293701,4.96999979019165,5.019999980926514,4.880000114440918,4.980000019073486,1576900
2005-08-03,4.659971237182617,4.929999828338623,5.050000190734863,4.840000152587891,4.929999828338623,1256900
2005-08-04,4.603257179260254,4.869999885559082,4.960000038146973,4.820000171661377,4.929999828338623,1251600
2005-08-05,4.641066551208496,4.909999847412109,4.980000019073486,4.75,4.840000152587891,990800
2005-08-08,4.707232475280762,4.980000019073486,5.010000228881836,4.880000114440918,4.929999828338623,1749900
2005-08-09,4.792304039001465,5.070000171661377,5.119999885559082,4.929999828338623,5.019999980926514,952500
2005-08-10,4.915182590484619,5.199999809265137,5.320000171661377,5.090000152587891,5.099999904632568,1842700
2005-08-11,5.104228973388672,5.400000095367432,5.409999847412109,5.190000057220459,5.21999979019165,1520100
2005-08-12,4.9246344566345215,5.210000038146973,5.409999847412109,5.190000057220459,5.409999847412109,1855200
2005-08-15,4.943539142608643,5.230000019073486,5.289999961853027,5.130000114440918,5.190000057220459,1396900
2005-08-16,4.896278858184815,5.179999828338623,5.239999771118164,5.130000114440918,5.190000057220459,1149900
2005-08-17,5.019157409667969,5.309999942779541,5.349999904632568,5.190000057220459,5.210000038146973,901200
2005-08-18,4.905730247497559,5.190000057220459,5.380000114440918,5.150000095367432,5.289999961853027,1118000
2005-08-19,4.934087753295898,5.21999979019165,5.349999904632568,5.130000114440918,5.159999847412109,689500
2005-08-22,5.019157409667969,5.309999942779541,5.420000076293945,5.03000020980835,5.039999961853027,1775800
2005-08-23,4.82066011428833,5.099999904632568,5.329999923706055,5.090000152587891,5.289999961853027,1201500
2005-08-24,4.754494667053223,5.03000020980835,5.320000171661377,4.800000190734863,4.869999885559082,3176600
2005-08-25,4.792304039001465,5.070000171661377,5.110000133514404,5.0,5.019999980926514,642200
2005-08-26,4.659971237182617,4.929999828338623,5.150000095367432,4.929999828338623,5.050000190734863,1628100
2005-08-29,4.659971237182617,4.929999828338623,5.059999942779541,4.849999904632568,4.860000133514404,910600
2005-08-30,4.641066551208496,4.909999847412109,5.039999961853027,4.829999923706055,4.880000114440918,1024800
2005-08-31,4.82066011428833,5.099999904632568,5.099999904632568,4.909999847412109,4.929999828338623,1254200
2005-09-01,4.631614685058594,4.900000095367432,5.170000076293945,4.869999885559082,5.130000114440918,1440700
2005-09-02,4.67887544631958,4.949999809265137,4.980000019073486,4.860000133514404,4.900000095367432,818700
2005-09-06,4.754494667053223,5.03000020980835,5.099999904632568,4.929999828338623,4.96999979019165,762400
2005-09-07,4.792304039001465,5.070000171661377,5.150000095367432,5.0,5.03000020980835,1191400
2005-09-08,5.066420078277588,5.360000133514404,5.380000114440918,5.039999961853027,5.039999961853027,1782200
2005-09-09,5.246012210845947,5.550000190734863,5.800000190734863,5.409999847412109,5.460000038146973,2551400
2005-09-12,5.104228973388672,5.400000095367432,5.590000152587891,5.309999942779541,5.590000152587891,2362200
2005-09-13,5.123132228851318,5.420000076293945,5.489999771118164,5.230000019073486,5.230000019073486,1215700
2005-09-14,4.952991485595703,5.239999771118164,5.5,5.239999771118164,5.400000095367432,1408700
2005-09-15,4.763947010040283,5.039999961853027,5.360000133514404,4.989999771118164,5.239999771118164,1856900
2005-09-16,4.631614685058594,4.900000095367432,5.110000133514404,4.829999923706055,5.050000190734863,2458800
2005-09-19,4.480378150939941,4.739999771118164,5.019999980926514,4.670000076293945,4.909999847412109,1350800
2005-09-20,4.574902057647705,4.840000152587891,5.019999980926514,4.739999771118164,4.739999771118164,1684300
2005-09-21,4.385855674743652,4.639999866485596,4.900000095367432,4.559999942779541,4.840000152587891,2597900
2005-09-22,4.234618663787842,4.480000019073486,4.670000076293945,4.349999904632568,4.659999847412109,2116500
2005-09-23,4.102287292480469,4.340000152587891,4.539999961853027,4.25,4.480000019073486,2207300
2005-09-26,4.064478874206543,4.300000190734863,4.449999809265137,4.239999771118164,4.340000152587891,1115100
2005-09-27,3.913241624832153,4.139999866485596,4.320000171661377,4.079999923706055,4.300000190734863,1620800
2005-09-28,3.9605038166046143,4.190000057220459,4.25,4.090000152587891,4.179999828338623,1604900
2005-09-29,4.159000396728516,4.400000095367432,4.429999828338623,4.170000076293945,4.179999828338623,1041300
2005-09-30,4.121192932128906,4.360000133514404,4.449999809265137,4.340000152587891,4.400000095367432,1018500
2005-10-03,4.2440714836120605,4.489999771118164,4.5,4.349999904632568,4.389999866485596,1138600
2005-10-04,4.159000396728516,4.400000095367432,4.550000190734863,4.380000114440918,4.480000019073486,1057600
2005-10-05,3.951050519943237,4.179999828338623,4.429999828338623,4.159999847412109,4.360000133514404,1044000
2005-10-06,3.847076654434204,4.070000171661377,4.300000190734863,4.0,4.190000057220459,1275000
2005-10-07,3.865980625152588,4.090000152587891,4.179999828338623,4.03000020980835,4.099999904632568,2691000
2005-10-10,3.875432729721069,4.099999904632568,4.190000057220459,4.070000171661377,4.070000171661377,1442000
2005-10-11,3.5729596614837646,3.7799999713897705,4.190000057220459,3.7200000286102295,4.119999885559082,2904500
2005-10-12,3.4595329761505127,3.660000085830689,3.7799999713897705,3.5999999046325684,3.759999990463257,2643000
2005-10-13,3.5824122428894043,3.7899999618530273,3.809999942779541,3.569999933242798,3.680000066757202,1355400
2005-10-14,3.629673480987549,3.839999914169312,3.9700000286102295,3.740000009536743,3.819999933242798,1164300
2005-10-17,3.686387538909912,3.900000095367432,3.9700000286102295,3.7699999809265137,3.839999914169312,968000
2005-10-18,3.76200532913208,3.9800000190734863,3.9800000190734863,3.809999942779541,3.880000114440918,1176000
2005-10-19,3.809267282485962,4.03000020980835,4.050000190734863,3.869999885559082,3.950000047683716,1430500
2005-10-20,3.85652756690979,4.079999923706055,4.190000057220459,4.019999980926514,4.039999961853027,1030000
2005-10-21,3.998311996459961,4.230000019073486,4.28000020980835,4.070000171661377,4.079999923706055,1275700
2005-10-24,4.215713977813721,4.460000038146973,4.460000038146973,4.210000038146973,4.230000019073486,1760900
2005-10-25,4.329141616821289,4.579999923706055,4.650000095367432,4.449999809265137,4.460000038146973,1820300
2005-10-26,4.13064432144165,4.369999885559082,4.650000095367432,4.300000190734863,4.599999904632568,2029400
2005-10-27,4.726138114929199,5.0,5.25,4.860000133514404,4.909999847412109,10065200
2005-10-28,4.858468532562256,5.139999866485596,5.510000228881836,4.920000076293945,4.989999771118164,3682900
2005-10-31,4.990800380706787,5.28000020980835,5.309999942779541,5.159999847412109,5.190000057220459,1766300
2005-11-01,5.113680839538574,5.409999847412109,5.449999809265137,5.150000095367432,5.260000228881836,2114500
2005-11-02,5.198751449584961,5.5,5.510000228881836,5.340000152587891,5.389999866485596,1969000
2005-11-03,5.368892669677734,5.679999828338623,5.739999771118164,5.489999771118164,5.539999961853027,1961500
2005-11-04,5.4161529541015625,5.730000019073486,5.889999866485596,5.570000171661377,5.659999847412109,2079500
2005-11-07,5.482318878173828,5.800000190734863,5.920000076293945,5.75,5.829999923706055,1860600
2005-11-08,5.425605773925781,5.739999771118164,5.900000095367432,5.650000095367432,5.860000133514404,1453200
2005-11-09,5.51067590713501,5.829999923706055,5.880000114440918,5.599999904632568,5.769999980926514,1716500
2005-11-10,5.425605773925781,5.739999771118164,5.900000095367432,5.630000114440918,5.849999904632568,1628800
2005-11-11,5.425605773925781,5.739999771118164,5.849999904632568,5.71999979019165,5.739999771118164,1159300
2005-11-14,5.340535640716553,5.650000095367432,5.840000152587891,5.630000114440918,5.75,1970700
2005-11-15,5.368892669677734,5.679999828338623,5.71999979019165,5.610000133514404,5.690000057220459,1107200
2005-11-16,5.349987506866455,5.659999847412109,5.769999980926514,5.599999904632568,5.650000095367432,1579600
2005-11-17,5.529580593109131,5.849999904632568,5.980000019073486,5.650000095367432,5.699999809265137,2661000
2005-11-18,5.860410213470459,6.199999809265137,6.400000095367432,5.880000114440918,5.929999828338623,3201800
2005-11-21,5.936028957366943,6.28000020980835,6.460000038146973,6.099999904632568,6.199999809265137,2028300
2005-11-22,5.822601318359375,6.159999847412109,6.360000133514404,6.110000133514404,6.25,1542500
2005-11-23,5.80369758605957,6.139999866485596,6.28000020980835,6.050000190734863,6.079999923706055,700400
2005-11-25,5.898220062255859,6.239999771118164,6.28000020980835,6.099999904632568,6.119999885559082,265900
2005-11-28,5.822601318359375,6.159999847412109,6.300000190734863,6.099999904632568,6.239999771118164,1319500
2005-11-29,5.718626976013184,6.050000190734863,6.440000057220459,6.03000020980835,6.179999828338623,1160400
2005-11-30,5.860410213470459,6.199999809265137,6.269999980926514,6.070000171661377,6.070000171661377,1181200
2005-12-01,6.191240310668945,6.550000190734863,6.849999904632568,6.25,6.25,3098100
2005-12-02,6.266858577728272,6.630000114440918,6.989999771118164,6.570000171661377,6.650000095367432,3396900
2005-12-05,6.077812194824219,6.429999828338623,6.699999809265137,6.340000152587891,6.630000114440918,1830700
2005-12-06,6.134525775909424,6.489999771118164,6.699999809265137,6.460000038146973,6.460000038146973,1273600
2005-12-07,5.936028957366943,6.28000020980835,6.559999942779541,6.25,6.559999942779541,1762300
2005-12-08,5.756434917449951,6.090000152587891,6.380000114440918,6.039999961853027,6.28000020980835,2514000
2005-12-09,5.87931489944458,6.21999979019165,6.340000152587891,6.0,6.059999942779541,1891900
2005-12-12,5.898220062255859,6.239999771118164,6.28000020980835,6.190000057220459,6.230000019073486,1088900
2005-12-13,5.936028957366943,6.28000020980835,6.389999866485596,6.110000133514404,6.230000019073486,1658100
2005-12-14,5.98328971862793,6.329999923706055,6.369999885559082,6.139999866485596,6.28000020980835,2210600
2005-12-15,5.860410213470459,6.199999809265137,6.409999847412109,6.150000095367432,6.28000020980835,1667200
2005-12-16,5.368892669677734,5.679999828338623,6.010000228881836,5.579999923706055,5.849999904632568,6537000
2005-12-19,5.302725791931152,5.610000133514404,5.800000190734863,5.559999942779541,5.679999828338623,2993000
2005-12-20,5.841505527496338,6.179999828338623,6.429999828338623,6.0,6.340000152587891,4910300
2005-12-21,5.99274206161499,6.340000152587891,6.429999828338623,6.179999828338623,6.190000057220459,2465800
2005-12-22,5.841505527496338,6.179999828338623,6.369999885559082,6.150000095367432,6.340000152587891,1679700
2005-12-23,5.6808180809021,6.010000228881836,6.190000057220459,5.960000038146973,6.179999828338623,1823600
2005-12-27,5.529580593109131,5.849999904632568,6.0,5.849999904632568,5.980000019073486,1636400
2005-12-28,5.52012825012207,5.840000152587891,5.900000095367432,5.760000228881836,5.860000133514404,2194600
2005-12-29,5.321629524230957,5.630000114440918,5.809999942779541,5.619999885559082,5.809999942779541,2072200
2005-12-30,5.29327392578125,5.599999904632568,5.739999771118164,5.409999847412109,5.630000114440918,2847800
2006-01-03,5.25546407699585,5.559999942779541,5.679999828338623,5.440000057220459,5.659999847412109,2642100
2006-01-04,5.246012210845947,5.550000190734863,5.619999885559082,5.519999980926514,5.599999904632568,1509400
2006-01-05,5.472866535186768,5.789999961853027,5.829999923706055,5.53000020980835,5.590000152587891,4709800
2006-01-06,5.425605773925781,5.739999771118164,5.889999866485596,5.710000038146973,5.860000133514404,1731000
2006-01-09,5.378344058990479,5.690000057220459,5.800000190734863,5.670000076293945,5.75,1440100
2006-01-10,5.387795925140381,5.699999809265137,5.730000019073486,5.599999904632568,5.650000095367432,1019100
2006-01-11,5.340535640716553,5.650000095367432,5.739999771118164,5.550000190734863,5.710000038146973,1227800
2006-01-12,5.2365593910217285,5.539999961853027,5.679999828338623,5.5,5.630000114440918,1447000
2006-01-13,5.113680839538574,5.409999847412109,5.53000020980835,5.349999904632568,5.489999771118164,989900
2006-01-17,5.047514915466309,5.340000152587891,5.409999847412109,5.269999980926514,5.340000152587891,864500
2006-01-18,4.896278858184815,5.179999828338623,5.260000228881836,5.059999942779541,5.150000095367432,1986500
2006-01-19,5.160942077636719,5.460000038146973,5.480000019073486,5.159999847412109,5.269999980926514,1676600
2006-01-20,4.811208248138428,5.090000152587891,5.489999771118164,5.079999923706055,5.480000019073486,2443500
2006-01-23,4.830112457275391,5.110000133514404,5.170000076293945,4.989999771118164,5.070000171661377,1701300
2006-01-24,4.971896648406982,5.260000228881836,5.340000152587891,5.119999885559082,5.150000095367432,2403000
2006-01-25,4.858468532562256,5.139999866485596,5.340000152587891,5.079999923706055,5.28000020980835,1646400
2006-01-26,5.368892669677734,5.679999828338623,5.71999979019165,5.420000076293945,5.460000038146973,3931700
2006-01-27,5.387795925140381,5.699999809265137,5.760000228881836,5.579999923706055,5.679999828338623,1344800
2006-01-30,5.227108955383301,5.53000020980835,5.75,5.510000228881836,5.730000019073486,1146300
2006-01-31,5.321629524230957,5.630000114440918,5.650000095367432,5.420000076293945,5.5,1217000
2006-02-01,5.482318878173828,5.800000190734863,5.800000190734863,5.400000095367432,5.599999904632568,1782200
2006-02-02,5.2365593910217285,5.539999961853027,5.880000114440918,5.53000020980835,5.739999771118164,2264000
2006-02-03,5.246012210845947,5.550000190734863,5.579999923706055,5.420000076293945,5.519999980926514,1746000
2006-02-06,5.453961849212647,5.769999980926514,5.78000020980835,5.5,5.559999942779541,2422100
2006-02-07,5.548485279083252,5.869999885559082,6.019999980926514,5.769999980926514,5.789999961853027,3694000
2006-02-08,5.444511413574219,5.760000228881836,6.099999904632568,5.699999809265137,5.949999809265137,5708800
2006-02-09,6.465356349945068,6.840000152587891,7.480000019073486,6.829999923706055,7.119999885559082,18881300
2006-02-10,6.427546501159668,6.800000190734863,6.980000019073486,6.559999942779541,6.760000228881836,5677500
2006-02-13,6.6165924072265625,7.0,7.090000152587891,6.650000095367432,6.800000190734863,6499800
2006-02-14,6.720566749572754,7.110000133514404,7.289999961853027,7.0,7.0,5785000
2006-02-15,7.221537590026855,7.639999866485596,7.639999866485596,7.170000076293945,7.199999809265137,6025200
2006-02-16,7.637437343597412,8.079999923706055,8.100000381469727,7.699999809265137,7.710000038146973,9358400
2006-02-17,7.476748943328857,7.909999847412109,8.180000305175781,7.889999866485596,8.119999885559082,4193000
2006-02-21,7.372775077819824,7.800000190734863,7.949999809265137,7.630000114440918,7.869999885559082,3047200
2006-02-22,8.01552677154541,8.479999542236328,8.489999771118164,7.710000038146973,7.71999979019165,6926500
2006-02-23,8.516498565673828,9.010000228881836,9.079999923706056,8.40999984741211,8.4399995803833,8666100
2006-02-24,8.412524223327637,8.899999618530273,9.0,8.710000038146973,8.949999809265137,2541900
2006-02-27,8.374713897705078,8.859999656677246,9.119999885559082,8.800000190734863,8.829999923706055,2936100
2006-02-28,8.393621444702148,8.880000114440918,9.010000228881836,8.699999809265137,8.819999694824219,3513800
2006-03-01,9.159255027770996,9.6899995803833,9.720000267028809,8.890000343322754,8.890000343322754,4629700
2006-03-02,9.008016586303713,9.529999732971191,9.699999809265137,9.390000343322754,9.550000190734863,3503900
2006-03-03,9.206514358520508,9.739999771118164,10.0,9.350000381469728,9.399999618530272,4984200
2006-03-06,8.752806663513184,9.260000228881836,9.770000457763672,9.079999923706056,9.649999618530272,3771600
2006-03-07,8.223479270935059,8.699999809265137,9.050000190734863,8.609999656677246,9.039999961853027,4117200
2006-03-08,8.110051155090332,8.579999923706055,8.779999732971191,8.359999656677246,8.600000381469727,4487300
2006-03-09,8.034433364868164,8.5,8.9399995803833,8.489999771118164,8.630000114440918,3491000
2006-03-10,8.024979591369629,8.489999771118164,8.670000076293945,8.40999984741211,8.520000457763672,2299200
2006-03-13,8.062788963317871,8.529999732971191,8.779999732971191,8.520000457763672,8.600000381469727,2237900
2006-03-14,8.166765213012695,8.640000343322754,8.699999809265137,8.430000305175781,8.600000381469727,2245200
2006-03-15,8.459785461425781,8.949999809265137,8.949999809265137,8.699999809265137,8.720000267028809,1672800
2006-03-16,7.221537590026855,7.639999866485596,8.920000076293945,7.46999979019165,8.850000381469727,10919400
2006-03-17,7.089204788208008,7.5,7.789999961853027,7.320000171661377,7.789999961853027,7775400
2006-03-20,7.202633857727051,7.619999885559082,7.769999980926514,7.449999809265137,7.550000190734863,2531600
2006-03-21,7.221537590026855,7.639999866485596,7.860000133514404,7.150000095367432,7.639999866485596,5830700
2006-03-22,7.429488182067871,7.860000133514404,7.960000038146973,7.570000171661377,7.630000114440918,3417700
2006-03-23,7.722508907318115,8.170000076293945,8.34000015258789,7.75,7.820000171661377,4308200
2006-03-24,7.864292144775391,8.319999694824219,8.5,8.130000114440918,8.229999542236328,3306100
2006-03-27,7.968267917633057,8.430000305175781,8.510000228881836,8.279999732971191,8.319999694824219,2667500
2006-03-28,7.977721214294434,8.4399995803833,8.699999809265137,8.390000343322754,8.430000305175781,3016800
2006-03-29,8.403072357177734,8.890000343322754,8.9399995803833,8.4399995803833,8.5,3100500
2006-03-30,8.516498565673828,9.010000228881836,9.1899995803833,8.84000015258789,8.899999618530273,3467700
2006-03-31,8.166765213012695,8.640000343322754,9.100000381469728,8.479999542236328,8.960000038146973,4768700
2006-04-03,8.677186965942383,9.18000030517578,9.380000114440918,8.699999809265137,8.699999809265137,4260300
2006-04-04,8.563761711120605,9.0600004196167,9.279999732971191,9.010000228881836,9.18000030517578,2283700
2006-04-05,8.629928588867188,9.130000114440918,9.25,8.869999885559082,9.020000457763672,2188800
2006-04-06,8.800067901611328,9.3100004196167,9.3100004196167,9.100000381469728,9.100000381469728,2168400
2006-04-07,8.76225757598877,9.270000457763672,9.699999809265137,9.199999809265137,9.329999923706056,2330400
2006-04-10,8.299097061157227,8.779999732971191,9.199999809265137,8.680000305175781,9.1899995803833,3778700
2006-04-11,8.32745361328125,8.8100004196167,9.0600004196167,8.630000114440918,8.779999732971191,3427400
2006-04-12,8.232932090759277,8.710000038146973,8.920000076293945,8.65999984741211,8.760000228881836,1711200
2006-04-13,8.648832321166992,9.149999618530272,9.149999618530272,8.699999809265137,8.729999542236328,1929100
2006-04-17,8.667736053466797,9.170000076293944,9.260000228881836,8.979999542236328,9.09000015258789,4081100
2006-04-18,9.452276229858398,10.0,10.06999969482422,8.920000076293945,9.109999656677246,13922600
2006-04-19,10.113931655883787,10.699999809265137,10.84000015258789,9.380000114440918,10.0,13628300
2006-04-20,9.934340476989746,10.510000228881836,10.9399995803833,10.350000381469728,10.6899995803833,5059300
2006-04-21,9.792557716369627,10.359999656677246,10.6899995803833,10.0600004196167,10.5600004196167,3637300
2006-04-24,9.802009582519531,10.369999885559082,10.5600004196167,10.119999885559082,10.3100004196167,2831200
2006-04-25,10.095029830932615,10.68000030517578,10.789999961853027,10.420000076293944,10.449999809265137,3207800
2006-04-26,10.444764137268066,11.050000190734863,11.18000030517578,10.5600004196167,10.65999984741211,8639000
2006-04-27,11.76808261871338,12.449999809265137,13.09000015258789,12.0,12.380000114440918,17723100
2006-04-28,11.427800178527832,12.09000015258789,12.350000381469728,11.609999656677246,11.84000015258789,4968500
2006-05-01,11.352180480957031,12.010000228881836,12.479999542236328,11.949999809265137,11.979999542236328,4089200
2006-05-02,11.531774520874023,12.199999809265137,12.390000343322754,12.010000228881836,12.029999732971191,2386300
2006-05-03,11.805891036987305,12.489999771118164,12.5,12.0600004196167,12.06999969482422,2946300
2006-05-04,12.165078163146973,12.869999885559082,13.0,12.489999771118164,12.489999771118164,2854800
2006-05-05,12.023295402526855,12.720000267028809,13.050000190734863,12.56999969482422,12.979999542236328,3073400
2006-05-08,12.089457511901855,12.789999961853027,12.9399995803833,12.649999618530272,12.699999809265137,2240000
2006-05-09,11.75862979888916,12.4399995803833,12.75,12.300000190734863,12.720000267028809,3483300
2006-05-10,11.314372062683104,11.970000267028809,12.18000030517578,11.789999961853027,11.800000190734863,6604700
2006-05-11,10.605451583862305,11.220000267028809,12.010000228881836,11.170000076293944,12.010000228881836,6966400
2006-05-12,10.227361679077148,10.81999969482422,11.15999984741211,10.609999656677246,10.949999809265137,9672400
2006-05-15,9.66022491455078,10.220000267028809,10.699999809265137,10.06999969482422,10.369999885559082,7676700
2006-05-16,9.546799659729004,10.100000381469728,10.449999809265137,9.800000190734863,10.199999809265137,4919200
2006-05-17,9.63186740875244,10.1899995803833,10.34000015258789,9.90999984741211,9.9399995803833,4629000
2006-05-18,9.121442794799805,9.649999618530272,10.520000457763672,9.56999969482422,10.25,6053500
2006-05-19,9.263229370117188,9.800000190734863,9.989999771118164,9.390000343322754,9.710000038146973,6745500
2006-05-22,8.970209121704102,9.489999771118164,9.760000228881836,9.289999961853027,9.529999732971191,4886500
2006-05-23,9.036375045776367,9.5600004196167,10.199999809265137,9.489999771118164,9.649999618530272,5126500
2006-05-24,8.696091651916504,9.199999809265137,9.949999809265137,8.880000114440918,9.550000190734863,7323200
2006-05-25,8.932397842407227,9.449999809265137,9.579999923706056,9.149999618530272,9.3100004196167,6165400
2006-05-26,8.922947883605957,9.4399995803833,9.81999969482422,9.380000114440918,9.470000267028809,2872500
2006-05-30,8.818971633911133,9.329999923706056,9.470000267028809,9.1899995803833,9.289999961853027,2583300
2006-05-31,8.98911190032959,9.510000228881836,9.550000190734863,9.199999809265137,9.3100004196167,2927100
2006-06-01,9.65077304840088,10.210000038146973,10.260000228881836,9.5600004196167,9.5600004196167,5059000
2006-06-02,9.36720371246338,9.90999984741211,10.800000190734863,9.850000381469728,10.43000030517578,4576600
2006-06-05,8.818971633911133,9.329999923706056,10.140000343322754,9.3100004196167,9.90999984741211,3405700
2006-06-06,9.026923179626465,9.550000190734863,9.770000457763672,9.199999809265137,9.390000343322754,4020100
2006-06-07,8.667736053466797,9.170000076293944,9.770000457763672,9.149999618530272,9.630000114440918,3217500
2006-06-08,8.374713897705078,8.859999656677246,9.229999542236328,8.5,8.979999542236328,6828600
2006-06-09,8.232932090759277,8.710000038146973,9.100000381469728,8.529999732971191,9.029999732971191,3201100
2006-06-12,7.958816051483154,8.420000076293945,8.8100004196167,8.369999885559082,8.6899995803833,3461100
2006-06-13,7.845388412475586,8.300000190734863,8.550000190734863,8.09000015258789,8.350000381469727,4144000
2006-06-14,8.110051155090332,8.579999923706055,8.649999618530273,8.279999732971191,8.289999961853027,2936400
2006-06-15,8.639381408691406,9.140000343322754,9.199999809265137,8.649999618530273,8.720000267028809,3365700
2006-06-16,8.677186965942383,9.18000030517578,9.420000076293944,9.020000457763672,9.1899995803833,4520900
2006-06-19,8.52595329284668,9.020000457763672,9.289999961853027,8.979999542236328,9.18000030517578,3252200
2006-06-20,8.544854164123535,9.039999961853027,9.210000038146973,8.880000114440918,8.960000038146973,2630800
2006-06-21,8.922947883605957,9.4399995803833,9.489999771118164,8.970000267028809,9.029999732971191,3503900
2006-06-22,8.904044151306152,9.420000076293944,9.56999969482422,9.279999732971191,9.449999809265137,2242900
2006-06-23,8.61102294921875,9.109999656677246,9.4399995803833,9.010000228881836,9.420000076293944,2442200
2006-06-26,8.818971633911133,9.329999923706056,9.390000343322754,9.0600004196167,9.170000076293944,2068300
2006-06-27,8.61102294921875,9.109999656677246,9.350000381469728,9.0,9.279999732971191,2412700
2006-06-28,8.431427955627441,8.920000076293945,9.1899995803833,8.680000305175781,9.15999984741211,2991500
2006-06-29,8.733901977539062,9.239999771118164,9.31999969482422,8.800000190734863,8.920000076293945,4136300
2006-06-30,8.941851615905762,9.460000038146973,9.670000076293944,9.1899995803833,9.260000228881836,4682300
2006-07-03,9.40501308441162,9.949999809265137,9.979999542236328,9.43000030517578,9.460000038146973,1661700
2006-07-05,8.686636924743652,9.1899995803833,9.859999656677246,9.109999656677246,9.859999656677246,4710200
2006-07-06,8.601569175720215,9.100000381469728,9.300000190734863,8.930000305175781,9.170000076293944,2607700
2006-07-07,8.232932090759277,8.710000038146973,9.079999923706056,8.579999923706055,9.050000190734863,4733100
2006-07-10,7.750865459442139,8.199999809265137,8.859999656677246,8.079999923706055,8.6899995803833,4346800
2006-07-11,7.760316848754883,8.210000038146973,8.319999694824219,7.840000152587891,8.09000015258789,5859500
2006-07-12,7.382226943969727,7.809999942779541,8.170000076293945,7.71999979019165,8.100000381469727,3451200
2006-07-13,7.032492637634277,7.440000057220459,7.829999923706055,7.380000114440918,7.579999923706055,5340300
2006-07-14,7.004135608673096,7.409999847412109,7.5,7.070000171661377,7.429999828338623,7427700
2006-07-17,6.711115837097168,7.099999904632568,7.599999904632568,7.070000171661377,7.349999904632568,3902200
2006-07-18,6.635496616363525,7.019999980926514,7.320000171661377,6.690000057220459,7.139999866485596,7068000
2006-07-19,6.985231399536133,7.389999866485596,7.539999961853027,7.0,7.0,4352700
2006-07-20,6.436997413635254,6.809999942779541,7.559999942779541,6.789999961853027,7.329999923706055,5819900
2006-07-21,6.351927280426025,6.71999979019165,6.900000095367432,6.519999980926514,6.789999961853027,7662600
2006-07-24,6.5409746170043945,6.920000076293945,7.079999923706055,6.769999980926514,6.789999961853027,3132100
2006-07-25,6.635496616363525,7.019999980926514,7.199999809265137,6.960000038146973,7.119999885559082,5072800
2006-07-26,7.098659038543701,7.510000228881836,7.800000190734863,6.920000076293945,6.949999809265137,10533200
2006-07-27,5.907670974731445,6.25,6.849999904632568,5.980000019073486,6.809999942779541,22879100
2006-07-28,6.030551433563232,6.380000114440918,6.409999847412109,6.199999809265137,6.260000228881836,4619700
2006-07-31,5.841505527496338,6.179999828338623,6.369999885559082,6.139999866485596,6.349999904632568,3729500
2006-08-01,5.652459621429443,5.980000019073486,6.210000038146973,5.929999828338623,6.190000057220459,4708400
2006-08-02,5.746983528137207,6.079999923706055,6.139999866485596,5.940000057220459,5.96999979019165,2829900
2006-08-03,5.841505527496338,6.179999828338623,6.210000038146973,5.800000190734863,5.949999809265137,6994900
2006-08-04,5.718626976013184,6.050000190734863,6.369999885559082,5.909999847412109,6.300000190734863,3346100
2006-08-07,5.624104022979736,5.949999809265137,6.079999923706055,5.889999866485596,5.980000019073486,4117800
2006-08-08,5.501224517822266,5.820000171661377,6.039999961853027,5.820000171661377,5.960000038146973,4029800
2006-08-09,5.217656135559082,5.519999980926514,5.869999885559082,5.489999771118164,5.809999942779541,8662400
2006-08-10,5.482318878173828,5.800000190734863,5.849999904632568,5.460000038146973,5.460000038146973,5758100
2006-08-11,5.283822059631348,5.590000152587891,5.760000228881836,5.539999961853027,5.75,2145300
2006-08-14,5.349987506866455,5.659999847412109,5.710000038146973,5.5,5.659999847412109,2792300
2006-08-15,5.019157409667969,5.309999942779541,5.610000133514404,5.199999809265137,5.449999809265137,7632600
2006-08-16,5.378344058990479,5.690000057220459,5.849999904632568,5.230000019073486,5.289999961853027,7107100
2006-08-17,5.453961849212647,5.769999980926514,5.989999771118164,5.420000076293945,5.550000190734863,6225300
2006-08-18,5.340535640716553,5.650000095367432,5.78000020980835,5.460000038146973,5.78000020980835,4549500
2006-08-21,5.094776153564453,5.389999866485596,5.559999942779541,5.300000190734863,5.550000190734863,3153800
2006-08-22,5.113680839538574,5.409999847412109,5.570000171661377,5.349999904632568,5.349999904632568,2753200
2006-08-23,4.952991485595703,5.239999771118164,5.460000038146973,5.159999847412109,5.420000076293945,3938100
2006-08-24,4.934087753295898,5.21999979019165,5.300000190734863,5.110000133514404,5.21999979019165,2650300
2006-08-25,5.009706020355225,5.300000190734863,5.340000152587891,5.130000114440918,5.159999847412109,1604900
2006-08-28,5.113680839538574,5.409999847412109,5.519999980926514,5.329999923706055,5.329999923706055,1578300
2006-08-29,5.198751449584961,5.5,5.75,5.429999828338623,5.449999809265137,2988300
2006-08-30,5.302725791931152,5.610000133514404,5.71999979019165,5.409999847412109,5.53000020980835,2365300
2006-08-31,5.359440326690674,5.670000076293945,5.860000133514404,5.650000095367432,5.650000095367432,2253900
2006-09-01,5.274368762969971,5.579999923706055,5.78000020980835,5.5,5.699999809265137,1878900
2006-09-05,5.557938098907471,5.880000114440918,6.079999923706055,5.5,5.630000114440918,3973300
2006-09-06,5.397249221801758,5.710000038146973,5.840000152587891,5.659999847412109,5.840000152587891,4135900
2006-09-07,5.246012210845947,5.550000190734863,5.75,5.440000057220459,5.679999828338623,2669300
2006-09-08,5.123132228851318,5.420000076293945,5.670000076293945,5.320000171661377,5.610000133514404,3093500
2006-09-11,4.971896648406982,5.260000228881836,5.389999866485596,5.21999979019165,5.300000190734863,3530600
2006-09-12,5.104228973388672,5.400000095367432,5.480000019073486,5.25,5.269999980926514,3081500
2006-09-13,5.378344058990479,5.690000057220459,5.769999980926514,5.349999904632568,5.400000095367432,4775300
2006-09-14,5.40670108795166,5.71999979019165,5.849999904632568,5.599999904632568,5.710000038146973,2539100
2006-09-15,5.52012825012207,5.840000152587891,5.880000114440918,5.449999809265137,5.619999885559082,6088100
2006-09-18,5.605198383331299,5.929999828338623,6.150000095367432,5.849999904632568,5.880000114440918,3753200
2006-09-19,5.482318878173828,5.800000190734863,6.039999961853027,5.599999904632568,6.019999980926514,2723900
2006-09-20,5.576842784881592,5.900000095367432,5.989999771118164,5.78000020980835,5.880000114440918,1930500
2006-09-21,5.331082820892334,5.639999866485596,6.0,5.619999885559082,5.900000095367432,3737200
2006-09-22,5.264915943145752,5.570000171661377,5.699999809265137,5.5,5.599999904632568,1645700
2006-09-25,5.52012825012207,5.840000152587891,5.900000095367432,5.559999942779541,5.639999866485596,3056300
2006-09-26,5.246012210845947,5.550000190734863,6.03000020980835,5.449999809265137,5.849999904632568,6863200
2006-09-27,4.830112457275391,5.110000133514404,5.630000114440918,4.610000133514404,5.5,16542300
2006-09-28,5.189298629760742,5.489999771118164,5.570000171661377,4.829999923706055,5.010000228881836,15563500
2006-09-29,4.867920875549316,5.150000095367432,5.519999980926514,5.119999885559082,5.519999980926514,5710700
2006-10-02,4.877374172210693,5.159999847412109,5.320000171661377,5.130000114440918,5.21999979019165,2628800
2006-10-03,5.009706020355225,5.300000190734863,5.340000152587891,4.960000038146973,5.150000095367432,4414300
2006-10-04,5.246012210845947,5.550000190734863,5.579999923706055,5.260000228881836,5.320000171661377,3941900
2006-10-05,5.359440326690674,5.670000076293945,5.710000038146973,5.53000020980835,5.599999904632568,2960400
2006-10-06,4.773399829864502,5.050000190734863,5.400000095367432,4.920000076293945,5.400000095367432,8861800
2006-10-09,6.389738082885742,6.760000228881836,6.869999885559082,6.400000095367432,6.630000114440918,20537700
2006-10-10,6.342476844787598,6.710000038146973,6.789999961853027,6.570000171661377,6.75,5587700
2006-10-11,6.4842610359191895,6.860000133514404,7.050000190734863,6.599999904632568,6.699999809265137,5937200
2006-10-12,6.739471912384033,7.130000114440918,7.400000095367432,6.920000076293945,7.150000095367432,7850900
2006-10-13,6.862351417541504,7.260000228881836,7.300000190734863,7.099999904632568,7.199999809265137,3467000
2006-10-16,6.862351417541504,7.260000228881836,7.340000152587891,7.199999809265137,7.340000152587891,2289200
2006-10-17,6.9663262367248535,7.369999885559082,7.400000095367432,7.039999961853027,7.199999809265137,3313800
2006-10-18,6.730019092559815,7.119999885559082,7.389999866485596,7.039999961853027,7.389999866485596,5267600
2006-10-19,6.711115837097168,7.099999904632568,7.289999961853027,6.940000057220459,7.099999904632568,3174900
2006-10-20,6.522068977355957,6.900000095367432,7.170000076293945,6.849999904632568,7.119999885559082,2245600
2006-10-23,6.455903053283691,6.829999923706055,6.96999979019165,6.670000076293945,6.900000095367432,2519700
2006-10-24,6.323571681976318,6.690000057220459,6.909999847412109,6.630000114440918,6.829999923706055,2105700
2006-10-25,6.333024501800537,6.699999809265137,6.920000076293945,6.650000095367432,6.670000076293945,2128700
2006-10-26,6.455903053283691,6.829999923706055,6.940000057220459,6.639999866485596,6.760000228881836,2476600
2006-10-27,6.370832443237305,6.739999771118164,6.889999866485596,6.650000095367432,6.829999923706055,2594800
2006-10-30,6.427546501159668,6.800000190734863,6.989999771118164,6.519999980926514,6.71999979019165,3966000
2006-10-31,6.531521797180176,6.909999847412109,7.010000228881836,6.809999942779541,6.820000171661377,1942700
2006-11-01,6.333024501800537,6.699999809265137,7.0,6.679999828338623,6.949999809265137,1818000
2006-11-02,6.314119815826416,6.679999828338623,6.730000019073486,6.53000020980835,6.579999923706055,2727900
2006-11-03,6.3613810539245605,6.730000019073486,6.75,6.639999866485596,6.699999809265137,1664200
2006-11-06,6.682758331298828,7.070000171661377,7.079999923706055,6.760000228881836,6.769999980926514,2130600
2006-11-07,6.85290002822876,7.25,7.289999961853027,7.059999942779541,7.099999904632568,3765600
2006-11-08,7.0797529220581055,7.489999771118164,7.590000152587891,7.21999979019165,7.300000190734863,7741400
2006-11-09,7.873745918273926,8.329999923706055,8.6899995803833,8.25,8.300000190734863,16159700
2006-11-10,8.04388427734375,8.510000228881836,8.550000190734863,8.170000076293945,8.279999732971191,4004100
2006-11-13,8.365262985229492,8.850000381469727,8.970000267028809,8.4399995803833,8.470000267028809,5287900
2006-11-14,8.705545425415039,9.210000038146973,9.270000457763672,8.739999771118164,8.880000114440918,5220700
2006-11-15,8.828425407409668,9.34000015258789,9.6899995803833,9.229999542236328,9.25,5772500
2006-11-16,9.159255027770996,9.6899995803833,9.729999542236328,9.350000381469728,9.380000114440918,7502700
2006-11-17,9.140350341796877,9.670000076293944,9.720000267028809,9.43000030517578,9.670000076293944,4010400
2006-11-20,9.37665557861328,9.920000076293944,9.93000030517578,9.449999809265137,9.670000076293944,3477800
2006-11-21,9.310492515563965,9.850000381469728,9.920000076293944,9.649999618530272,9.859999656677246,2936800
2006-11-22,9.348299026489258,9.890000343322754,9.920000076293944,9.75,9.829999923706056,1516400
2006-11-24,9.764202117919922,10.329999923706056,10.369999885559082,9.789999961853027,9.81999969482422,1939900
2006-11-27,9.414464950561523,9.960000038146973,10.449999809265137,9.789999961853027,10.34000015258789,4695800
2006-11-28,9.556249618530272,10.109999656677246,10.149999618530272,9.779999732971191,9.850000381469728,5357000
2006-11-29,9.527894020080566,10.079999923706056,10.489999771118164,9.949999809265137,10.260000228881836,4853900
2006-11-30,9.669676780700684,10.229999542236328,10.5,10.0,10.0,4719900
2006-12-01,9.329395294189451,9.869999885559082,10.279999732971191,9.449999809265137,10.279999732971191,6696800
2006-12-04,9.546799659729004,10.100000381469728,10.239999771118164,9.8100004196167,9.869999885559082,3584900
2006-12-05,9.64132022857666,10.199999809265137,10.399999618530272,10.079999923706056,10.15999984741211,3075700
2006-12-06,9.858721733093262,10.43000030517578,10.479999542236328,10.149999618530272,10.199999809265137,2554800
2006-12-07,9.745296478271484,10.3100004196167,10.68000030517578,10.1899995803833,10.479999542236328,3619800
2006-12-08,9.764202117919922,10.329999923706056,10.399999618530272,9.9399995803833,10.260000228881836,4046600
2006-12-11,9.452276229858398,10.0,10.350000381469728,9.90999984741211,10.300000190734863,3143400
2006-12-12,9.187610626220703,9.720000267028809,10.079999923706056,9.56999969482422,9.9399995803833,4241600
2006-12-13,8.98911190032959,9.510000228881836,9.890000343322754,9.4399995803833,9.829999923706056,3296400
2006-12-14,9.272682189941406,9.8100004196167,9.899999618530272,9.5,9.5,2880400
2006-12-15,9.291587829589844,9.829999923706056,9.970000267028809,9.800000190734863,9.859999656677246,2481400
2006-12-18,9.064729690551758,9.59000015258789,10.010000228881836,9.550000190734863,9.850000381469728,2050200
2006-12-19,9.206514358520508,9.739999771118164,9.890000343322754,9.289999961853027,9.579999923706056,3055100
2006-12-20,9.234871864318848,9.770000457763672,9.93000030517578,9.68000030517578,9.729999542236328,1383400
2006-12-21,8.875686645507812,9.390000343322754,9.84000015258789,9.3100004196167,9.800000190734863,1748400
2006-12-22,8.856781005859375,9.369999885559082,9.529999732971191,9.31999969482422,9.380000114440918,852800
2006-12-26,8.941851615905762,9.460000038146973,9.529999732971191,9.300000190734863,9.300000190734863,912500
2006-12-27,9.036375045776367,9.5600004196167,9.649999618530272,9.470000267028809,9.539999961853027,727400
2006-12-28,8.998567581176758,9.520000457763672,9.640000343322754,9.5,9.5,797900
2006-12-29,8.828425407409668,9.34000015258789,9.670000076293944,9.289999961853027,9.5600004196167,1427000
2007-01-03,9.348299026489258,9.890000343322754,10.06999969482422,9.380000114440918,9.380000114440918,4055500
2007-01-04,9.43337059020996,9.979999542236328,10.029999732971191,9.720000267028809,9.899999618530272,2221500
2007-01-05,9.272682189941406,9.8100004196167,9.949999809265137,9.59000015258789,9.93000030517578,3054300
2007-01-08,9.66022491455078,10.220000267028809,10.289999961853027,9.75,9.829999923706056,3353900
2007-01-09,9.849268913269045,10.420000076293944,10.5,10.09000015258789,10.199999809265137,2923500
2007-01-10,10.01941204071045,10.600000381469728,10.600000381469728,10.25,10.350000381469728,2950300
2007-01-11,10.681071281433104,11.300000190734863,12.0,10.529999732971191,10.699999809265137,11869400
2007-01-12,10.662165641784668,11.279999732971191,11.380000114440918,11.100000381469728,11.300000190734863,3508400
2007-01-16,10.577095985412598,11.1899995803833,11.399999618530272,11.100000381469728,11.270000457763672,2577000
2007-01-17,10.199007034301758,10.789999961853027,11.170000076293944,10.770000457763672,11.119999885559082,3354600
2007-01-18,9.77365016937256,10.34000015258789,10.760000228881836,10.18000030517578,10.760000228881836,4154800
2007-01-19,9.726388931274414,10.289999961853027,10.5,10.130000114440918,10.3100004196167,2426700
2007-01-22,9.70748519897461,10.270000457763672,10.479999542236328,10.149999618530272,10.359999656677246,2200900
2007-01-23,9.65077304840088,10.210000038146973,10.479999542236328,10.100000381469728,10.239999771118164,1666800
2007-01-24,9.96269702911377,10.539999961853027,10.640000343322754,10.220000267028809,10.25,2545800
2007-01-25,9.868175506591797,10.4399995803833,10.90999984741211,10.300000190734863,10.600000381469728,2559500
2007-01-26,9.981600761413574,10.5600004196167,10.699999809265137,10.270000457763672,10.449999809265137,2352700
2007-01-29,9.953246116638184,10.529999732971191,10.630000114440918,10.399999618530272,10.529999732971191,2875800
2007-01-30,10.000506401062012,10.579999923706056,10.649999618530272,10.449999809265137,10.529999732971191,1419600
2007-01-31,9.953246116638184,10.529999732971191,10.619999885559082,10.380000114440918,10.520000457763672,2627500
2007-02-01,10.236814498901367,10.829999923706056,10.880000114440918,10.59000015258789,10.600000381469728,1982500
2007-02-02,10.444764137268066,11.050000190734863,11.18000030517578,10.630000114440918,10.829999923706056,3205400
2007-02-05,10.81340217590332,11.4399995803833,11.579999923706056,11.0,11.010000228881836,4307200
2007-02-06,10.709427833557127,11.329999923706056,11.640000343322754,11.050000190734863,11.640000343322754,4256200
2007-02-07,11.304919242858888,11.960000038146973,12.039999961853027,11.399999618530272,11.449999809265137,6580900
2007-02-08,10.61490249633789,11.229999542236328,11.800000190734863,10.699999809265137,11.770000457763672,8814400
2007-02-09,10.558192253112791,11.170000076293944,11.5,10.9399995803833,11.229999542236328,3816600
2007-02-12,10.397502899169922,11.0,11.289999961853027,10.979999542236328,11.210000038146973,4742700
2007-02-13,10.737785339355469,11.359999656677246,11.420000076293944,11.020000457763672,11.06999969482422,2293000
2007-02-14,11.11587619781494,11.760000228881836,11.979999542236328,11.31999969482422,11.40999984741211,4576600
2007-02-15,11.191493034362791,11.84000015258789,11.93000030517578,11.699999809265137,11.710000038146973,2486300
2007-02-16,11.172587394714355,11.81999969482422,11.84000015258789,11.640000343322754,11.84000015258789,1701500
2007-02-20,11.342727661132812,12.0,12.0,11.59000015258789,11.75,2464000
2007-02-21,11.333276748657228,11.989999771118164,12.0,11.729999542236328,11.920000076293944,1563600
2007-02-22,11.408895492553713,12.06999969482422,12.149999618530272,11.81999969482422,12.0,2373300
2007-02-23,11.389992713928224,12.050000190734863,12.140000343322754,11.960000038146973,12.100000381469728,2855100
2007-02-26,11.371087074279783,12.029999732971191,12.149999618530272,11.960000038146973,12.119999885559082,2676400
2007-02-27,10.473118782043455,11.079999923706056,11.600000381469728,11.079999923706056,11.539999961853027,3544700
2007-02-28,10.898470878601074,11.529999732971191,11.59000015258789,10.800000190734863,11.18000030517578,3026800
2007-03-01,11.153685569763184,11.800000190734863,12.020000457763672,11.109999656677246,11.300000190734863,4832100
2007-03-02,10.69997501373291,11.31999969482422,11.829999923706056,11.3100004196167,11.720000267028809,3068300
2007-03-05,10.5109281539917,11.119999885559082,11.5600004196167,11.09000015258789,11.130000114440918,4158900
2007-03-06,11.12532901763916,11.770000457763672,11.920000076293944,11.449999809265137,11.550000190734863,3450700
2007-03-07,10.992998123168944,11.630000114440918,11.84000015258789,11.579999923706056,11.75,2838600
2007-03-08,11.314372062683104,11.970000267028809,12.130000114440918,11.699999809265137,11.8100004196167,3156700
2007-03-09,11.342727661132812,12.0,12.149999618530272,11.770000457763672,12.039999961853027,2150300
2007-03-12,11.3616361618042,12.020000457763672,12.199999809265137,11.880000114440918,11.989999771118164,2733200
2007-03-13,10.917378425598145,11.550000190734863,12.09000015258789,11.539999961853027,11.920000076293944,2788700
2007-03-14,11.06861400604248,11.710000038146973,11.779999732971191,11.34000015258789,11.5,2466800
2007-03-15,11.200944900512695,11.850000381469728,11.859999656677246,11.68000030517578,11.68000030517578,1856900
2007-03-16,11.087517738342283,11.729999542236328,12.0,11.649999618530272,11.84000015258789,2238800
2007-03-19,11.248208045959473,11.899999618530272,11.9399995803833,11.710000038146973,11.8100004196167,2216100
2007-03-20,11.408895492553713,12.06999969482422,12.100000381469728,11.729999542236328,11.829999923706056,3132000
2007-03-21,11.928771018981934,12.619999885559082,12.65999984741211,12.039999961853027,12.09000015258789,4121800
2007-03-22,12.013840675354004,12.710000038146973,12.779999732971191,12.369999885559082,12.649999618530272,3927800
2007-03-23,12.146173477172852,12.850000381469728,12.890000343322754,12.56999969482422,12.65999984741211,2467400
2007-03-26,12.269051551818848,12.979999542236328,13.010000228881836,12.649999618530272,12.84000015258789,2627400
2007-03-27,11.976034164428713,12.670000076293944,13.0,12.65999984741211,12.989999771118164,2680400
2007-03-28,11.81534194946289,12.5,12.710000038146973,12.460000038146973,12.640000343322754,2811700
2007-03-29,11.503418922424316,12.170000076293944,12.65999984741211,11.760000228881836,12.609999656677246,4523700
2007-03-30,11.79644012451172,12.479999542236328,12.5,12.170000076293944,12.229999542236328,3778700
2007-04-02,12.117815971374512,12.81999969482422,13.0,12.670000076293944,12.989999771118164,3800500
2007-04-03,12.807833671569824,13.550000190734863,13.640000343322754,12.93000030517578,12.970000267028809,5414100
2007-04-04,12.996875762939451,13.75,13.800000190734863,13.43000030517578,13.529999732971191,3457100
2007-04-05,13.30880355834961,14.079999923706056,14.239999771118164,13.699999809265137,13.699999809265137,3267800
2007-04-09,13.185922622680664,13.949999809265137,14.079999923706056,13.68000030517578,14.06999969482422,2487600
2007-04-10,13.148115158081056,13.90999984741211,13.949999809265137,13.5,13.56999969482422,2620800
2007-04-11,13.261539459228516,14.029999732971191,14.300000190734863,13.8100004196167,13.850000381469728,4874500
2007-04-12,13.176472663879396,13.9399995803833,14.050000190734863,13.729999542236328,13.9399995803833,4771500
2007-04-13,13.091400146484377,13.850000381469728,13.9399995803833,13.229999542236328,13.9399995803833,4876500
2007-04-16,13.34661102294922,14.119999885559082,14.130000114440918,13.869999885559082,13.93000030517578,2553900
2007-04-17,12.864544868469238,13.609999656677246,14.140000343322754,13.43000030517578,14.140000343322754,5274400
2007-04-18,12.892904281616213,13.640000343322754,13.8100004196167,13.149999618530272,13.479999542236328,5088300
2007-04-19,13.015782356262209,13.770000457763672,13.9399995803833,13.369999885559082,13.4399995803833,4478300
2007-04-20,13.063043594360352,13.81999969482422,14.050000190734863,13.710000038146973,13.920000076293944,2412600
2007-04-23,13.318254470825195,14.09000015258789,14.109999656677246,13.81999969482422,13.850000381469728,2948700
2007-04-24,13.39387321472168,14.170000076293944,14.470000267028809,14.0,14.119999885559082,6385500
2007-04-25,13.753060340881348,14.550000190734863,14.600000381469728,14.149999618530272,14.270000457763672,4009600
2007-04-26,13.819228172302246,14.619999885559082,14.619999885559082,14.25,14.5,3100500
2007-04-27,13.819228172302246,14.619999885559082,14.710000038146973,14.449999809265137,14.529999732971191,2616300
2007-04-30,13.223731994628906,13.989999771118164,14.609999656677246,13.949999809265137,14.579999923706056,3807000
2007-05-01,13.223731994628906,13.989999771118164,14.170000076293944,13.68000030517578,14.0,3795100
2007-05-02,12.977972030639648,13.729999542236328,13.979999542236328,13.199999809265137,13.710000038146973,5358500
2007-05-03,12.996875762939451,13.75,13.90999984741211,13.510000228881836,13.699999809265137,3853200
2007-05-04,12.930712699890137,13.68000030517578,13.90999984741211,13.479999542236328,13.859999656677246,3095100
2007-05-07,12.864544868469238,13.609999656677246,13.789999961853027,13.489999771118164,13.640000343322754,2355500
2007-05-08,13.063043594360352,13.81999969482422,13.899999618530272,13.239999771118164,13.510000228881836,3300700
2007-05-09,13.384418487548828,14.15999984741211,14.210000038146973,13.5600004196167,13.770000457763672,3405500
2007-05-10,13.044137954711914,13.800000190734863,14.170000076293944,13.739999771118164,14.15999984741211,3757100
2007-05-11,13.422231674194336,14.199999809265137,14.239999771118164,13.84000015258789,13.859999656677246,2679500
2007-05-14,13.119757652282717,13.880000114440918,14.1899995803833,13.869999885559082,14.0600004196167,2312500
2007-05-15,13.05359172821045,13.8100004196167,14.15999984741211,13.760000228881836,13.899999618530272,2520700
2007-05-16,13.148115158081056,13.90999984741211,14.0,13.489999771118164,13.770000457763672,3029200
2007-05-17,13.138662338256836,13.899999618530272,13.979999542236328,13.6899995803833,13.859999656677246,1472500
2007-05-18,13.1953763961792,13.960000038146973,14.0600004196167,13.779999732971191,13.960000038146973,2038400
2007-05-21,13.337160110473633,14.109999656677246,14.34000015258789,13.850000381469728,13.859999656677246,1868100
2007-05-22,13.507301330566406,14.289999961853027,14.3100004196167,14.079999923706056,14.119999885559082,2075900
2007-05-23,13.403325080871582,14.18000030517578,14.5,14.15999984741211,14.350000381469728,1720400
2007-05-24,13.214280128479004,13.979999542236328,14.43000030517578,13.899999618530272,14.109999656677246,2550700
2007-05-25,13.30880355834961,14.079999923706056,14.199999809265137,13.9399995803833,14.039999961853027,1131200
2007-05-29,13.545109748840332,14.329999923706056,14.470000267028809,14.020000457763672,14.029999732971191,1594300
2007-05-30,13.478943824768066,14.260000228881836,14.289999961853027,13.90999984741211,14.170000076293944,2587100
2007-05-31,13.441133499145508,14.220000267028809,14.4399995803833,14.130000114440918,14.270000457763672,1999200
2007-06-01,13.677440643310549,14.470000267028809,14.550000190734863,14.260000228881836,14.329999923706056,1878300
2007-06-04,13.535658836364746,14.31999969482422,14.449999809265137,14.18000030517578,14.399999618530272,1781200
2007-06-05,13.564013481140137,14.350000381469728,14.489999771118164,14.050000190734863,14.199999809265137,2580100
2007-06-06,13.478943824768066,14.260000228881836,14.649999618530272,14.130000114440918,14.300000190734863,2063000
2007-06-07,13.10085391998291,13.859999656677246,14.260000228881836,13.81999969482422,14.220000267028809,2758300
2007-06-08,13.299349784851074,14.06999969482422,14.100000381469728,13.609999656677246,13.850000381469728,1954200
2007-06-11,13.280447959899902,14.050000190734863,14.220000267028809,13.829999923706056,14.039999961853027,1600800
2007-06-12,13.299349784851074,14.06999969482422,14.300000190734863,13.880000114440918,14.039999961853027,2429300
2007-06-13,13.564013481140137,14.350000381469728,14.43000030517578,14.079999923706056,14.239999771118164,1698700
2007-06-14,14.0460786819458,14.859999656677246,14.899999618530272,14.329999923706056,14.350000381469728,2130300
2007-06-15,14.159505844116213,14.979999542236328,15.079999923706056,14.920000076293944,15.0,3322000
2007-06-18,14.15005588531494,14.970000267028809,15.020000457763672,14.779999732971191,14.989999771118164,1538100
2007-06-19,13.99881649017334,14.8100004196167,14.899999618530272,14.5,14.880000114440918,2222200
2007-06-20,13.554561614990234,14.34000015258789,14.880000114440918,14.34000015258789,14.880000114440918,2369000
2007-06-21,14.027175903320312,14.84000015258789,14.859999656677246,14.199999809265137,14.270000457763672,1877000
2007-06-22,13.866487503051758,14.670000076293944,14.84000015258789,14.550000190734863,14.800000190734863,1927600
2007-06-25,14.074438095092772,14.890000343322754,15.140000343322754,14.65999984741211,14.65999984741211,3446600
2007-06-26,13.961010932922363,14.770000457763672,15.119999885559082,14.710000038146973,14.9399995803833,2540900
2007-06-27,14.59431266784668,15.4399995803833,15.5,14.609999656677246,14.710000038146973,4038000
2007-06-28,14.887333869934082,15.75,15.84000015258789,15.31999969482422,15.59000015258789,2637600
2007-06-29,14.887333869934082,15.75,15.9399995803833,15.600000381469728,15.699999809265137,2664600
2007-07-02,15.265422821044922,16.149999618530273,16.190000534057617,15.770000457763672,15.789999961853027,3183800
2007-07-03,15.293779373168944,16.18000030517578,16.290000915527344,16.049999237060547,16.149999618530273,897400
2007-07-05,15.038568496704102,15.90999984741211,15.960000038146973,15.699999809265137,15.93000030517578,1700300
2007-07-06,15.095281600952148,15.970000267028809,16.010000228881836,15.770000457763672,15.9399995803833,1620900
2007-07-09,15.180355072021484,16.059999465942383,16.059999465942383,15.829999923706056,15.949999809265137,1613500
2007-07-10,14.688835144042969,15.539999961853027,16.030000686645508,15.539999961853027,15.989999771118164,2928200
2007-07-11,14.528145790100098,15.369999885559082,15.630000114440918,15.09000015258789,15.5,3412800
2007-07-12,15.0291166305542,15.899999618530272,15.90999984741211,15.279999732971191,15.369999885559082,1529300
2007-07-13,14.688835144042969,15.539999961853027,15.979999542236328,15.5,15.890000343322754,2037600
2007-07-16,14.49033546447754,15.329999923706056,15.5600004196167,15.239999771118164,15.329999923706056,1629200
2007-07-17,14.707740783691406,15.5600004196167,15.670000076293944,15.25,15.390000343322754,2061100
2007-07-18,14.452527046203612,15.289999961853027,15.470000267028809,14.9399995803833,15.470000267028809,1985000
2007-07-19,14.178409576416016,15.0,15.5,14.979999542236328,15.380000114440918,2788000
2007-07-20,13.923198699951172,14.729999542236328,15.0,14.609999656677246,14.970000267028809,2859200
2007-07-23,13.989368438720703,14.800000190734863,14.880000114440918,14.619999885559082,14.850000381469728,2213500
2007-07-24,13.696344375610352,14.489999771118164,14.859999656677246,14.369999885559082,14.670000076293944,2519900
2007-07-25,13.611273765563965,14.399999618530272,14.75,14.199999809265137,14.539999961853027,2382900
2007-07-26,12.335217475891112,13.050000190734863,14.130000114440918,12.710000038146973,14.079999923706056,8175800
2007-07-27,12.259599685668944,12.970000267028809,13.350000381469728,12.899999618530272,12.93000030517578,4489700
2007-07-30,12.61878776550293,13.350000381469728,13.65999984741211,12.989999771118164,13.140000343322754,3057900
2007-07-31,11.683011054992676,12.359999656677246,13.850000381469728,12.270000457763672,13.850000381469728,6053700
2007-08-01,10.605451583862305,11.220000267028809,11.93000030517578,10.65999984741211,11.760000228881836,10914800
2007-08-02,10.482574462890623,11.09000015258789,11.40999984741211,10.739999771118164,11.020000457763672,4755900
2007-08-03,9.868175506591797,10.4399995803833,11.289999961853027,10.399999618530272,11.100000381469728,3926400
2007-08-06,10.36914348602295,10.970000267028809,11.010000228881836,9.93000030517578,10.420000076293944,7767400
2007-08-07,10.151742935180664,10.739999771118164,11.15999984741211,10.470000267028809,10.93000030517578,6034000
2007-08-08,9.698036193847656,10.260000228881836,10.93000030517578,10.039999961853027,10.90999984741211,9935300
2007-08-09,9.263229370117188,9.800000190734863,10.420000076293944,9.649999618530272,10.079999923706056,7190000
2007-08-10,10.425857543945312,11.029999732971191,11.130000114440918,9.289999961853027,9.59000015258789,5561000
2007-08-13,10.652713775634766,11.270000457763672,11.850000381469728,11.140000343322754,11.140000343322754,3974300
2007-08-14,10.302979469299316,10.899999618530272,11.760000228881836,10.8100004196167,11.380000114440918,2534000
2007-08-15,9.896533012390137,10.470000267028809,11.100000381469728,10.40999984741211,10.789999961853027,2854600
2007-08-16,10.113931655883787,10.699999809265137,10.789999961853027,9.850000381469728,10.1899995803833,4576900
2007-08-17,10.10448169708252,10.6899995803833,11.3100004196167,10.5,11.149999618530272,2889000
2007-08-20,9.934340476989746,10.510000228881836,10.970000267028809,10.31999969482422,10.710000038146973,2144300
2007-08-21,10.36914348602295,10.970000267028809,11.630000114440918,10.40999984741211,10.520000457763672,2897000
2007-08-22,11.12532901763916,11.770000457763672,11.979999542236328,11.09000015258789,11.100000381469728,4509500
2007-08-23,11.087517738342283,11.729999542236328,11.890000343322754,11.550000190734863,11.890000343322754,2952600
2007-08-24,11.408895492553713,12.06999969482422,12.079999923706056,11.489999771118164,11.6899995803833,2161700
2007-08-27,11.02135181427002,11.65999984741211,12.010000228881836,11.539999961853027,12.0,2245100
2007-08-28,10.737785339355469,11.359999656677246,11.68000030517578,11.149999618530272,11.5600004196167,2660700
2007-08-29,10.917378425598145,11.550000190734863,11.739999771118164,11.270000457763672,11.470000267028809,2631200
2007-08-30,10.624356269836426,11.239999771118164,11.630000114440918,11.119999885559082,11.479999542236328,1861100
2007-08-31,10.889022827148438,11.520000457763672,11.640000343322754,11.279999732971191,11.43000030517578,1348500
2007-09-04,11.219850540161133,11.869999885559082,12.06999969482422,11.520000457763672,11.520000457763672,2408300
2007-09-05,10.832305908203123,11.460000038146973,11.949999809265137,11.329999923706056,11.770000457763672,3991300
2007-09-06,10.577095985412598,11.1899995803833,11.5600004196167,11.140000343322754,11.5600004196167,3775800
2007-09-07,10.189552307128906,10.779999732971191,11.100000381469728,10.640000343322754,11.050000190734863,2383100
2007-09-10,9.839818000793455,10.40999984741211,10.93000030517578,10.199999809265137,10.93000030517578,3762000
2007-09-11,10.132840156555176,10.720000267028809,10.869999885559082,10.239999771118164,10.470000267028809,2276800
2007-09-12,9.811460494995115,10.380000114440918,10.800000190734863,10.380000114440918,10.619999885559082,1601000
2007-09-13,9.802009582519531,10.369999885559082,10.59000015258789,10.239999771118164,10.470000267028809,1310200
2007-09-14,9.537347793579102,10.09000015258789,10.369999885559082,10.0,10.229999542236328,2087500
2007-09-17,9.348299026489258,9.890000343322754,10.199999809265137,9.75,10.050000190734863,3917000
2007-09-18,10.284074783325195,10.880000114440918,10.90999984741211,9.920000076293944,9.970000267028809,3327500
2007-09-19,10.199007034301758,10.789999961853027,11.239999771118164,10.550000190734863,11.0,2891700
2007-09-20,10.274622917175291,10.869999885559082,11.100000381469728,10.600000381469728,10.739999771118164,1853700
2007-09-21,10.492024421691896,11.100000381469728,11.220000267028809,10.6899995803833,10.989999771118164,3102700
2007-09-24,10.435312271118164,11.039999961853027,11.25,10.869999885559082,11.149999618530272,1357000
2007-09-25,10.992998123168944,11.630000114440918,11.850000381469728,10.850000381469728,10.899999618530272,3123900
2007-09-26,10.926831245422363,11.5600004196167,11.880000114440918,11.40999984741211,11.739999771118164,1598100
2007-09-27,11.295467376708984,11.949999809265137,11.979999542236328,11.649999618530272,11.649999618530272,2255200
2007-09-28,10.889022827148438,11.520000457763672,11.989999771118164,11.420000076293944,11.920000076293944,1820500
2007-10-01,11.096970558166504,11.739999771118164,11.880000114440918,11.520000457763672,11.6899995803833,1397400
2007-10-02,11.210396766662598,11.859999656677246,11.920000076293944,11.6899995803833,11.729999542236328,1213300
2007-10-03,11.163135528564451,11.8100004196167,12.050000190734863,11.65999984741211,11.770000457763672,1902700
2007-10-04,11.18204116821289,11.829999923706056,12.0,11.699999809265137,11.829999923706056,1517700
2007-10-05,11.597940444946287,12.270000457763672,12.479999542236328,11.949999809265137,12.010000228881836,2201100
2007-10-08,11.437253952026367,12.100000381469728,12.390000343322754,11.899999618530272,12.239999771118164,1135300
2007-10-09,11.408895492553713,12.06999969482422,12.25,11.880000114440918,12.15999984741211,1246500
2007-10-10,11.096970558166504,11.739999771118164,12.130000114440918,11.539999961853027,12.0,1871600
2007-10-11,10.851211547851562,11.479999542236328,11.9399995803833,11.260000228881836,11.850000381469728,2258100
2007-10-12,11.191493034362791,11.84000015258789,11.949999809265137,11.390000343322754,11.460000038146973,1483800
2007-10-15,10.983543395996094,11.619999885559082,11.880000114440918,11.43000030517578,11.84000015258789,1155100
2007-10-16,11.06861400604248,11.710000038146973,11.869999885559082,11.5,11.600000381469728,1193600
2007-10-17,11.257660865783691,11.90999984741211,12.029999732971191,11.649999618530272,11.979999542236328,1370600
2007-10-18,11.456156730651855,12.119999885559082,12.270000457763672,11.8100004196167,11.859999656677246,1686800
2007-10-19,10.737785339355469,11.359999656677246,12.119999885559082,11.329999923706056,12.119999885559082,2222600
2007-10-22,10.302979469299316,10.899999618530272,11.260000228881836,10.539999961853027,11.260000228881836,4086400
2007-10-23,10.52038288116455,11.130000114440918,11.18000030517578,10.75,11.050000190734863,2126900
2007-10-24,10.274622917175291,10.869999885559082,11.130000114440918,10.460000038146973,11.029999732971191,2842200
2007-10-25,10.170647621154783,10.760000228881836,11.0,10.4399995803833,10.869999885559082,2085300
2007-10-26,10.378597259521484,10.979999542236328,11.0,10.710000038146973,10.859999656677246,1258600
2007-10-29,10.681071281433104,11.300000190734863,11.420000076293944,11.010000228881836,11.020000457763672,1824100
2007-10-30,10.718880653381348,11.34000015258789,11.670000076293944,11.300000190734863,11.300000190734863,1725400
2007-10-31,10.709427833557127,11.329999923706056,11.640000343322754,10.949999809265137,11.5600004196167,2775800
2007-11-01,10.340790748596191,10.9399995803833,11.329999923706056,10.710000038146973,11.199999809265137,2413700
2007-11-02,10.529831886291504,11.140000343322754,11.279999732971191,10.760000228881836,11.079999923706056,1736300
2007-11-05,10.066673278808594,10.649999618530272,11.260000228881836,10.649999618530272,10.970000267028809,3414700
2007-11-06,9.915434837341309,10.489999771118164,10.920000076293944,10.359999656677246,10.75,3517000
2007-11-07,9.839818000793455,10.40999984741211,10.75,10.109999656677246,10.350000381469728,3169700
2007-11-08,8.563761711120605,9.0600004196167,9.59000015258789,8.369999885559082,9.359999656677246,9683400
2007-11-09,8.44088077545166,8.930000305175781,9.140000343322754,8.800000190734863,8.920000076293945,4438600
2007-11-12,8.081694602966309,8.550000190734863,8.949999809265137,8.460000038146973,8.949999809265137,3474300
2007-11-13,7.958816051483154,8.420000076293945,8.779999732971191,8.420000076293945,8.569999694824219,3553100
2007-11-14,8.280194282531738,8.760000228881836,8.989999771118164,8.420000076293945,8.460000038146973,2574600
2007-11-15,8.204574584960938,8.680000305175781,9.010000228881836,8.550000190734863,8.630000114440918,2236800
2007-11-16,8.223479270935059,8.699999809265137,8.84000015258789,8.510000228881836,8.8100004196167,3037300
2007-11-19,7.71305513381958,8.15999984741211,8.630000114440918,8.109999656677246,8.619999885559082,3092000
2007-11-20,7.410582542419434,7.840000152587891,8.289999961853027,7.690000057220459,8.1899995803833,3139100
2007-11-21,7.29715633392334,7.71999979019165,7.869999885559082,7.599999904632568,7.710000038146973,2082000
2007-11-23,7.505106449127197,7.940000057220459,8.0600004196167,7.809999942779541,7.829999923706055,478400
2007-11-26,7.353870391845703,7.78000020980835,8.109999656677246,7.75,7.920000076293945,1925300
2007-11-27,7.618534564971924,8.0600004196167,8.15999984741211,7.760000228881836,7.800000190734863,2279700
2007-11-28,7.911553382873535,8.369999885559082,8.569999694824219,8.0600004196167,8.229999542236328,2654000
2007-11-29,7.675246715545654,8.119999885559082,8.479999542236328,8.0600004196167,8.319999694824219,1998200
2007-11-30,7.788672924041748,8.239999771118164,8.399999618530273,8.010000228881836,8.399999618530273,1942800
2007-12-03,7.65634298324585,8.100000381469727,8.350000381469727,8.09000015258789,8.239999771118164,1505900
2007-12-04,7.788672924041748,8.239999771118164,8.319999694824219,7.989999771118164,8.050000190734863,2316200
2007-12-05,8.034433364868164,8.5,8.619999885559082,8.300000190734863,8.380000114440918,1800200
2007-12-06,8.242385864257812,8.720000267028809,8.720000267028809,8.300000190734863,8.510000228881836,2795400
2007-12-07,8.32745361328125,8.8100004196167,8.930000305175781,8.470000267028809,8.720000267028809,2329800
2007-12-10,8.488142967224121,8.979999542236328,9.0600004196167,8.760000228881836,8.850000381469727,1295400
2007-12-11,8.024979591369629,8.489999771118164,9.130000114440918,8.479999542236328,9.039999961853027,2004600
2007-12-12,8.242385864257812,8.720000267028809,8.979999542236328,8.529999732971191,8.729999542236328,2995600
2007-12-13,8.204574584960938,8.680000305175781,8.869999885559082,8.479999542236328,8.539999961853027,1425500
2007-12-14,8.195121765136719,8.670000076293945,8.800000190734863,8.539999961853027,8.539999961853027,1354500
2007-12-17,7.939910888671875,8.399999618530273,8.770000457763672,8.399999618530273,8.630000114440918,1417800
2007-12-18,7.731961250305176,8.180000305175781,8.5,7.929999828338623,8.5,3471000
2007-12-19,7.902101039886475,8.359999656677246,8.460000038146973,8.010000228881836,8.180000305175781,2755400
2007-12-20,8.2612886428833,8.739999771118164,8.770000457763672,8.460000038146973,8.489999771118164,2072900
2007-12-21,8.355812072753906,8.84000015258789,9.020000457763672,8.65999984741211,8.890000343322754,2420800
2007-12-24,8.488142967224121,8.979999542236328,9.020000457763672,8.720000267028809,8.850000381469727,495900
2007-12-26,8.658283233642578,9.15999984741211,9.239999771118164,8.90999984741211,8.90999984741211,1066300
2007-12-27,8.308548927307129,8.789999961853027,9.239999771118164,8.710000038146973,9.130000114440918,976300
2007-12-28,8.308548927307129,8.789999961853027,9.140000343322754,8.75,9.010000228881836,1061400
2007-12-31,8.062788963317871,8.529999732971191,8.890000343322754,8.489999771118164,8.729999542236328,1148900
2008-01-02,7.826483249664307,8.279999732971191,8.720000267028809,8.199999809265137,8.5,1358800
2008-01-03,7.590177536010742,8.029999732971191,8.5,7.960000038146973,8.359999656677246,1589800
2008-01-04,7.145919322967529,7.559999942779541,8.039999961853027,7.389999866485596,7.909999847412109,3419000
2008-01-07,6.815089225769043,7.210000038146973,7.650000095367432,7.050000190734863,7.550000190734863,2388600
2008-01-08,6.748924255371094,7.139999866485596,7.610000133514404,7.119999885559082,7.150000095367432,3956400
2008-01-09,6.673305511474609,7.059999942779541,7.269999980926514,6.710000038146973,7.150000095367432,2850000
2008-01-10,6.5976881980896,6.980000019073486,7.179999828338623,6.840000152587891,6.96999979019165,2547500
2008-01-11,6.210144519805908,6.570000171661377,6.929999828338623,6.570000171661377,6.909999847412109,2372200
2008-01-14,6.503164768218994,6.880000114440918,6.960000038146973,6.510000228881836,6.650000095367432,1971200
2008-01-15,6.4464521408081055,6.820000171661377,6.980000019073486,6.71999979019165,6.769999980926514,2355000
2008-01-16,6.295215129852295,6.659999847412109,7.0,6.460000038146973,6.789999961853027,3180800
2008-01-17,6.210144519805908,6.570000171661377,6.940000057220459,6.550000190734863,6.670000076293945,1995400
2008-01-18,6.295215129852295,6.659999847412109,6.860000133514404,6.480000019073486,6.590000152587891,2737200
2008-01-22,6.191240310668945,6.550000190734863,6.75,6.300000190734863,6.510000228881836,2707400
2008-01-23,6.323571681976318,6.690000057220459,6.760000228881836,6.139999866485596,6.380000114440918,3080900
2008-01-24,6.626044750213623,7.010000228881836,7.28000020980835,6.739999771118164,6.739999771118164,3707400
2008-01-25,6.5976881980896,6.980000019073486,7.360000133514404,6.929999828338623,7.21999979019165,2238700
2008-01-28,6.833994388580322,7.230000019073486,7.25,6.829999923706055,6.949999809265137,1207600
2008-01-29,6.956873893737793,7.360000133514404,7.400000095367432,7.150000095367432,7.289999961853027,1404800
2008-01-30,6.909614086151123,7.309999942779541,7.5,7.130000114440918,7.349999904632568,1851100
2008-01-31,7.221537590026855,7.639999866485596,7.670000076293945,7.03000020980835,7.179999828338623,2681300
2008-02-01,7.476748943328857,7.909999847412109,7.989999771118164,7.579999923706055,7.650000095367432,2214700
2008-02-04,7.694153308868408,8.140000343322754,8.239999771118164,7.949999809265137,7.949999809265137,1978300
2008-02-05,7.599628448486328,8.039999961853027,8.600000381469727,7.980000019073486,8.550000190734863,3196400
2008-02-06,7.29715633392334,7.71999979019165,8.239999771118164,7.71999979019165,8.119999885559082,1811400
2008-02-07,7.505106449127197,7.940000057220459,8.1899995803833,7.449999809265137,7.659999847412109,3474500
2008-02-08,7.779221057891846,8.229999542236328,8.289999961853027,7.840000152587891,7.949999809265137,2816000
2008-02-11,7.694153308868408,8.140000343322754,8.4399995803833,8.069999694824219,8.199999809265137,2726200
2008-02-12,8.053339958190918,8.520000457763672,8.75,8.199999809265137,8.199999809265137,4259400
2008-02-13,8.885140419006348,9.399999618530272,9.420000076293944,8.630000114440918,8.729999542236328,7221500
2008-02-14,10.085578918457031,10.670000076293944,11.420000076293944,10.510000228881836,10.850000381469728,15600900
2008-02-15,10.643259048461914,11.260000228881836,11.449999809265137,10.380000114440918,10.56999969482422,6228900
2008-02-19,10.671619415283203,11.289999961853027,11.649999618530272,11.0,11.18000030517578,4372500
2008-02-20,11.304919242858888,11.960000038146973,12.130000114440918,11.279999732971191,11.390000343322754,6556400
2008-02-21,11.06861400604248,11.710000038146973,12.3100004196167,11.600000381469728,11.989999771118164,4623900
2008-02-22,11.238755226135254,11.890000343322754,11.899999618530272,11.43000030517578,11.699999809265137,2990000
2008-02-25,11.238755226135254,11.890000343322754,12.199999809265137,11.510000228881836,11.869999885559082,5005600
2008-02-26,11.352180480957031,12.010000228881836,12.15999984741211,11.760000228881836,11.789999961853027,3901200
2008-02-27,11.701915740966797,12.380000114440918,12.489999771118164,11.770000457763672,11.9399995803833,3674000
2008-02-28,11.597940444946287,12.270000457763672,12.420000076293944,11.960000038146973,12.399999618530272,2626100
2008-02-29,11.06861400604248,11.710000038146973,12.220000267028809,11.59000015258789,12.050000190734863,3600600
2008-03-03,10.785045623779297,11.40999984741211,11.869999885559082,11.31999969482422,11.770000457763672,2985600
2008-03-04,10.794498443603516,11.420000076293944,11.59000015258789,11.109999656677246,11.40999984741211,3999300
2008-03-05,11.18204116821289,11.829999923706056,11.93000030517578,11.369999885559082,11.43000030517578,3315100
2008-03-06,10.803951263427734,11.43000030517578,11.920000076293944,11.43000030517578,11.800000190734863,3440400
2008-03-07,10.87956714630127,11.510000228881836,11.779999732971191,11.279999732971191,11.40999984741211,3629100
2008-03-10,10.832305908203123,11.460000038146973,11.949999809265137,11.420000076293944,11.5600004196167,3762400
2008-03-11,11.011899948120115,11.649999618530272,11.880000114440918,11.25,11.8100004196167,4698200
2008-03-12,10.709427833557127,11.329999923706056,11.800000190734863,11.3100004196167,11.729999542236328,3472900
2008-03-13,11.191493034362791,11.84000015258789,11.859999656677246,11.149999618530272,11.31999969482422,5744000
2008-03-14,10.964637756347656,11.600000381469728,11.989999771118164,11.40999984741211,11.920000076293944,5685700
2008-03-17,10.747236251831056,11.369999885559082,11.489999771118164,11.020000457763672,11.369999885559082,3757200
2008-03-18,11.399442672729492,12.0600004196167,12.1899995803833,11.470000267028809,11.770000457763672,4029300
2008-03-19,10.624356269836426,11.239999771118164,12.199999809265137,11.239999771118164,12.050000190734863,3105300
2008-03-20,10.406954765319824,11.010000228881836,11.31999969482422,10.699999809265137,11.31999969482422,5536000
2008-03-24,11.002449035644531,11.640000343322754,11.770000457763672,11.050000190734863,11.079999923706056,3402700
2008-03-25,10.832305908203123,11.460000038146973,11.90999984741211,11.359999656677246,11.6899995803833,3743800
2008-03-26,10.671619415283203,11.289999961853027,11.59000015258789,11.199999809265137,11.399999618530272,4113600
2008-03-27,10.25571632385254,10.850000381469728,11.329999923706056,10.81999969482422,11.289999961853027,4734900
2008-03-28,10.217907905578612,10.8100004196167,11.109999656677246,10.729999542236328,10.850000381469728,3429400
2008-03-31,10.113931655883787,10.699999809265137,10.960000038146973,10.520000457763672,10.770000457763672,4170100
2008-04-01,10.340790748596191,10.9399995803833,11.06999969482422,10.789999961853027,10.90999984741211,3915900
2008-04-02,10.416407585144045,11.020000457763672,11.300000190734863,10.90999984741211,10.960000038146973,2385400
2008-04-03,10.435312271118164,11.039999961853027,11.260000228881836,10.880000114440918,10.880000114440918,5025700
2008-04-04,9.839818000793455,10.40999984741211,11.0600004196167,10.050000190734863,11.0600004196167,5221300
2008-04-07,9.688581466674805,10.25,10.5,10.0,10.029999732971191,4011600
2008-04-08,9.461725234985352,10.010000228881836,10.25,9.890000343322754,10.170000076293944,3596500
2008-04-09,9.178159713745115,9.710000038146973,10.25,9.449999809265137,10.18000030517578,4999800
2008-04-10,8.979662895202637,9.5,9.789999961853027,9.449999809265137,9.670000076293944,5296200
2008-04-11,8.658283233642578,9.15999984741211,9.5600004196167,9.020000457763672,9.40999984741211,3994300
2008-04-14,8.83787727355957,9.350000381469728,9.5,8.84000015258789,9.0,3842300
2008-04-15,8.582662582397461,9.079999923706056,9.1899995803833,8.8100004196167,9.029999732971191,4894400
2008-04-16,8.800067901611328,9.3100004196167,9.5,9.100000381469728,9.100000381469728,2730400
2008-04-17,8.336905479431152,8.819999694824219,9.31999969482422,8.729999542236328,9.289999961853027,4690200
2008-04-18,8.280194282531738,8.760000228881836,9.18000030517578,8.710000038146973,9.0,4505200
2008-04-21,8.270739555358887,8.75,8.84000015258789,8.6899995803833,8.75,3791400
2008-04-22,8.204574584960938,8.680000305175781,8.800000190734863,8.600000381469727,8.710000038146973,4187200
2008-04-23,8.299097061157227,8.779999732971191,8.880000114440918,8.609999656677246,8.710000038146973,3299000
2008-04-24,8.724449157714844,9.229999542236328,9.359999656677246,8.710000038146973,8.819999694824219,5847400
2008-04-25,9.253777503967283,9.789999961853027,9.81999969482422,9.260000228881836,9.270000457763672,5537700
2008-04-28,8.932397842407227,9.449999809265137,9.800000190734863,9.40999984741211,9.760000228881836,2827700
2008-04-29,9.07418155670166,9.600000381469728,9.699999809265137,9.31999969482422,9.40999984741211,4069600
2008-04-30,9.026923179626465,9.550000190734863,9.859999656677246,9.4399995803833,9.789999961853027,3730200
2008-05-01,11.654654502868652,12.329999923706056,12.4399995803833,10.770000457763672,10.789999961853027,19056400
2008-05-02,11.02135181427002,11.65999984741211,12.43000030517578,11.260000228881836,12.220000267028809,6615900
2008-05-05,11.22930145263672,11.880000114440918,12.350000381469728,11.75,11.850000381469728,4651800
2008-05-06,11.22930145263672,11.880000114440918,11.90999984741211,11.470000267028809,11.8100004196167,3762300
2008-05-07,10.983543395996094,11.619999885559082,12.399999618530272,11.470000267028809,11.869999885559082,4501800
2008-05-08,10.983543395996094,11.619999885559082,11.779999732971191,11.359999656677246,11.489999771118164,2843700
2008-05-09,10.756688117980955,11.380000114440918,11.65999984741211,11.0,11.329999923706056,2175800
2008-05-12,11.11587619781494,11.760000228881836,11.84000015258789,11.380000114440918,11.579999923706056,2146500
2008-05-13,11.163135528564451,11.8100004196167,11.989999771118164,11.699999809265137,11.729999542236328,2715400
2008-05-14,11.437253952026367,12.100000381469728,12.25,11.800000190734863,11.850000381469728,3196200
2008-05-15,11.512869834899902,12.18000030517578,12.300000190734863,11.9399995803833,12.130000114440918,3650500
2008-05-16,11.683011054992676,12.359999656677246,12.390000343322754,12.0,12.270000457763672,2460900
2008-05-19,11.63575267791748,12.3100004196167,12.699999809265137,12.170000076293944,12.359999656677246,3382900
2008-05-20,10.662165641784668,11.279999732971191,12.68000030517578,10.84000015258789,12.68000030517578,9440700
2008-05-21,10.54873752593994,11.15999984741211,11.670000076293944,10.899999618530272,11.510000228881836,4138900
2008-05-22,10.624356269836426,11.239999771118164,11.34000015258789,11.0600004196167,11.06999969482422,3456200
2008-05-23,10.284074783325195,10.880000114440918,11.220000267028809,10.699999809265137,11.010000228881836,2483900
2008-05-27,10.671619415283203,11.289999961853027,11.289999961853027,10.90999984741211,10.90999984741211,2297100
2008-05-28,10.331336975097656,10.93000030517578,11.079999923706056,10.609999656677246,10.960000038146973,2923300
2008-05-29,10.26517105102539,10.859999656677246,11.09000015258789,10.720000267028809,10.890000343322754,2870700
2008-05-30,10.076125144958496,10.65999984741211,10.970000267028809,10.619999885559082,10.970000267028809,2233400
2008-06-02,9.735841751098633,10.300000190734863,10.510000228881836,10.109999656677246,10.40999984741211,3167800
2008-06-03,10.189552307128906,10.779999732971191,11.06999969482422,10.31999969482422,10.390000343322754,6208400
2008-06-04,10.444764137268066,11.050000190734863,11.130000114440918,10.640000343322754,10.670000076293944,3152800
2008-06-05,10.52038288116455,11.130000114440918,11.15999984741211,10.850000381469728,11.119999885559082,1900500
2008-06-06,10.113931655883787,10.699999809265137,11.100000381469728,10.68000030517578,11.020000457763672,1908100
2008-06-09,10.009960174560549,10.59000015258789,10.869999885559082,10.460000038146973,10.729999542236328,3052700
2008-06-10,9.981600761413574,10.5600004196167,10.640000343322754,10.380000114440918,10.5,3267200
2008-06-11,9.726388931274414,10.289999961853027,10.579999923706056,10.079999923706056,10.56999969482422,2935600
2008-06-12,9.669676780700684,10.229999542236328,10.68000030517578,10.130000114440918,10.34000015258789,3174800
2008-06-13,10.05721950531006,10.640000343322754,10.640000343322754,10.300000190734863,10.390000343322754,1599100
2008-06-16,11.04970932006836,11.6899995803833,11.81999969482422,10.989999771118164,11.09000015258789,6234300
2008-06-17,10.926831245422363,11.5600004196167,11.760000228881836,11.149999618530272,11.75,3212900
2008-06-18,10.860661506652832,11.489999771118164,11.640000343322754,11.3100004196167,11.5600004196167,2993300
2008-06-19,11.153685569763184,11.800000190734863,11.800000190734863,11.289999961853027,11.289999961853027,2544700
2008-06-20,10.652713775634766,11.270000457763672,11.710000038146973,11.109999656677246,11.710000038146973,2519500
2008-06-23,10.350241661071776,10.949999809265137,11.4399995803833,10.850000381469728,11.359999656677246,1931900
2008-06-24,10.274622917175291,10.869999885559082,11.140000343322754,10.710000038146973,10.890000343322754,1795900
2008-06-25,10.558192253112791,11.170000076293944,11.359999656677246,10.890000343322754,10.890000343322754,2196600
2008-06-26,10.01941204071045,10.600000381469728,11.09000015258789,10.539999961853027,11.09000015258789,2260500
2008-06-27,10.26517105102539,10.859999656677246,10.859999656677246,10.359999656677246,10.649999618530272,6621400
2008-06-30,9.839818000793455,10.40999984741211,10.869999885559082,10.399999618530272,10.8100004196167,2424100
2008-07-01,10.076125144958496,10.65999984741211,10.729999542236328,10.25,10.279999732971191,3679500
2008-07-02,9.688581466674805,10.25,10.770000457763672,10.210000038146973,10.729999542236328,3064700
2008-07-03,9.556249618530272,10.109999656677246,10.359999656677246,9.989999771118164,10.279999732971191,1713600
2008-07-07,9.546799659729004,10.100000381469728,10.390000343322754,9.789999961853027,10.199999809265137,4137800
2008-07-08,8.904044151306152,9.420000076293944,10.239999771118164,9.25,10.140000343322754,7375800
2008-07-09,8.469237327575684,8.960000038146973,9.640000343322754,8.920000076293945,9.4399995803833,4647300
2008-07-10,8.998567581176758,9.520000457763672,9.699999809265137,8.880000114440918,8.880000114440918,5616100
2008-07-11,8.053339958190918,8.520000457763672,8.859999656677246,8.0,8.819999694824219,7645700
2008-07-14,8.091147422790527,8.5600004196167,8.720000267028809,8.399999618530273,8.5,2976200
2008-07-15,7.977721214294434,8.4399995803833,8.760000228881836,8.079999923706055,8.229999542236328,4042800
2008-07-16,8.412524223327637,8.899999618530273,9.079999923706056,8.390000343322754,8.539999961853027,5250000
2008-07-17,8.781163215637207,9.289999961853027,9.399999618530272,8.920000076293945,9.079999923706056,3907700
2008-07-18,8.733901977539062,9.239999771118164,9.510000228881836,9.100000381469728,9.279999732971191,1941800
2008-07-21,8.667736053466797,9.170000076293944,9.43000030517578,9.119999885559082,9.260000228881836,1689800
2008-07-22,8.2612886428833,8.739999771118164,9.25,8.649999618530273,9.109999656677246,4635100
2008-07-23,8.507047653198242,9.0,9.109999656677246,8.630000114440918,8.739999771118164,3132300
2008-07-24,8.147858619689941,8.619999885559082,9.229999542236328,8.510000228881836,9.220000267028809,2606200
2008-07-25,8.32745361328125,8.8100004196167,8.899999618530273,8.5,8.550000190734863,1964600
2008-07-28,8.2612886428833,8.739999771118164,9.0,8.6899995803833,8.739999771118164,2145500
2008-07-29,8.620474815368652,9.119999885559082,9.170000076293944,8.619999885559082,8.75,2170300
2008-07-30,8.601569175720215,9.100000381469728,9.300000190734863,9.029999732971191,9.15999984741211,2112800
2008-07-31,8.280194282531738,8.760000228881836,9.039999961853027,8.65999984741211,8.930000305175781,3223000
2008-08-01,7.902101039886475,8.359999656677246,8.850000381469727,8.3100004196167,8.770000457763672,3431200
2008-08-04,7.646889686584473,8.09000015258789,8.6899995803833,8.069999694824219,8.279999732971191,3970200
2008-08-05,7.779221057891846,8.229999542236328,8.399999618530273,7.789999961853027,8.279999732971191,5185400
2008-08-06,8.639381408691406,9.140000343322754,9.1899995803833,8.550000190734863,8.989999771118164,7703000
2008-08-07,8.308548927307129,8.789999961853027,9.15999984741211,8.770000457763672,9.079999923706056,3409200
2008-08-08,8.507047653198242,9.0,9.119999885559082,8.600000381469727,8.75,1987800
2008-08-11,8.686636924743652,9.1899995803833,9.539999961853027,8.920000076293945,8.970000267028809,3110800
2008-08-12,8.421976089477539,8.90999984741211,9.270000457763672,8.789999961853027,9.130000114440918,2662300
2008-08-13,8.355812072753906,8.84000015258789,9.109999656677246,8.649999618530273,8.880000114440918,2174800
2008-08-14,8.318000793457031,8.800000190734863,9.06999969482422,8.779999732971191,8.800000190734863,2185600
2008-08-15,8.289644241333008,8.770000457763672,8.970000267028809,8.609999656677246,8.880000114440918,2363100
2008-08-18,8.07224178314209,8.539999961853027,8.819999694824219,8.399999618530273,8.6899995803833,2780100
2008-08-19,7.8926472663879395,8.350000381469727,8.510000228881836,8.260000228881836,8.390000343322754,2474900
2008-08-20,7.741414546966553,8.1899995803833,8.5600004196167,8.109999656677246,8.390000343322754,2197200
2008-08-21,7.476748943328857,7.909999847412109,8.140000343322754,7.889999866485596,8.079999923706055,2303800
2008-08-22,7.448392391204834,7.880000114440918,8.029999732971191,7.820000171661377,7.980000019073486,2590600
2008-08-25,7.325512886047363,7.75,7.929999828338623,7.679999828338623,7.849999904632568,2446200
2008-08-26,7.183728218078613,7.599999904632568,7.739999771118164,7.369999885559082,7.699999809265137,4741500
2008-08-27,7.278252124786377,7.699999809265137,7.809999942779541,7.559999942779541,7.590000152587891,2301900
2008-08-28,7.202633857727051,7.619999885559082,7.75,7.550000190734863,7.75,1623200
2008-08-29,7.098659038543701,7.510000228881836,7.650000095367432,7.389999866485596,7.550000190734863,1770500
2008-09-02,7.060849189758301,7.46999979019165,7.730000019073486,7.389999866485596,7.639999866485596,1812400
2008-09-03,6.928517818450928,7.329999923706055,7.659999847412109,7.269999980926514,7.429999828338623,3501700
2008-09-04,6.701662540435791,7.090000152587891,7.309999942779541,7.059999942779541,7.260000228881836,2281900
2008-09-05,6.815089225769043,7.210000038146973,7.28000020980835,7.019999980926514,7.099999904632568,2162600
2008-09-08,6.748924255371094,7.139999866485596,7.46999979019165,7.039999961853027,7.389999866485596,3188500
2008-09-09,6.380285739898682,6.75,7.21999979019165,6.639999866485596,7.159999847412109,4220100
2008-09-10,6.5409746170043945,6.920000076293945,6.980000019073486,6.690000057220459,6.849999904632568,2800700
2008-09-11,6.559878826141357,6.940000057220459,7.039999961853027,6.730000019073486,6.880000114440918,2883600
2008-09-12,6.559878826141357,6.940000057220459,7.019999980926514,6.71999979019165,6.909999847412109,1818000
2008-09-15,6.1628828048706055,6.519999980926514,6.880000114440918,6.5,6.800000190734863,2207800
2008-09-16,6.304667472839356,6.670000076293945,6.760000228881836,6.210000038146973,6.480000019073486,3861800
2008-09-17,6.040002822875977,6.389999866485596,6.730000019073486,6.239999771118164,6.519999980926514,3917900
2008-09-18,6.276311874389648,6.639999866485596,6.730000019073486,6.150000095367432,6.559999942779541,4240600
2008-09-19,6.578783512115479,6.960000038146973,7.260000228881836,6.760000228881836,7.110000133514404,3684600
2008-09-22,6.257406234741211,6.619999885559082,6.980000019073486,6.619999885559082,6.820000171661377,1921900
2008-09-23,6.172335147857666,6.53000020980835,6.769999980926514,6.480000019073486,6.639999866485596,1957900
2008-09-24,6.380285739898682,6.75,6.909999847412109,6.510000228881836,6.539999961853027,2471900
2008-09-25,6.5976881980896,6.980000019073486,7.090000152587891,6.75,6.75,2104800
2008-09-26,6.682758331298828,7.070000171661377,7.099999904632568,6.769999980926514,6.769999980926514,1898800
2008-09-29,5.964385509490967,6.309999942779541,6.989999771118164,6.199999809265137,6.909999847412109,2019700
2008-09-30,6.021099090576172,6.369999885559082,6.579999923706055,6.199999809265137,6.380000114440918,2628400
2008-10-01,5.87931489944458,6.21999979019165,6.389999866485596,6.199999809265137,6.300000190734863,1459500
2008-10-02,5.557938098907471,5.880000114440918,6.289999961853027,5.840000152587891,6.230000019073486,1667300
2008-10-03,5.40670108795166,5.71999979019165,6.190000057220459,5.699999809265137,5.960000038146973,1693000
2008-10-06,5.189298629760742,5.489999771118164,5.690000057220459,5.099999904632568,5.690000057220459,3042100
2008-10-07,4.603257179260254,4.869999885559082,5.639999866485596,4.869999885559082,5.510000228881836,2531900
2008-10-08,4.366950988769531,4.619999885559082,5.329999923706055,4.46999979019165,4.849999904632568,3655400
2008-10-09,4.215713977813721,4.460000038146973,4.900000095367432,4.420000076293945,4.659999847412109,2502900
2008-10-10,4.036120891571045,4.269999980926514,4.570000171661377,3.910000085830689,4.349999904632568,4201700
2008-10-13,4.480378150939941,4.739999771118164,4.739999771118164,4.260000228881836,4.460000038146973,2154300
2008-10-14,4.2913312911987305,4.539999961853027,4.909999847412109,4.409999847412109,4.900000095367432,2148700
2008-10-15,3.818718671798706,4.039999961853027,4.599999904632568,4.010000228881836,4.579999923706055,2214600
2008-10-16,3.988860607147217,4.21999979019165,4.21999979019165,3.7699999809265137,4.059999942779541,2951200
2008-10-17,3.884884834289551,4.110000133514404,5.269999980926514,4.019999980926514,4.139999866485596,2521200
2008-10-20,3.998311996459961,4.230000019073486,4.309999942779541,4.070000171661377,4.179999828338623,1485100
2008-10-21,4.007763385772705,4.239999771118164,4.369999885559082,4.130000114440918,4.230000019073486,1690600
2008-10-22,3.7714574337005615,3.990000009536743,4.289999961853027,3.869999885559082,4.190000057220459,2398400
2008-10-23,3.450080394744873,3.650000095367432,4.03000020980835,3.549999952316284,3.9800000190734863,2231300
2008-10-24,3.2893917560577397,3.4800000190734863,3.619999885559082,3.3399999141693115,3.430000066757202,2036800
2008-10-27,3.1759636402130127,3.359999895095825,3.660000085830689,3.359999895095825,3.4600000381469727,1384400
2008-10-28,3.308296203613281,3.5,3.5,3.0999999046325684,3.4200000762939453,2554200
2008-10-29,3.0719895362854004,3.25,3.5299999713897705,3.049999952316284,3.490000009536743,4248100
2008-10-30,3.374462127685547,3.569999933242798,3.7300000190734863,3.369999885559082,3.369999885559082,2676500
2008-10-31,3.837623357772827,4.059999942779541,4.090000152587891,3.509999990463257,3.549999952316284,2756200
2008-11-03,3.809267282485962,4.03000020980835,4.190000057220459,3.920000076293945,4.059999942779541,2069000
2008-11-04,3.809267282485962,4.03000020980835,4.300000190734863,4.0,4.099999904632568,2794800
2008-11-05,3.913241624832153,4.139999866485596,4.190000057220459,4.0,4.190000057220459,2378200
2008-11-06,3.7336485385894775,3.950000047683716,4.28000020980835,3.940000057220459,4.099999904632568,3783200
2008-11-07,3.9321460723876953,4.159999847412109,4.159999847412109,3.900000095367432,4.0,3593800
2008-11-10,3.5162463188171387,3.7200000286102295,4.25,3.660000085830689,4.239999771118164,2394900
2008-11-11,3.346104621887207,3.539999961853028,3.7899999618530273,3.4600000381469727,3.680000066757202,2559400
2008-11-12,2.9869189262390137,3.1600000858306885,3.549999952316284,3.119999885559082,3.539999961853028,1945400
2008-11-13,3.128703117370605,3.309999942779541,3.3299999237060547,2.7799999713897705,3.1700000762939453,3029400
2008-11-14,2.854586124420166,3.0199999809265137,3.299999952316284,2.9800000190734863,3.25,2971800
2008-11-17,2.627732038497925,2.7799999713897705,3.049999952316284,2.7699999809265137,3.0,2021100
2008-11-18,2.410330057144165,2.549999952316284,2.8299999237060547,2.440000057220459,2.799999952316284,2515800
2008-11-19,2.0038816928863525,2.119999885559082,2.609999895095825,2.069999933242798,2.549999952316284,2124400
2008-11-20,1.6446958780288696,1.7400000095367432,2.2699999809265137,1.7400000095367432,2.2699999809265137,2850300
2008-11-21,1.4651025533676147,1.5499999523162842,1.9299999475479128,1.3300000429153442,1.899999976158142,6012200
2008-11-24,1.88100266456604,1.9900000095367432,2.190000057220459,1.5499999523162842,1.5800000429153442,5060300
2008-11-25,1.9566208124160769,2.069999933242798,2.0799999237060547,1.8899999856948853,2.0199999809265137,2429900
2008-11-26,2.0700485706329346,2.190000057220459,2.190000057220459,1.9700000286102293,2.069999933242798,1899800
2008-11-28,2.079500198364258,2.200000047683716,2.430000066757202,2.109999895095825,2.240000009536743,794000
2008-12-01,1.7864798307418823,1.8899999856948853,2.240000009536743,1.8899999856948853,2.2100000381469727,2217200
2008-12-02,1.843193769454956,1.950000047683716,2.0299999713897705,1.899999976158142,1.9299999475479128,2887900
2008-12-03,1.8526456356048584,1.9600000381469729,2.049999952316284,1.950000047683716,1.9600000381469729,1985700
2008-12-04,1.7770274877548218,1.8799999952316284,2.049999952316284,1.850000023841858,2.0,1662400
2008-12-05,1.8526456356048584,1.9600000381469729,2.0,1.690000057220459,1.899999976158142,3810300
2008-12-08,1.890454888343811,2.0,2.119999885559082,1.9600000381469729,2.0999999046325684,3071700
2008-12-09,2.0322394371032715,2.150000095367432,2.2699999809265137,2.0199999809265137,2.049999952316284,2420400
2008-12-10,2.117309331893921,2.240000009536743,2.369999885559082,2.119999885559082,2.1700000762939453,1896400
2008-12-11,2.1267619132995605,2.25,2.390000104904175,2.240000009536743,2.3399999141693115,2225900
2008-12-12,2.372520923614502,2.509999990463257,2.5799999237060547,2.150000095367432,2.190000057220459,1925300
2008-12-15,2.315807342529297,2.450000047683716,2.6600000858306885,2.450000047683716,2.569999933242798,1853200
2008-12-16,2.277998447418213,2.4100000858306885,2.549999952316284,2.2799999713897705,2.4800000190734863,2602100
2008-12-17,2.0322394371032715,2.150000095367432,2.4100000858306885,2.109999895095825,2.369999885559082,2618500
2008-12-18,1.937716364860535,2.049999952316284,2.25,1.9900000095367432,2.180000066757202,1908300
2008-12-19,1.928263783454895,2.039999961853028,2.180000066757202,2.0,2.0999999046325684,1928600
2008-12-22,1.909359335899353,2.0199999809265137,2.140000104904175,1.919999957084656,2.140000104904175,1331600
2008-12-23,1.824289083480835,1.9299999475479128,2.0199999809265137,1.8600000143051147,1.9800000190734863,896700
2008-12-24,1.748671054840088,1.850000023841858,1.950000047683716,1.7999999523162842,1.940000057220459,840200
2008-12-26,1.7392184734344482,1.840000033378601,1.8899999856948853,1.809999942779541,1.8600000143051147,453200
2008-12-29,1.748671054840088,1.850000023841858,1.909999966621399,1.840000033378601,1.8600000143051147,613500
2008-12-30,1.966073036193848,2.0799999237060547,2.0799999237060547,1.899999976158142,1.899999976158142,1311000
2008-12-31,2.060596466064453,2.180000066757202,2.220000028610229,2.049999952316284,2.049999952316284,1236400
2009-01-02,2.2118325233459477,2.3399999141693115,2.380000114440918,2.109999895095825,2.2300000190734863,1228700
2009-01-05,2.429234266281128,2.569999933242798,2.619999885559082,2.200000047683716,2.369999885559082,2006600
2009-01-06,2.93965744972229,3.109999895095825,3.2300000190734863,2.5199999809265137,2.5899999141693115,2933600
2009-01-07,2.750612258911133,2.9100000858306885,3.0799999237060547,2.7699999809265137,3.0799999237060547,2585800
2009-01-08,2.901848793029785,3.069999933242798,3.0999999046325684,2.8299999237060547,2.880000114440918,2158100
2009-01-09,2.665541410446167,2.819999933242798,3.0899999141693115,2.720000028610229,3.069999933242798,2221000
2009-01-12,2.6938979625701904,2.8499999046325684,2.950000047683716,2.650000095367432,2.799999952316284,2266500
2009-01-13,2.646636962890625,2.799999952316284,2.950000047683716,2.7300000190734863,2.8499999046325684,1731800
2009-01-14,2.4197826385498047,2.559999942779541,2.789999961853028,2.5299999713897705,2.7300000190734863,1401900
2009-01-15,2.608828067779541,2.759999990463257,2.7699999809265137,2.380000114440918,2.549999952316284,1765400
2009-01-16,2.552114486694336,2.700000047683716,2.9200000762939453,2.5999999046325684,2.799999952316284,1351700
2009-01-20,2.249641895294189,2.380000114440918,2.759999990463257,2.380000114440918,2.650000095367432,1084300
2009-01-21,2.2401890754699707,2.369999885559082,2.5299999713897705,2.200000047683716,2.4200000762939453,1640800
2009-01-22,2.174022912979126,2.299999952316284,2.400000095367432,2.130000114440918,2.3399999141693115,1220600
2009-01-23,2.353616237640381,2.490000009536743,2.5999999046325684,2.190000057220459,2.25,1279200
2009-01-26,2.315807342529297,2.450000047683716,2.5999999046325684,2.400000095367432,2.5,899800
2009-01-27,2.3819735050201416,2.5199999809265137,2.5799999237060547,2.440000057220459,2.5199999809265137,822300
2009-01-28,2.4008777141571045,2.539999961853028,2.680000066757202,2.5299999713897705,2.630000114440918,1726600
2009-01-29,2.315807342529297,2.450000047683716,2.5999999046325684,2.4100000858306885,2.559999942779541,969300
2009-01-30,2.192927837371826,2.319999933242798,2.549999952316284,2.319999933242798,2.4800000190734863,852800
2009-02-02,2.296902656555176,2.430000066757202,2.4600000381469727,2.25,2.309999942779541,1644200
2009-02-03,2.3441638946533203,2.4800000190734863,2.5199999809265137,2.400000095367432,2.4600000381469727,843500
2009-02-04,2.4481394290924072,2.5899999141693115,2.650000095367432,2.440000057220459,2.4800000190734863,1210100
2009-02-05,2.58047103881836,2.7300000190734863,2.869999885559082,2.5299999713897705,2.559999942779541,1410100
2009-02-06,2.731707811355591,2.890000104904175,2.9200000762939453,2.740000009536743,2.740000009536743,1326400
2009-02-09,2.7222557067871094,2.880000114440918,2.950000047683716,2.799999952316284,2.869999885559082,1049700
2009-02-10,2.5048530101776123,2.650000095367432,3.0,2.630000114440918,2.900000095367432,1115300
2009-02-11,2.4575912952423096,2.5999999046325684,2.890000104904175,2.539999961853028,2.6600000858306885,1438800
2009-02-12,2.6182796955108643,2.7699999809265137,2.799999952316284,2.5199999809265137,2.549999952316284,1131400
2009-02-13,2.6371843814849854,2.789999961853028,2.880000114440918,2.5299999713897705,2.539999961853028,2010600
2009-02-17,2.4954001903533936,2.640000104904175,2.8299999237060547,2.5799999237060547,2.720000028610229,1754000
2009-02-18,2.4386870861053467,2.5799999237060547,2.740000009536743,2.569999933242798,2.650000095367432,1946900
2009-02-19,2.117309331893921,2.240000009536743,2.680000066757202,2.240000009536743,2.680000066757202,1280600
2009-02-20,2.098405361175537,2.220000028610229,2.359999895095825,2.150000095367432,2.25,1593600
2009-02-23,1.833741307258606,1.940000057220459,2.319999933242798,1.940000057220459,2.299999952316284,1823900
2009-02-24,1.890454888343811,2.0,2.0799999237060547,1.8600000143051147,1.9600000381469729,3220800
2009-02-25,1.8148367404937744,1.919999957084656,2.0999999046325684,1.899999976158142,2.039999961853028,2401800
2009-02-26,1.795932054519653,1.899999976158142,2.039999961853028,1.899999976158142,2.0199999809265137,1604700
2009-02-27,1.616339087486267,1.7100000381469729,1.899999976158142,1.600000023841858,1.8799999952316284,3345300
2009-03-02,1.53126859664917,1.6200000047683716,1.690000057220459,1.600000023841858,1.649999976158142,2059700
2009-03-03,1.5123639106750488,1.600000023841858,1.7100000381469729,1.600000023841858,1.6299999952316284,2639900
2009-03-04,1.7297664880752563,1.830000042915344,1.8899999856948853,1.6200000047683716,1.6399999856948853,2886600
2009-03-05,1.7108616828918457,1.809999942779541,1.9299999475479128,1.809999942779541,1.840000033378601,2053700
2009-03-06,1.6825047731399536,1.7799999713897705,1.870000004768372,1.7599999904632568,1.840000033378601,2010200
2009-03-09,1.6446958780288696,1.7400000095367432,1.8600000143051147,1.6699999570846558,1.7799999713897705,1284400
2009-03-10,1.890454888343811,2.0,2.0,1.7999999523162842,1.850000023841858,2578000
2009-03-11,1.795932054519653,1.899999976158142,2.0999999046325684,1.8600000143051147,2.0,2049200
2009-03-12,1.966073036193848,2.0799999237060547,2.150000095367432,1.8799999952316284,1.9600000381469729,2773000
2009-03-13,2.145665645599365,2.2699999809265137,2.319999933242798,2.0999999046325684,2.0999999046325684,2238800
2009-03-16,2.022786855697632,2.140000104904175,2.3299999237060547,2.109999895095825,2.299999952316284,1658400
2009-03-17,2.145665645599365,2.2699999809265137,2.2799999713897705,2.0999999046325684,2.150000095367432,1514300
2009-03-18,2.136213541030884,2.259999990463257,2.319999933242798,2.150000095367432,2.220000028610229,2610600
2009-03-19,2.391425609588623,2.5299999713897705,2.5999999046325684,2.220000028610229,2.359999895095825,2343500
2009-03-20,2.1645708084106445,2.289999961853028,2.559999942779541,2.180000066757202,2.559999942779541,3652100
2009-03-23,2.58992338180542,2.740000009536743,2.740000009536743,2.3499999046325684,2.369999885559082,2178600
2009-03-24,2.4197826385498047,2.559999942779541,2.7699999809265137,2.549999952316284,2.7699999809265137,1045200
2009-03-25,2.4481394290924072,2.5899999141693115,2.680000066757202,2.4600000381469727,2.5899999141693115,2185100
2009-03-26,2.485948324203491,2.630000114440918,2.859999895095825,2.5199999809265137,2.5999999046325684,7991500
2009-03-27,2.665541410446167,2.819999933242798,2.8499999046325684,2.539999961853028,2.569999933242798,6885400
2009-03-30,2.353616237640381,2.490000009536743,2.740000009536743,2.470000028610229,2.700000047683716,2423800
2009-03-31,2.5426619052886963,2.690000057220459,2.7699999809265137,2.5199999809265137,2.5299999713897705,1813100
2009-04-01,2.665541410446167,2.819999933242798,2.819999933242798,2.549999952316284,2.700000047683716,2850500
2009-04-02,2.8262298107147217,2.990000009536743,3.2699999809265137,2.8399999141693115,2.880000114440918,5232500
2009-04-03,3.0247278213500977,3.200000047683716,3.289999961853028,2.900000095367432,3.0,2883700
2009-04-06,3.015275716781616,3.190000057220459,3.259999990463257,3.039999961853028,3.1600000858306885,3456000
2009-04-07,3.015275716781616,3.190000057220459,3.359999895095825,3.069999933242798,3.0999999046325684,3350900
2009-04-08,3.166512250900269,3.3499999046325684,3.369999885559082,3.220000028610229,3.220000028610229,2968800
2009-04-09,3.4406280517578125,3.640000104904175,3.700000047683716,3.400000095367432,3.400000095367432,4170400
2009-04-13,3.412271022796631,3.609999895095825,3.630000114440918,3.450000047683716,3.630000114440918,2546400
2009-04-14,3.563507318496704,3.7699999809265137,3.920000076293945,3.609999895095825,3.619999885559082,2617300
2009-04-15,3.431175708770752,3.630000114440918,3.839999914169312,3.549999952316284,3.7699999809265137,2381700
2009-04-16,3.714744091033936,3.930000066757202,4.0,3.670000076293945,3.7699999809265137,2449600
2009-04-17,3.894336462020874,4.119999885559082,4.170000076293945,3.819999933242798,3.940000057220459,2199100
2009-04-20,3.497342109680176,3.700000047683716,4.099999904632568,3.680000066757202,4.079999923706055,2386500
2009-04-21,3.780909776687622,4.0,4.0,3.630000114440918,3.799999952316284,3768900
2009-04-22,3.724196195602417,3.940000057220459,4.150000095367432,3.910000085830689,3.940000057220459,3711600
2009-04-23,3.64857816696167,3.859999895095825,4.079999923706055,3.75,4.050000190734863,2855300
2009-04-24,3.705291271209717,3.920000076293945,3.990000009536743,3.809999942779541,3.920000076293945,3609400
2009-04-27,3.620221138000488,3.829999923706055,3.950000047683716,3.809999942779541,3.829999923706055,1562200
2009-04-28,3.591864109039306,3.799999952316284,3.900000095367432,3.75,3.809999942779541,1238200
2009-04-29,3.837623357772827,4.059999942779541,4.190000057220459,3.829999923706055,3.849999904632568,2285600
2009-04-30,4.073929309844971,4.309999942779541,4.889999866485596,4.309999942779541,4.610000133514404,7421900
2009-05-01,4.017216682434082,4.25,4.360000133514404,4.199999809265137,4.28000020980835,3437400
2009-05-04,4.253523826599121,4.5,4.559999942779541,4.25,4.25,2506900
2009-05-05,4.140097141265869,4.380000114440918,4.46999979019165,4.309999942779541,4.429999828338623,1649000
2009-05-06,3.998311996459961,4.230000019073486,4.5,4.130000114440918,4.400000095367432,2490200
2009-05-07,3.7336485385894775,3.950000047683716,4.369999885559082,3.7200000286102295,4.329999923706055,4463700
2009-05-08,3.7336485385894775,3.950000047683716,4.070000171661377,3.75,4.010000228881836,2219300
2009-05-11,3.629673480987549,3.839999914169312,4.070000171661377,3.700000047683716,3.890000104904175,2372600
2009-05-12,3.402818441390991,3.5999999046325684,3.890000104904175,3.5299999713897705,3.839999914169312,2643400
2009-05-13,3.1476075649261475,3.3299999237060547,3.5799999237060547,3.3299999237060547,3.5799999237060547,4057800
2009-05-14,3.450080394744873,3.650000095367432,3.759999990463257,3.3399999141693115,3.3399999141693115,2996500
2009-05-15,3.450080394744873,3.650000095367432,3.9600000381469727,3.650000095367432,3.700000047683716,1704100
2009-05-18,3.676935195922852,3.890000104904175,3.940000057220459,3.7200000286102295,3.7200000286102295,2301000
2009-05-19,3.865980625152588,4.090000152587891,4.239999771118164,3.849999904632568,3.920000076293945,4504300
2009-05-20,3.9699554443359375,4.199999809265137,4.349999904632568,3.9700000286102295,3.9700000286102295,5561400
2009-05-21,3.998311996459961,4.230000019073486,4.300000190734863,4.059999942779541,4.190000057220459,4450500
2009-05-22,4.045573711395264,4.28000020980835,4.400000095367432,4.21999979019165,4.269999980926514,2747100
2009-05-26,4.13064432144165,4.369999885559082,4.389999866485596,4.199999809265137,4.21999979019165,1784600
2009-05-27,4.168452739715576,4.409999847412109,4.610000133514404,4.300000190734863,4.369999885559082,1901100
2009-05-28,4.177906036376953,4.420000076293945,4.539999961853027,4.210000038146973,4.46999979019165,2252100
2009-05-29,4.281880855560303,4.53000020980835,4.590000152587891,4.340000152587891,4.409999847412109,1826300
2009-06-01,4.555996894836426,4.820000171661377,4.880000114440918,4.579999923706055,4.599999904632568,2030600
2009-06-02,4.319690704345703,4.570000171661377,4.820000171661377,4.510000228881836,4.78000020980835,4546300
2009-06-03,4.281880855560303,4.53000020980835,4.610000133514404,4.380000114440918,4.539999961853027,2360600
2009-06-04,4.310237407684326,4.559999942779541,4.78000020980835,4.460000038146973,4.599999904632568,2540800
2009-06-05,4.300784587860107,4.550000190734863,4.679999828338623,4.46999979019165,4.599999904632568,1500900
2009-06-08,4.215713977813721,4.460000038146973,4.590000152587891,4.380000114440918,4.519999980926514,1185800
2009-06-09,4.593805313110352,4.860000133514404,4.920000076293945,4.599999904632568,4.619999885559082,3695700
2009-06-10,4.574902057647705,4.840000152587891,5.0,4.78000020980835,4.949999809265137,3680200
2009-06-11,4.697780132293701,4.96999979019165,5.019999980926514,4.869999885559082,4.880000114440918,2794300
2009-06-12,4.603257179260254,4.869999885559082,4.989999771118164,4.800000190734863,4.940000057220459,3159100
2009-06-15,4.433116912841797,4.690000057220459,4.829999923706055,4.579999923706055,4.760000228881836,2662900
2009-06-16,4.489831447601318,4.75,4.909999847412109,4.679999828338623,4.690000057220459,3858200
2009-06-17,4.574902057647705,4.840000152587891,5.019999980926514,4.550000190734863,4.75,3372900
2009-06-18,4.404758930206299,4.659999847412109,4.929999828338623,4.590000152587891,4.809999942779541,3190800
2009-06-19,4.452022075653076,4.710000038146973,4.829999923706055,4.659999847412109,4.710000038146973,3519600
2009-06-22,4.102287292480469,4.340000152587891,4.690000057220459,4.309999942779541,4.679999828338623,2241900
2009-06-23,4.045573711395264,4.28000020980835,4.389999866485596,4.099999904632568,4.349999904632568,2406800
2009-06-24,4.168452739715576,4.409999847412109,4.510000228881836,4.329999923706055,4.329999923706055,2063500
2009-06-25,4.272427082061768,4.519999980926514,4.53000020980835,4.289999961853027,4.380000114440918,1331500
2009-06-26,4.26297664642334,4.510000228881836,4.650000095367432,4.400000095367432,4.480000019073486,6463300
2009-06-29,4.442570209503174,4.699999809265137,4.739999771118164,4.480000019073486,4.5,3207200
2009-06-30,4.4614739418029785,4.71999979019165,4.789999961853027,4.570000171661377,4.75,3261600
2009-07-01,4.470925807952881,4.730000019073486,4.880000114440918,4.650000095367432,4.71999979019165,2150400
2009-07-02,4.404758930206299,4.659999847412109,4.789999961853027,4.489999771118164,4.670000076293945,2489400
2009-07-06,4.196810722351074,4.440000057220459,4.71999979019165,4.360000133514404,4.670000076293945,2458200
2009-07-07,4.045573711395264,4.28000020980835,4.5,4.230000019073486,4.460000038146973,3028400
2009-07-08,4.036120891571045,4.269999980926514,4.380000114440918,4.119999885559082,4.340000152587891,3313700
2009-07-09,4.3574981689453125,4.610000133514404,4.639999866485596,4.320000171661377,4.420000076293945,8661000
2009-07-10,4.622160911560059,4.889999866485596,4.929999828338623,4.480000019073486,4.579999923706055,5496700
2009-07-13,4.659971237182617,4.929999828338623,4.929999828338623,4.650000095367432,4.860000133514404,2431400
2009-07-14,4.726138114929199,5.0,5.0,4.829999923706055,4.920000076293945,3214400
2009-07-15,5.056965827941895,5.349999904632568,5.440000057220459,5.099999904632568,5.099999904632568,5681600
2009-07-16,5.227108955383301,5.53000020980835,5.610000133514404,5.25,5.300000190734863,4882700
2009-07-17,5.387795925140381,5.699999809265137,5.75,5.409999847412109,5.53000020980835,3340200
2009-07-20,5.378344058990479,5.690000057220459,5.940000057220459,5.619999885559082,5.75,4238900
2009-07-21,5.359440326690674,5.670000076293945,5.699999809265137,5.480000019073486,5.699999809265137,3904500
2009-07-22,5.501224517822266,5.820000171661377,5.860000133514404,5.539999961853027,5.619999885559082,2773500
2009-07-23,5.5957465171813965,5.920000076293945,6.03000020980835,5.75,5.800000190734863,3005400
2009-07-24,5.548485279083252,5.869999885559082,5.920000076293945,5.670000076293945,5.829999923706055,1667800
2009-07-27,5.661913871765137,5.989999771118164,6.03000020980835,5.800000190734863,5.880000114440918,3103800
2009-07-28,5.463415622711182,5.78000020980835,6.159999847412109,5.699999809265137,5.960000038146973,4113100
2009-07-29,5.29327392578125,5.599999904632568,6.0,5.449999809265137,5.800000190734863,4591700
2009-07-30,5.917123794555664,6.260000228881836,6.340000152587891,5.929999828338623,6.110000133514404,14066300
2009-07-31,5.917123794555664,6.260000228881836,6.369999885559082,6.159999847412109,6.260000228881836,3522400
2009-08-03,6.134525775909424,6.489999771118164,6.639999866485596,6.320000171661377,6.340000152587891,6307200
2009-08-04,6.106168270111084,6.460000038146973,6.599999904632568,6.369999885559082,6.480000019073486,3335400
2009-08-05,6.068360805511475,6.420000076293945,6.550000190734863,6.369999885559082,6.449999809265137,2700400
2009-08-06,5.746983528137207,6.079999923706055,6.489999771118164,6.0,6.46999979019165,4243700
2009-08-07,5.746983528137207,6.079999923706055,6.300000190734863,6.019999980926514,6.159999847412109,3672600
2009-08-10,5.728078365325928,6.059999942779541,6.139999866485596,6.03000020980835,6.039999961853027,2667800
2009-08-11,5.368892669677734,5.679999828338623,6.139999866485596,5.630000114440918,6.03000020980835,4422700
2009-08-12,5.671363830566406,6.0,6.079999923706055,5.679999828338623,5.699999809265137,3795600
2009-08-13,5.661913871765137,5.989999771118164,6.070000171661377,5.809999942779541,6.070000171661377,2357600
2009-08-14,5.397249221801758,5.710000038146973,5.960000038146973,5.570000171661377,5.840000152587891,3551500
2009-08-17,5.056965827941895,5.349999904632568,5.570000171661377,5.320000171661377,5.550000190734863,3266900
2009-08-18,5.331082820892334,5.639999866485596,5.710000038146973,5.389999866485596,5.400000095367432,2996800
2009-08-19,5.340535640716553,5.650000095367432,5.75,5.46999979019165,5.510000228881836,2055200
2009-08-20,5.501224517822266,5.820000171661377,5.920000076293945,5.670000076293945,5.679999828338623,4008700
2009-08-21,5.548485279083252,5.869999885559082,5.96999979019165,5.699999809265137,5.920000076293945,2146400
2009-08-24,5.397249221801758,5.710000038146973,5.980000019073486,5.659999847412109,5.880000114440918,2306800
2009-08-25,5.340535640716553,5.650000095367432,5.789999961853027,5.570000171661377,5.739999771118164,2751400
2009-08-26,5.40670108795166,5.71999979019165,5.889999866485596,5.610000133514404,5.610000133514404,2208700
2009-08-27,5.368892669677734,5.679999828338623,5.730000019073486,5.440000057220459,5.670000076293945,2778000
2009-08-28,5.331082820892334,5.639999866485596,5.920000076293945,5.590000152587891,5.920000076293945,2437800
2009-08-31,5.2365593910217285,5.539999961853027,5.659999847412109,5.449999809265137,5.590000152587891,1473100
2009-09-01,5.321629524230957,5.630000114440918,5.840000152587891,5.449999809265137,5.480000019073486,5278700
2009-09-02,5.917123794555664,6.260000228881836,6.329999923706055,5.789999961853027,5.900000095367432,7331900
2009-09-03,6.143979072570801,6.5,6.559999942779541,6.210000038146973,6.28000020980835,4082400
2009-09-04,6.314119815826416,6.679999828338623,6.679999828338623,6.409999847412109,6.460000038146973,2943600
2009-09-08,6.342476844787598,6.710000038146973,6.739999771118164,6.5,6.699999809265137,2122800
2009-09-09,6.6165924072265625,7.0,7.050000190734863,6.53000020980835,6.659999847412109,3348700
2009-09-10,6.994684219360352,7.400000095367432,7.460000038146973,6.949999809265137,6.96999979019165,5985200
2009-09-11,6.843446731567383,7.239999771118164,7.480000019073486,7.090000152587891,7.420000076293945,2285700
2009-09-14,6.956873893737793,7.360000133514404,7.409999847412109,7.099999904632568,7.159999847412109,1686100
2009-09-15,7.060849189758301,7.46999979019165,7.5,7.340000152587891,7.380000114440918,1610300
2009-09-16,7.0419440269470215,7.449999809265137,7.570000171661377,7.340000152587891,7.5,1870100
2009-09-17,6.758375644683838,7.150000095367432,7.559999942779541,7.039999961853027,7.440000057220459,3581500
2009-09-18,6.720566749572754,7.110000133514404,7.289999961853027,7.090000152587891,7.179999828338623,2670400
2009-09-21,6.607140064239502,6.989999771118164,7.099999904632568,6.900000095367432,7.010000228881836,2509400
2009-09-22,6.767829418182373,7.159999847412109,7.289999961853027,7.0,7.019999980926514,1577000
2009-09-23,6.843446731567383,7.239999771118164,7.5,7.210000038146973,7.230000019073486,2386500
2009-09-24,6.673305511474609,7.059999942779541,7.400000095367432,6.909999847412109,7.25,2194000
2009-09-25,6.493711948394775,6.869999885559082,7.139999866485596,6.699999809265137,7.019999980926514,1786100
2009-09-28,6.730019092559815,7.119999885559082,7.199999809265137,6.789999961853027,6.880000114440918,1330100
2009-09-29,6.588236331939697,6.96999979019165,7.21999979019165,6.900000095367432,7.130000114440918,1460400
2009-09-30,6.503164768218994,6.880000114440918,7.150000095367432,6.739999771118164,7.0,2112500
2009-10-01,6.011647701263428,6.360000133514404,6.940000057220459,6.260000228881836,6.860000133514404,5749300
2009-10-02,5.973837852478027,6.320000171661377,6.429999828338623,6.050000190734863,6.289999961853027,4612600
2009-10-05,6.342476844787598,6.710000038146973,6.75,6.360000133514404,6.360000133514404,2325100
2009-10-06,6.474808216094971,6.849999904632568,6.980000019073486,6.699999809265137,6.789999961853027,1659500
2009-10-07,6.418095588684082,6.789999961853027,6.900000095367432,6.75,6.840000152587891,1018800
2009-10-08,6.531521797180176,6.909999847412109,6.949999809265137,6.699999809265137,6.880000114440918,2464100
2009-10-09,6.985231399536133,7.389999866485596,7.400000095367432,6.829999923706055,6.889999866485596,2700100
2009-10-12,7.108109951019287,7.519999980926514,7.630000114440918,7.389999866485596,7.460000038146973,2354900
2009-10-13,7.013587951660156,7.420000076293945,7.699999809265137,7.369999885559082,7.519999980926514,2222000
2009-10-14,7.202633857727051,7.619999885559082,7.690000057220459,7.440000057220459,7.659999847412109,2104300
2009-10-15,6.9663262367248535,7.369999885559082,7.579999923706055,7.309999942779541,7.579999923706055,1849200
2009-10-16,6.730019092559815,7.119999885559082,7.349999904632568,7.0,7.289999961853027,2591600
2009-10-19,6.739471912384033,7.130000114440918,7.300000190734863,7.03000020980835,7.170000076293945,1609400
2009-10-20,6.748924255371094,7.139999866485596,7.380000114440918,7.099999904632568,7.199999809265137,1948300
2009-10-21,6.701662540435791,7.090000152587891,7.449999809265137,7.050000190734863,7.110000133514404,2242900
2009-10-22,6.720566749572754,7.110000133514404,7.159999847412109,6.900000095367432,7.079999923706055,1404000
2009-10-23,6.503164768218994,6.880000114440918,7.25,6.820000171661377,7.239999771118164,3436000
2009-10-26,6.455903053283691,6.829999923706055,7.130000114440918,6.730000019073486,6.909999847412109,3854000
2009-10-27,6.370832443237305,6.739999771118164,6.989999771118164,6.619999885559082,6.820000171661377,3069800
2009-10-28,5.548485279083252,5.869999885559082,6.690000057220459,5.809999942779541,6.400000095367432,6262000
2009-10-29,5.529580593109131,5.849999904632568,6.179999828338623,5.78000020980835,5.909999847412109,3115300
2009-10-30,5.2082037925720215,5.510000228881836,5.800000190734863,5.380000114440918,5.800000190734863,5524000
2009-11-02,5.312178134918213,5.619999885559082,5.769999980926514,5.46999979019165,5.510000228881836,4245400
2009-11-03,5.217656135559082,5.519999980926514,5.610000133514404,5.380000114440918,5.550000190734863,3151700
2009-11-04,5.17984676361084,5.480000019073486,5.849999904632568,5.46999979019165,5.659999847412109,2330200
2009-11-05,5.529580593109131,5.849999904632568,5.880000114440918,5.46999979019165,5.599999904632568,2341100
2009-11-06,5.40670108795166,5.71999979019165,5.989999771118164,5.659999847412109,5.800000190734863,1854500
2009-11-09,5.652459621429443,5.980000019073486,6.090000152587891,5.769999980926514,5.800000190734863,1444800
2009-11-10,5.605198383331299,5.929999828338623,6.019999980926514,5.800000190734863,5.960000038146973,1432400
2009-11-11,5.87931489944458,6.21999979019165,6.239999771118164,5.960000038146973,6.0,1791000
2009-11-12,5.765887260437012,6.099999904632568,6.380000114440918,6.050000190734863,6.269999980926514,2326800
2009-11-13,5.775339603424072,6.110000133514404,6.21999979019165,6.03000020980835,6.119999885559082,1613700
2009-11-16,5.860410213470459,6.199999809265137,6.389999866485596,6.170000076293945,6.179999828338623,3528000
2009-11-17,5.87931489944458,6.21999979019165,6.28000020980835,6.079999923706055,6.179999828338623,1410900
2009-11-18,5.794244766235352,6.130000114440918,6.21999979019165,6.03000020980835,6.199999809265137,1341700
2009-11-19,5.53903341293335,5.860000133514404,6.079999923706055,5.710000038146973,6.039999961853027,2092600
2009-11-20,5.425605773925781,5.739999771118164,5.869999885559082,5.599999904632568,5.599999904632568,1633500
2009-11-23,5.444511413574219,5.760000228881836,6.0,5.710000038146973,5.869999885559082,1767800
2009-11-24,5.4161529541015625,5.730000019073486,5.789999961853027,5.630000114440918,5.75,1561600
2009-11-25,5.4161529541015625,5.730000019073486,5.789999961853027,5.639999866485596,5.739999771118164,818900
2009-11-27,5.321629524230957,5.630000114440918,5.679999828338623,5.329999923706055,5.489999771118164,1060100
2009-11-30,5.246012210845947,5.550000190734863,5.659999847412109,5.380000114440918,5.650000095367432,2055600
2009-12-01,5.425605773925781,5.739999771118164,5.75,5.550000190734863,5.599999904632568,3787000
2009-12-02,5.888767719268799,6.230000019073486,6.260000228881836,5.659999847412109,5.739999771118164,5267300
2009-12-03,6.210144519805908,6.570000171661377,6.739999771118164,6.139999866485596,6.28000020980835,7999500
2009-12-04,6.314119815826416,6.679999828338623,6.820000171661377,6.429999828338623,6.590000152587891,2948100
2009-12-07,6.333024501800537,6.699999809265137,6.880000114440918,6.619999885559082,6.679999828338623,2058500
2009-12-08,6.229048728942871,6.590000152587891,6.769999980926514,6.519999980926514,6.630000114440918,3347800
2009-12-09,6.068360805511475,6.420000076293945,6.610000133514404,6.260000228881836,6.590000152587891,2663700
2009-12-10,5.945481300354004,6.289999961853027,6.489999771118164,6.199999809265137,6.46999979019165,2419000
2009-12-11,5.936028957366943,6.28000020980835,6.429999828338623,6.190000057220459,6.309999942779541,851200
2009-12-14,6.030551433563232,6.380000114440918,6.429999828338623,6.230000019073486,6.349999904632568,1097700
2009-12-15,6.049455642700195,6.400000095367432,6.5,6.28000020980835,6.380000114440918,1277200
2009-12-16,6.049455642700195,6.400000095367432,6.519999980926514,6.400000095367432,6.400000095367432,1249900
2009-12-17,6.096717357635498,6.449999809265137,6.5,6.320000171661377,6.360000133514404,1998500
2009-12-18,6.12507438659668,6.480000019073486,6.5,6.269999980926514,6.489999771118164,2083300
2009-12-21,6.153430938720703,6.510000228881836,6.670000076293945,6.400000095367432,6.489999771118164,1685500
2009-12-22,6.919065952301025,7.320000171661377,7.5,6.929999828338623,7.099999904632568,10153000
2009-12-23,6.985231399536133,7.389999866485596,7.440000057220459,7.25,7.389999866485596,2905300
2009-12-24,6.994684219360352,7.400000095367432,7.429999828338623,7.21999979019165,7.389999866485596,1270500
2009-12-28,6.881256103515625,7.28000020980835,7.480000019073486,7.199999809265137,7.409999847412109,1372700
2009-12-29,6.805636882781982,7.199999809265137,7.28000020980835,7.110000133514404,7.28000020980835,1625500
2009-12-30,6.862351417541504,7.260000228881836,7.309999942779541,7.099999904632568,7.190000057220459,1261300
2009-12-31,6.767829418182373,7.159999847412109,7.349999904632568,7.139999866485596,7.28000020980835,912900
2010-01-04,6.975779533386231,7.380000114440918,7.389999866485596,7.199999809265137,7.239999771118164,2702100
2010-01-05,6.909614086151123,7.309999942779541,7.550000190734863,7.210000038146973,7.400000095367432,2645400
2010-01-06,6.815089225769043,7.210000038146973,7.400000095367432,7.159999847412109,7.260000228881836,1442000
2010-01-07,7.004135608673096,7.409999847412109,7.429999828338623,7.139999866485596,7.159999847412109,3094900
2010-01-08,6.928517818450928,7.329999923706055,7.440000057220459,7.199999809265137,7.400000095367432,1545500
2010-01-11,6.805636882781982,7.199999809265137,7.440000057220459,7.110000133514404,7.400000095367432,1581100
2010-01-12,6.569331169128418,6.949999809265137,7.179999828338623,6.800000190734863,7.110000133514404,2102000
2010-01-13,6.673305511474609,7.059999942779541,7.179999828338623,6.78000020980835,7.0,1841800
2010-01-14,6.635496616363525,7.019999980926514,7.059999942779541,6.849999904632568,7.039999961853027,1091100
2010-01-15,6.257406234741211,6.619999885559082,7.039999961853027,6.599999904632568,7.039999961853027,3694100
2010-01-19,6.399189472198486,6.769999980926514,6.849999904632568,6.630000114440918,6.630000114440918,1923500
2010-01-20,6.257406234741211,6.619999885559082,6.75,6.550000190734863,6.710000038146973,3035400
2010-01-21,6.087265491485596,6.440000057220459,6.820000171661377,6.380000114440918,6.650000095367432,2586900
2010-01-22,5.775339603424072,6.110000133514404,6.420000076293945,6.070000171661377,6.360000133514404,2961200
2010-01-25,5.784791946411133,6.119999885559082,6.28000020980835,5.949999809265137,6.170000076293945,2706500
2010-01-26,5.756434917449951,6.090000152587891,6.230000019073486,5.900000095367432,6.199999809265137,4280900
2010-01-27,5.794244766235352,6.130000114440918,6.329999923706055,5.940000057220459,6.039999961853027,1923500
2010-01-28,5.53903341293335,5.860000133514404,6.260000228881836,5.800000190734863,6.159999847412109,6621500
2010-01-29,5.378344058990479,5.690000057220459,6.0,5.510000228881836,5.900000095367432,3627500
2010-02-01,5.841505527496338,6.179999828338623,6.179999828338623,5.699999809265137,5.71999979019165,3612300
2010-02-02,5.8131489753723145,6.150000095367432,6.309999942779541,6.070000171661377,6.170000076293945,2078800
2010-02-03,5.633555889129639,5.960000038146973,6.210000038146973,5.909999847412109,6.099999904632568,2081200
2010-02-04,5.29327392578125,5.599999904632568,6.0,5.559999942779541,5.920000076293945,2159900
2010-02-05,5.397249221801758,5.710000038146973,5.78000020980835,5.46999979019165,5.650000095367432,2752000
2010-02-08,5.453961849212647,5.769999980926514,5.889999866485596,5.590000152587891,5.71999979019165,1746500
2010-02-09,5.605198383331299,5.929999828338623,5.960000038146973,5.78000020980835,5.889999866485596,2834800
2010-02-10,5.99274206161499,6.340000152587891,6.369999885559082,5.900000095367432,5.940000057220459,5325700
2010-02-11,5.5957465171813965,5.920000076293945,5.96999979019165,5.550000190734863,5.909999847412109,9012200
2010-02-12,5.746983528137207,6.079999923706055,6.079999923706055,5.690000057220459,5.840000152587891,3959700
2010-02-16,6.021099090576172,6.369999885559082,6.380000114440918,6.079999923706055,6.099999904632568,2658300
2010-02-17,6.021099090576172,6.369999885559082,6.480000019073486,6.239999771118164,6.420000076293945,2245000
2010-02-18,6.011647701263428,6.360000133514404,6.409999847412109,6.159999847412109,6.340000152587891,2206800
2010-02-19,6.021099090576172,6.369999885559082,6.380000114440918,6.179999828338623,6.289999961853027,2193300
2010-02-22,5.87931489944458,6.21999979019165,6.409999847412109,6.210000038146973,6.380000114440918,2379500
2010-02-23,5.6808180809021,6.010000228881836,6.210000038146973,5.860000133514404,6.210000038146973,3296300
2010-02-24,5.728078365325928,6.059999942779541,6.230000019073486,6.019999980926514,6.019999980926514,1856000
2010-02-25,5.728078365325928,6.059999942779541,6.079999923706055,5.809999942779541,5.960000038146973,1773500
2010-02-26,5.690269947052002,6.019999980926514,6.190000057220459,5.96999979019165,6.190000057220459,1443800
2010-03-01,5.964385509490967,6.309999942779541,6.320000171661377,6.019999980926514,6.050000190734863,1536400
2010-03-02,5.869863033294678,6.210000038146973,6.400000095367432,6.179999828338623,6.349999904632568,2428600
2010-03-03,6.021099090576172,6.369999885559082,6.420000076293945,6.21999979019165,6.260000228881836,2837000
2010-03-04,6.030551433563232,6.380000114440918,6.400000095367432,6.21999979019165,6.360000133514404,1491800
2010-03-05,6.238500595092773,6.599999904632568,6.610000133514404,6.309999942779541,6.409999847412109,2400100
2010-03-08,6.1628828048706055,6.519999980926514,6.650000095367432,6.480000019073486,6.639999866485596,1003500
2010-03-09,6.210144519805908,6.570000171661377,6.630000114440918,6.400000095367432,6.46999979019165,2289000
2010-03-10,6.4842610359191895,6.860000133514404,6.860000133514404,6.599999904632568,6.599999904632568,3201300
2010-03-11,6.380285739898682,6.75,6.880000114440918,6.619999885559082,6.820000171661377,2405200
2010-03-12,6.342476844787598,6.710000038146973,6.829999923706055,6.639999866485596,6.820000171661377,1609900
2010-03-15,6.266858577728272,6.630000114440918,6.730000019073486,6.539999961853027,6.730000019073486,1436000
2010-03-16,6.465356349945068,6.840000152587891,6.849999904632568,6.510000228881836,6.679999828338623,2132200
2010-03-17,6.522068977355957,6.900000095367432,6.989999771118164,6.75,6.860000133514404,2083400
2010-03-18,6.4464521408081055,6.820000171661377,6.929999828338623,6.610000133514404,6.929999828338623,2272300
2010-03-19,6.257406234741211,6.619999885559082,6.869999885559082,6.519999980926514,6.860000133514404,1706300
2010-03-22,6.465356349945068,6.840000152587891,6.889999866485596,6.480000019073486,6.519999980926514,1913700
2010-03-23,6.531521797180176,6.909999847412109,6.949999809265137,6.769999980926514,6.860000133514404,2354400
2010-03-24,6.4464521408081055,6.820000171661377,6.889999866485596,6.670000076293945,6.889999866485596,2844400
2010-03-25,6.512617111206055,6.889999866485596,7.099999904632568,6.820000171661377,6.900000095367432,2825700
2010-03-26,6.550426959991455,6.929999828338623,7.099999904632568,6.880000114440918,6.960000038146973,2282500
2010-03-29,6.720566749572754,7.110000133514404,7.119999885559082,6.909999847412109,6.940000057220459,1740500
2010-03-30,6.796185493469238,7.190000057220459,7.239999771118164,6.920000076293945,7.090000152587891,2967800
2010-03-31,6.692209243774414,7.079999923706055,7.239999771118164,7.039999961853027,7.159999847412109,2257600
2010-04-01,6.635496616363525,7.019999980926514,7.210000038146973,6.860000133514404,7.139999866485596,2067300
2010-04-05,6.815089225769043,7.210000038146973,7.230000019073486,6.989999771118164,7.079999923706055,1344700
2010-04-06,6.900160789489746,7.300000190734863,7.340000152587891,7.059999942779541,7.150000095367432,1260900
2010-04-07,6.900160789489746,7.300000190734863,7.360000133514404,7.170000076293945,7.28000020980835,1345300
2010-04-08,6.862351417541504,7.260000228881836,7.300000190734863,7.03000020980835,7.260000228881836,1940100
2010-04-09,7.0419440269470215,7.449999809265137,7.53000020980835,7.260000228881836,7.269999980926514,3265900
2010-04-12,7.117562770843506,7.53000020980835,7.590000152587891,7.380000114440918,7.489999771118164,1822900
2010-04-13,7.136467456817627,7.550000190734863,7.599999904632568,7.46999979019165,7.519999980926514,1554800
2010-04-14,7.750865459442139,8.199999809265137,8.199999809265137,7.800000190734863,7.800000190734863,6035000
2010-04-15,7.9304585456848145,8.390000343322754,8.539999961853027,8.180000305175781,8.220000267028809,4890400
2010-04-16,7.66579532623291,8.109999656677246,8.390000343322754,7.940000057220459,8.369999885559082,2992700
2010-04-19,7.580724239349365,8.020000457763672,8.170000076293945,7.650000095367432,7.989999771118164,3069600
2010-04-20,7.722508907318115,8.170000076293945,8.239999771118164,7.949999809265137,8.09000015258789,1513700
2010-04-21,7.769769668579102,8.220000267028809,8.350000381469727,8.100000381469727,8.210000038146973,2449600
2010-04-22,7.8926472663879395,8.350000381469727,8.380000114440918,7.889999866485596,8.0,2728900
2010-04-23,8.04388427734375,8.510000228881836,8.520000457763672,8.229999542236328,8.329999923706055,5508100
2010-04-26,8.091147422790527,8.5600004196167,8.8100004196167,8.5,8.59000015258789,4279400
2010-04-27,7.798126220703125,8.25,8.720000267028809,8.239999771118164,8.510000228881836,6015800
2010-04-28,7.457844257354736,7.889999866485596,8.0,7.389999866485596,7.96999979019165,10805300
2010-04-29,7.457844257354736,7.889999866485596,8.0,7.769999980926514,7.929999828338623,3398800
2010-04-30,7.127014636993408,7.539999961853027,7.889999866485596,7.460000038146973,7.889999866485596,3589500
2010-05-03,7.287703990936279,7.710000038146973,7.78000020980835,7.539999961853027,7.639999866485596,2419300
2010-05-04,6.786733150482178,7.179999828338623,7.590000152587891,7.070000171661377,7.550000190734863,4029700
2010-05-05,6.588236331939697,6.96999979019165,7.199999809265137,6.860000133514404,7.03000020980835,3695000
2010-05-06,6.210144519805908,6.570000171661377,7.059999942779541,6.110000133514404,6.900000095367432,6708300
2010-05-07,6.1628828048706055,6.519999980926514,6.789999961853027,6.289999961853027,6.599999904632568,5371300
2010-05-10,6.436997413635254,6.809999942779541,7.090000152587891,6.739999771118164,6.920000076293945,4646400
2010-05-11,6.493711948394775,6.869999885559082,6.980000019073486,6.610000133514404,6.760000228881836,3535000
2010-05-12,6.758375644683838,7.150000095367432,7.150000095367432,6.860000133514404,6.909999847412109,2163800
2010-05-13,6.522068977355957,6.900000095367432,7.269999980926514,6.800000190734863,7.150000095367432,2559400
2010-05-14,6.351927280426025,6.71999979019165,6.829999923706055,6.570000171661377,6.809999942779541,3059300
2010-05-17,6.493711948394775,6.869999885559082,7.019999980926514,6.550000190734863,6.699999809265137,2328500
2010-05-18,6.191240310668945,6.550000190734863,7.03000020980835,6.550000190734863,7.0,3587100
2010-05-19,6.238500595092773,6.599999904632568,6.710000038146973,6.309999942779541,6.539999961853027,3182400
2010-05-20,6.049455642700195,6.400000095367432,6.570000171661377,6.159999847412109,6.409999847412109,4363500
2010-05-21,6.181787967681885,6.539999961853027,6.760000228881836,6.199999809265137,6.25,3771700
2010-05-24,6.049455642700195,6.400000095367432,6.659999847412109,6.400000095367432,6.550000190734863,1343500
2010-05-25,6.002193450927734,6.349999904632568,6.349999904632568,6.010000228881836,6.179999828338623,4180100
2010-05-26,5.945481300354004,6.289999961853027,6.619999885559082,6.260000228881836,6.400000095367432,3032100
2010-05-27,6.522068977355957,6.900000095367432,6.909999847412109,6.489999771118164,6.489999771118164,3959000
2010-05-28,6.436997413635254,6.809999942779541,6.960000038146973,6.760000228881836,6.900000095367432,3291000
2010-06-01,6.096717357635498,6.449999809265137,6.909999847412109,6.449999809265137,6.71999979019165,2678000
2010-06-02,6.408642292022705,6.78000020980835,6.789999961853027,6.389999866485596,6.519999980926514,2625500
2010-06-03,6.418095588684082,6.789999961853027,6.889999866485596,6.570000171661377,6.75,2127500
2010-06-04,6.068360805511475,6.420000076293945,6.699999809265137,6.369999885559082,6.579999923706055,2277200
2010-06-07,5.671363830566406,6.0,6.53000020980835,5.989999771118164,6.409999847412109,3089300
2010-06-08,5.718626976013184,6.050000190734863,6.110000133514404,5.820000171661377,6.050000190734863,2817600
2010-06-09,5.614650726318359,5.940000057220459,6.320000171661377,5.900000095367432,6.110000133514404,1841600
2010-06-10,5.917123794555664,6.260000228881836,6.260000228881836,6.03000020980835,6.099999904632568,1860000
2010-06-11,6.011647701263428,6.360000133514404,6.510000228881836,6.099999904632568,6.139999866485596,2169000
2010-06-14,5.99274206161499,6.340000152587891,6.519999980926514,6.329999923706055,6.420000076293945,2414400
2010-06-15,6.512617111206055,6.889999866485596,6.96999979019165,6.570000171661377,6.710000038146973,6281000
2010-06-16,6.399189472198486,6.769999980926514,6.920000076293945,6.730000019073486,6.880000114440918,3677800
2010-06-17,6.342476844787598,6.710000038146973,6.880000114440918,6.619999885559082,6.880000114440918,3425200
2010-06-18,6.342476844787598,6.710000038146973,6.829999923706055,6.659999847412109,6.769999980926514,3303500
2010-06-21,6.285762310028076,6.650000095367432,6.960000038146973,6.610000133514404,6.840000152587891,2340500
2010-06-22,6.077812194824219,6.429999828338623,6.940000057220459,6.369999885559082,6.71999979019165,2860300
2010-06-23,5.99274206161499,6.340000152587891,6.489999771118164,6.25,6.409999847412109,2559100
2010-06-24,5.80369758605957,6.139999866485596,6.400000095367432,6.079999923706055,6.28000020980835,2650100
2010-06-25,5.737530708312988,6.070000171661377,6.230000019073486,5.949999809265137,6.159999847412109,3081000
2010-06-28,5.756434917449951,6.090000152587891,6.199999809265137,6.0,6.079999923706055,1716000
2010-06-29,5.397249221801758,5.710000038146973,6.010000228881836,5.670000076293945,6.0,4705200
2010-06-30,5.2082037925720215,5.510000228881836,5.829999923706055,5.449999809265137,5.730000019073486,2590100
2010-07-01,5.151489734649658,5.449999809265137,5.619999885559082,5.230000019073486,5.489999771118164,3422400
2010-07-02,4.971896648406982,5.260000228881836,5.489999771118164,5.119999885559082,5.489999771118164,2405900
2010-07-06,4.905730247497559,5.190000057220459,5.510000228881836,5.150000095367432,5.420000076293945,2649600
2010-07-07,5.151489734649658,5.449999809265137,5.46999979019165,5.210000038146973,5.230000019073486,2824500
2010-07-08,5.227108955383301,5.53000020980835,5.630000114440918,5.380000114440918,5.539999961853027,2422000
2010-07-09,5.340535640716553,5.650000095367432,5.650000095367432,5.510000228881836,5.519999980926514,1563000
2010-07-12,5.378344058990479,5.690000057220459,5.699999809265137,5.449999809265137,5.639999866485596,2674400
2010-07-13,5.567389488220215,5.889999866485596,5.929999828338623,5.739999771118164,5.75,1888400
2010-07-14,5.633555889129639,5.960000038146973,6.079999923706055,5.800000190734863,5.960000038146973,3673400
2010-07-15,5.52012825012207,5.840000152587891,5.989999771118164,5.690000057220459,5.949999809265137,2157300
2010-07-16,5.160942077636719,5.460000038146973,5.809999942779541,5.440000057220459,5.800000190734863,2167800
2010-07-19,5.17984676361084,5.480000019073486,5.539999961853027,5.349999904632568,5.46999979019165,3251400
2010-07-20,5.217656135559082,5.519999980926514,5.550000190734863,5.260000228881836,5.360000133514404,2248300
2010-07-21,5.066420078277588,5.360000133514404,5.610000133514404,5.329999923706055,5.590000152587891,1666700
2010-07-22,5.444511413574219,5.760000228881836,5.769999980926514,5.46999979019165,5.480000019073486,3125900
2010-07-23,5.576842784881592,5.900000095367432,5.929999828338623,5.539999961853027,5.699999809265137,5202700
2010-07-26,5.746983528137207,6.079999923706055,6.150000095367432,5.849999904632568,5.949999809265137,2166100
2010-07-27,5.690269947052002,6.019999980926514,6.150000095367432,5.960000038146973,6.139999866485596,1896300
2010-07-28,5.501224517822266,5.820000171661377,6.090000152587891,5.760000228881836,6.019999980926514,1549300
2010-07-29,5.482318878173828,5.800000190734863,5.989999771118164,5.659999847412109,5.989999771118164,1995800
2010-07-30,5.453961849212647,5.769999980926514,5.789999961853027,5.550000190734863,5.650000095367432,2297500
2010-08-02,5.491771697998047,5.809999942779541,5.96999979019165,5.71999979019165,5.909999847412109,1856800
2010-08-03,5.482318878173828,5.800000190734863,5.889999866485596,5.639999866485596,5.75,1999000
2010-08-04,5.501224517822266,5.820000171661377,6.059999942779541,5.789999961853027,5.829999923706055,3705400
2010-08-05,5.784791946411133,6.119999885559082,6.309999942779541,6.039999961853027,6.039999961853027,4303400
2010-08-06,5.699721336364746,6.03000020980835,6.139999866485596,5.869999885559082,6.039999961853027,2608700
2010-08-09,5.6808180809021,6.010000228881836,6.110000133514404,5.900000095367432,6.099999904632568,2060800
2010-08-10,5.40670108795166,5.71999979019165,5.900000095367432,5.639999866485596,5.889999866485596,3069700
2010-08-11,5.075871467590332,5.369999885559082,5.599999904632568,5.360000133514404,5.539999961853027,3655600
2010-08-12,5.123132228851318,5.420000076293945,5.510000228881836,5.190000057220459,5.320000171661377,4504000
2010-08-13,5.113680839538574,5.409999847412109,5.5,5.380000114440918,5.440000057220459,2627400
2010-08-16,5.038062572479248,5.329999923706055,5.480000019073486,5.289999961853027,5.360000133514404,1891800
2010-08-17,5.104228973388672,5.400000095367432,5.599999904632568,5.380000114440918,5.400000095367432,1831600
2010-08-18,5.29327392578125,5.599999904632568,5.679999828338623,5.349999904632568,5.400000095367432,3575500
2010-08-19,5.170395374298096,5.46999979019165,5.690000057220459,5.46999979019165,5.579999923706055,1385300
2010-08-20,5.283822059631348,5.590000152587891,5.659999847412109,5.360000133514404,5.360000133514404,3084500
2010-08-23,5.302725791931152,5.610000133514404,5.769999980926514,5.590000152587891,5.659999847412109,2280200
2010-08-24,5.113680839538574,5.409999847412109,5.599999904632568,5.360000133514404,5.5,2975400
2010-08-25,5.17984676361084,5.480000019073486,5.510000228881836,5.269999980926514,5.380000114440918,1888700
2010-08-26,4.962444305419922,5.25,5.559999942779541,5.210000038146973,5.53000020980835,3399500
2010-08-27,5.2365593910217285,5.539999961853027,5.550000190734863,5.130000114440918,5.289999961853027,2880700
2010-08-30,4.9246344566345215,5.210000038146973,5.519999980926514,5.199999809265137,5.480000019073486,1935300
2010-08-31,4.801755428314209,5.079999923706055,5.349999904632568,5.050000190734863,5.159999847412109,2559300
2010-09-01,4.952991485595703,5.239999771118164,5.309999942779541,5.130000114440918,5.179999828338623,1994100
2010-09-02,5.113680839538574,5.409999847412109,5.429999828338623,5.25,5.25,1580400
2010-09-03,5.501224517822266,5.820000171661377,5.869999885559082,5.53000020980835,5.53000020980835,3585700
2010-09-07,5.104228973388672,5.400000095367432,5.820000171661377,5.320000171661377,5.760000228881836,3291100
2010-09-08,5.151489734649658,5.449999809265137,5.46999979019165,5.289999961853027,5.429999828338623,1732500
2010-09-09,5.160942077636719,5.460000038146973,5.550000190734863,5.380000114440918,5.53000020980835,1927600
2010-09-10,5.094776153564453,5.389999866485596,5.539999961853027,5.300000190734863,5.46999979019165,1190500
2010-09-13,5.633555889129639,5.960000038146973,5.980000019073486,5.460000038146973,5.460000038146973,4341900
2010-09-14,5.605198383331299,5.929999828338623,6.150000095367432,5.789999961853027,5.900000095367432,3290800
2010-09-15,5.661913871765137,5.989999771118164,6.150000095367432,5.949999809265137,6.019999980926514,3616500
2010-09-16,5.737530708312988,6.070000171661377,6.099999904632568,5.889999866485596,5.96999979019165,1474300
2010-09-17,5.756434917449951,6.090000152587891,6.170000076293945,6.0,6.139999866485596,2760000
2010-09-20,5.907670974731445,6.25,6.25,6.010000228881836,6.099999904632568,1619000
2010-09-21,5.822601318359375,6.159999847412109,6.289999961853027,6.099999904632568,6.21999979019165,1799700
2010-09-22,5.671363830566406,6.0,6.199999809265137,5.929999828338623,6.090000152587891,1274700
2010-09-23,5.643007278442383,5.96999979019165,6.199999809265137,5.889999866485596,5.960000038146973,1374000
2010-09-24,6.1628828048706055,6.519999980926514,6.539999961853027,6.050000190734863,6.099999904632568,2826900
2010-09-27,6.068360805511475,6.420000076293945,6.519999980926514,6.309999942779541,6.519999980926514,1675700
2010-09-28,6.106168270111084,6.460000038146973,6.539999961853027,6.260000228881836,6.389999866485596,1814200
2010-09-29,6.370832443237305,6.739999771118164,6.800000190734863,6.349999904632568,6.409999847412109,4303400
2010-09-30,6.210144519805908,6.570000171661377,6.769999980926514,6.389999866485596,6.739999771118164,2459100
2010-10-01,6.304667472839356,6.670000076293945,6.840000152587891,6.550000190734863,6.659999847412109,2332500
2010-10-04,6.153430938720703,6.510000228881836,6.670000076293945,6.360000133514404,6.659999847412109,2374700
2010-10-05,6.5409746170043945,6.920000076293945,7.019999980926514,6.5,6.619999885559082,5802500
2010-10-06,6.455903053283691,6.829999923706055,6.949999809265137,6.75,6.920000076293945,1947300
2010-10-07,6.578783512115479,6.960000038146973,7.070000171661377,6.789999961853027,6.889999866485596,2029000
2010-10-08,6.351927280426025,6.71999979019165,6.900000095367432,6.579999923706055,6.869999885559082,3495100
2010-10-11,6.380285739898682,6.75,6.840000152587891,6.670000076293945,6.699999809265137,2197600
2010-10-12,6.314119815826416,6.679999828338623,6.75,6.590000152587891,6.710000038146973,2659700
2010-10-13,6.493711948394775,6.869999885559082,6.989999771118164,6.730000019073486,6.739999771118164,2212800
2010-10-14,6.465356349945068,6.840000152587891,6.96999979019165,6.78000020980835,6.889999866485596,1901100
2010-10-15,6.531521797180176,6.909999847412109,6.980000019073486,6.789999961853027,6.920000076293945,1990400
2010-10-18,6.4842610359191895,6.860000133514404,6.960000038146973,6.820000171661377,6.909999847412109,913000
2010-10-19,6.314119815826416,6.679999828338623,6.880000114440918,6.619999885559082,6.739999771118164,1755900
2010-10-20,6.342476844787598,6.710000038146973,6.809999942779541,6.659999847412109,6.730000019073486,1098700
2010-10-21,6.295215129852295,6.659999847412109,6.809999942779541,6.579999923706055,6.75,999600
2010-10-22,6.399189472198486,6.769999980926514,6.769999980926514,6.579999923706055,6.699999809265137,849400
2010-10-25,6.569331169128418,6.949999809265137,7.0,6.78000020980835,6.820000171661377,1929600
2010-10-26,6.644949436187744,7.03000020980835,7.090000152587891,6.760000228881836,6.880000114440918,1599200
2010-10-27,6.730019092559815,7.119999885559082,7.159999847412109,6.900000095367432,6.96999979019165,1346300
2010-10-28,6.758375644683838,7.150000095367432,7.179999828338623,6.949999809265137,7.179999828338623,1703100
2010-10-29,6.833994388580322,7.230000019073486,7.25,7.039999961853027,7.090000152587891,1256200
2010-11-01,6.644949436187744,7.03000020980835,7.289999961853027,7.0,7.210000038146973,1461300
2010-11-02,6.720566749572754,7.110000133514404,7.199999809265137,7.079999923706055,7.090000152587891,1900000
2010-11-03,6.805636882781982,7.199999809265137,7.21999979019165,7.010000228881836,7.099999904632568,1934900
2010-11-04,6.975779533386231,7.380000114440918,7.440000057220459,7.21999979019165,7.21999979019165,3174500
2010-11-05,6.418095588684082,6.789999961853027,6.820000171661377,6.380000114440918,6.440000057220459,6884000
2010-11-08,6.465356349945068,6.840000152587891,7.079999923706055,6.690000057220459,6.699999809265137,3124100
2010-11-09,6.493711948394775,6.869999885559082,7.019999980926514,6.800000190734863,6.889999866485596,2673800
2010-11-10,6.522068977355957,6.900000095367432,6.940000057220459,6.730000019073486,6.869999885559082,1946800
2010-11-11,6.2195963859558105,6.579999923706055,6.800000190734863,6.550000190734863,6.769999980926514,2893600
2010-11-12,5.99274206161499,6.340000152587891,6.610000133514404,6.289999961853027,6.5,2430800
2010-11-15,5.888767719268799,6.230000019073486,6.449999809265137,6.230000019073486,6.360000133514404,1426300
2010-11-16,5.822601318359375,6.159999847412109,6.28000020980835,6.059999942779541,6.230000019073486,2414200
2010-11-17,5.98328971862793,6.329999923706055,6.369999885559082,6.130000114440918,6.199999809265137,1593800
2010-11-18,6.058907985687256,6.409999847412109,6.519999980926514,6.400000095367432,6.460000038146973,1356300
2010-11-19,6.115621566772461,6.46999979019165,6.480000019073486,6.360000133514404,6.420000076293945,948700
2010-11-22,6.4842610359191895,6.860000133514404,6.920000076293945,6.639999866485596,6.760000228881836,3889400
2010-11-23,6.427546501159668,6.800000190734863,6.809999942779541,6.650000095367432,6.769999980926514,2296600
2010-11-24,6.730019092559815,7.119999885559082,7.190000057220459,6.849999904632568,6.889999866485596,2722600
2010-11-26,6.748924255371094,7.139999866485596,7.25,7.010000228881836,7.039999961853027,1699400
2010-11-29,6.711115837097168,7.099999904632568,7.199999809265137,7.010000228881836,7.070000171661377,1336300
2010-11-30,6.578783512115479,6.960000038146973,7.039999961853027,6.900000095367432,7.010000228881836,1829700
2010-12-01,6.644949436187744,7.03000020980835,7.199999809265137,7.0,7.090000152587891,1747000
2010-12-02,6.833994388580322,7.230000019073486,7.289999961853027,7.0,7.010000228881836,1635000
2010-12-03,7.0419440269470215,7.449999809265137,7.480000019073486,7.070000171661377,7.110000133514404,2089200
2010-12-06,6.985231399536133,7.389999866485596,7.460000038146973,7.269999980926514,7.409999847412109,1049600
2010-12-07,7.004135608673096,7.409999847412109,7.53000020980835,7.400000095367432,7.46999979019165,1573700
2010-12-08,7.070301532745361,7.480000019073486,7.519999980926514,7.349999904632568,7.440000057220459,1947100
2010-12-09,7.202633857727051,7.619999885559082,7.679999828338623,7.46999979019165,7.5,3333100
2010-12-10,7.316061496734619,7.739999771118164,7.78000020980835,7.550000190734863,7.659999847412109,1151000
2010-12-13,7.155372142791748,7.570000171661377,7.760000228881836,7.570000171661377,7.760000228881836,1155400
2010-12-14,6.9663262367248535,7.369999885559082,7.610000133514404,7.349999904632568,7.579999923706055,1290400
2010-12-15,6.890707969665527,7.289999961853027,7.400000095367432,7.25,7.349999904632568,1310700
2010-12-16,7.070301532745361,7.480000019073486,7.510000228881836,7.289999961853027,7.289999961853027,977200
2010-12-17,7.098659038543701,7.510000228881836,7.570000171661377,7.46999979019165,7.510000228881836,1131700
2010-12-20,7.070301532745361,7.480000019073486,7.570000171661377,7.440000057220459,7.559999942779541,1923100
2010-12-21,7.070301532745361,7.480000019073486,7.579999923706055,7.46999979019165,7.5,611500
2010-12-22,7.004135608673096,7.409999847412109,7.480000019073486,7.329999923706055,7.46999979019165,796800
2010-12-23,6.985231399536133,7.389999866485596,7.420000076293945,7.329999923706055,7.400000095367432,552200
2010-12-27,7.136467456817627,7.550000190734863,7.550000190734863,7.300000190734863,7.369999885559082,791900
2010-12-28,7.032492637634277,7.440000057220459,7.550000190734863,7.440000057220459,7.550000190734863,1358600
2010-12-29,6.985231399536133,7.389999866485596,7.460000038146973,7.340000152587891,7.440000057220459,804100
2010-12-30,6.947421550750732,7.349999904632568,7.449999809265137,7.340000152587891,7.409999847412109,518400
2010-12-31,7.004135608673096,7.409999847412109,7.409999847412109,7.28000020980835,7.329999923706055,477200
2011-01-03,7.0419440269470215,7.449999809265137,7.570000171661377,7.380000114440918,7.460000038146973,1041200
2011-01-04,6.900160789489746,7.300000190734863,7.489999771118164,7.21999979019165,7.489999771118164,1992900
2011-01-05,6.956873893737793,7.360000133514404,7.369999885559082,7.199999809265137,7.269999980926514,1266400
2011-01-06,7.174276351928711,7.590000152587891,7.639999866485596,7.380000114440918,7.380000114440918,1461300
2011-01-07,7.212085247039795,7.630000114440918,7.699999809265137,7.429999828338623,7.599999904632568,1328300
2011-01-10,7.29715633392334,7.71999979019165,7.769999980926514,7.489999771118164,7.590000152587891,1364600
2011-01-11,7.353870391845703,7.78000020980835,7.800000190734863,7.71999979019165,7.78000020980835,985400
2011-01-12,7.476748943328857,7.909999847412109,7.929999828338623,7.760000228881836,7.800000190734863,1147900
2011-01-13,7.476748943328857,7.909999847412109,7.96999979019165,7.829999923706055,7.920000076293945,789000
2011-01-14,7.561819553375244,8.0,8.029999732971191,7.820000171661377,7.940000057220459,1515200
2011-01-18,7.580724239349365,8.020000457763672,8.130000114440918,7.920000076293945,7.980000019073486,1805400
2011-01-19,7.316061496734619,7.739999771118164,8.050000190734863,7.670000076293945,7.989999771118164,2078200
2011-01-20,7.353870391845703,7.78000020980835,7.800000190734863,7.550000190734863,7.670000076293945,1594700
2011-01-21,7.164824485778809,7.579999923706055,7.889999866485596,7.579999923706055,7.840000152587891,1192500
2011-01-24,7.382226943969727,7.809999942779541,7.849999904632568,7.539999961853027,7.610000133514404,1018300
2011-01-25,7.372775077819824,7.800000190734863,7.840000152587891,7.690000057220459,7.78000020980835,1362600
2011-01-26,7.599628448486328,8.039999961853027,8.079999923706055,7.800000190734863,7.800000190734863,1532400
2011-01-27,7.769769668579102,8.220000267028809,8.380000114440918,8.029999732971191,8.069999694824219,2896500
2011-01-28,7.561819553375244,8.0,8.25,7.78000020980835,8.210000038146973,2123600
2011-01-31,7.694153308868408,8.140000343322754,8.34000015258789,8.020000457763672,8.079999923706055,2324900
2011-02-01,7.788672924041748,8.239999771118164,8.449999809265137,8.210000038146973,8.279999732971191,3156900
2011-02-02,7.750865459442139,8.199999809265137,8.359999656677246,8.069999694824219,8.199999809265137,2291900
2011-02-03,7.618534564971924,8.0600004196167,8.229999542236328,8.0,8.149999618530273,1838800
2011-02-04,7.71305513381958,8.15999984741211,8.220000267028809,8.010000228881836,8.029999732971191,1749300
2011-02-07,7.883195877075195,8.34000015258789,8.489999771118164,8.170000076293945,8.199999809265137,1498500
2011-02-08,7.911553382873535,8.369999885559082,8.420000076293945,8.270000457763672,8.399999618530273,1150800
2011-02-09,7.741414546966553,8.1899995803833,8.369999885559082,8.140000343322754,8.359999656677246,1706000
2011-02-10,6.8718037605285645,7.269999980926514,7.53000020980835,7.110000133514404,7.400000095367432,8675600
2011-02-11,7.089204788208008,7.5,7.5,7.190000057220459,7.239999771118164,3245800
2011-02-14,7.287703990936279,7.710000038146973,7.769999980926514,7.519999980926514,7.519999980926514,2281300
2011-02-15,7.306608200073242,7.730000019073486,7.760000228881836,7.599999904632568,7.650000095367432,2006700
2011-02-16,7.306608200073242,7.730000019073486,7.800000190734863,7.690000057220459,7.789999961853027,1321600
2011-02-17,7.230990409851074,7.650000095367432,7.809999942779541,7.599999904632568,7.699999809265137,2110600
2011-02-18,7.259346961975098,7.679999828338623,7.739999771118164,7.599999904632568,7.71999979019165,1363300
2011-02-22,6.843446731567383,7.239999771118164,7.570000171661377,7.230000019073486,7.550000190734863,1997400
2011-02-23,6.815089225769043,7.210000038146973,7.380000114440918,7.079999923706055,7.269999980926514,2894100
2011-02-24,6.890707969665527,7.289999961853027,7.429999828338623,7.110000133514404,7.190000057220459,1668700
2011-02-25,7.0797529220581055,7.489999771118164,7.510000228881836,7.340000152587891,7.340000152587891,1789800
2011-02-28,6.9663262367248535,7.369999885559082,7.53000020980835,7.190000057220459,7.519999980926514,1293200
2011-03-01,6.786733150482178,7.179999828338623,7.429999828338623,7.179999828338623,7.360000133514404,1277400
2011-03-02,6.937970161437988,7.340000152587891,7.400000095367432,7.170000076293945,7.199999809265137,1420500
2011-03-03,7.164824485778809,7.579999923706055,7.590000152587891,7.389999866485596,7.420000076293945,1657300
2011-03-04,7.013587951660156,7.420000076293945,7.579999923706055,7.349999904632568,7.559999942779541,1113100
2011-03-07,6.843446731567383,7.239999771118164,7.46999979019165,7.03000020980835,7.429999828338623,1546400
2011-03-08,6.843446731567383,7.239999771118164,7.360000133514404,7.090000152587891,7.230000019073486,1035600
2011-03-09,6.588236331939697,6.96999979019165,7.260000228881836,6.960000038146973,7.25,1861600
2011-03-10,6.351927280426025,6.71999979019165,6.900000095367432,6.699999809265137,6.869999885559082,2552600
2011-03-11,6.389738082885742,6.760000228881836,6.849999904632568,6.650000095367432,6.710000038146973,1434100
2011-03-14,6.380285739898682,6.75,6.829999923706055,6.650000095367432,6.659999847412109,1544800
2011-03-15,6.257406234741211,6.619999885559082,6.699999809265137,6.440000057220459,6.559999942779541,1479500
2011-03-16,6.040002822875977,6.389999866485596,6.639999866485596,6.300000190734863,6.570000171661377,2551100
2011-03-17,6.134525775909424,6.489999771118164,6.679999828338623,6.480000019073486,6.539999961853027,2457400
2011-03-18,6.200692176818848,6.559999942779541,6.619999885559082,6.329999923706055,6.559999942779541,2264100
2011-03-21,6.4842610359191895,6.860000133514404,6.860000133514404,6.679999828338623,6.679999828338623,1358800
2011-03-22,6.5409746170043945,6.920000076293945,6.940000057220459,6.800000190734863,6.860000133514404,1553600
2011-03-23,6.531521797180176,6.909999847412109,6.929999828338623,6.75,6.880000114440918,1454900
2011-03-24,6.644949436187744,7.03000020980835,7.090000152587891,6.880000114440918,6.960000038146973,1758400
2011-03-25,6.531521797180176,6.909999847412109,7.090000152587891,6.900000095367432,7.090000152587891,1707000
2011-03-28,6.4464521408081055,6.820000171661377,7.03000020980835,6.800000190734863,6.960000038146973,1085200
2011-03-29,6.5409746170043945,6.920000076293945,6.989999771118164,6.789999961853027,6.789999961853027,1562800
2011-03-30,6.427546501159668,6.800000190734863,6.960000038146973,6.760000228881836,6.949999809265137,2184600
2011-03-31,6.370832443237305,6.739999771118164,6.889999866485596,6.610000133514404,6.820000171661377,2041300
2011-04-01,6.389738082885742,6.760000228881836,6.889999866485596,6.739999771118164,6.820000171661377,1667700
2011-04-04,6.257406234741211,6.619999885559082,6.829999923706055,6.579999923706055,6.809999942779541,1259500
2011-04-05,6.436997413635254,6.809999942779541,6.96999979019165,6.670000076293945,6.670000076293945,1765200
2011-04-06,6.503164768218994,6.880000114440918,6.929999828338623,6.78000020980835,6.900000095367432,1295900
2011-04-07,6.389738082885742,6.760000228881836,6.929999828338623,6.71999979019165,6.900000095367432,1556000
2011-04-08,6.342476844787598,6.710000038146973,6.880000114440918,6.690000057220459,6.840000152587891,1293000
2011-04-11,6.257406234741211,6.619999885559082,6.800000190734863,6.539999961853027,6.739999771118164,1283100
2011-04-12,6.068360805511475,6.420000076293945,6.579999923706055,6.349999904632568,6.53000020980835,2138600
2011-04-13,6.011647701263428,6.360000133514404,6.510000228881836,6.269999980926514,6.5,1800500
2011-04-14,6.049455642700195,6.400000095367432,6.409999847412109,6.210000038146973,6.28000020980835,1403900
2011-04-15,6.096717357635498,6.449999809265137,6.460000038146973,6.21999979019165,6.21999979019165,1147700
2011-04-18,5.917123794555664,6.260000228881836,6.369999885559082,6.210000038146973,6.360000133514404,1488700
2011-04-19,5.973837852478027,6.320000171661377,6.340000152587891,6.179999828338623,6.28000020980835,1032500
2011-04-20,6.247954368591309,6.610000133514404,6.619999885559082,6.429999828338623,6.46999979019165,1341700
2011-04-21,6.153430938720703,6.510000228881836,6.71999979019165,6.460000038146973,6.71999979019165,1228200
2011-04-25,6.134525775909424,6.489999771118164,6.590000152587891,6.46999979019165,6.5,700200
2011-04-26,6.3613810539245605,6.730000019073486,6.730000019073486,6.480000019073486,6.53000020980835,1300000
2011-04-27,6.3613810539245605,6.730000019073486,6.789999961853027,6.630000114440918,6.699999809265137,1131100
2011-04-28,6.370832443237305,6.739999771118164,6.75,6.559999942779541,6.679999828338623,1604600
2011-04-29,6.333024501800537,6.699999809265137,6.880000114440918,6.550000190734863,6.619999885559082,3334100
2011-05-02,6.247954368591309,6.610000133514404,6.760000228881836,6.599999904632568,6.739999771118164,2595400
2011-05-03,6.106168270111084,6.460000038146973,6.630000114440918,6.349999904632568,6.619999885559082,2706900
2011-05-04,6.134525775909424,6.489999771118164,6.579999923706055,6.329999923706055,6.480000019073486,1410500
2011-05-05,6.143979072570801,6.5,6.760000228881836,6.409999847412109,6.429999828338623,1600000
2011-05-06,6.257406234741211,6.619999885559082,6.849999904632568,6.570000171661377,6.630000114440918,1656800
2011-05-09,6.380285739898682,6.75,6.769999980926514,6.550000190734863,6.590000152587891,1085200
2011-05-10,6.427546501159668,6.800000190734863,6.880000114440918,6.710000038146973,6.760000228881836,1400400
2011-05-11,6.455903053283691,6.829999923706055,6.889999866485596,6.699999809265137,6.78000020980835,1800000
2011-05-12,6.531521797180176,6.909999847412109,7.0,6.739999771118164,6.789999961853027,2300000
2011-05-13,6.418095588684082,6.789999961853027,6.940000057220459,6.78000020980835,6.900000095367432,1357400
2011-05-16,6.370832443237305,6.739999771118164,6.829999923706055,6.71999979019165,6.78000020980835,2578900
2011-05-17,6.266858577728272,6.630000114440918,6.699999809265137,6.519999980926514,6.679999828338623,1899300
2011-05-18,6.333024501800537,6.699999809265137,6.829999923706055,6.599999904632568,6.670000076293945,1996600
2011-05-19,6.266858577728272,6.630000114440918,6.820000171661377,6.610000133514404,6.820000171661377,1657600
2011-05-20,6.115621566772461,6.46999979019165,6.670000076293945,6.420000076293945,6.590000152587891,1979600
2011-05-23,5.945481300354004,6.289999961853027,6.389999866485596,6.28000020980835,6.349999904632568,1200000
2011-05-24,5.9549336433410645,6.300000190734863,6.400000095367432,6.28000020980835,6.320000171661377,1870200
2011-05-25,5.973837852478027,6.320000171661377,6.360000133514404,6.269999980926514,6.300000190734863,1226200
2011-05-26,5.936028957366943,6.28000020980835,6.320000171661377,6.199999809265137,6.289999961853027,1496100
2011-05-27,6.011647701263428,6.360000133514404,6.400000095367432,6.300000190734863,6.300000190734863,1225900
2011-05-31,6.040002822875977,6.389999866485596,6.480000019073486,6.329999923706055,6.429999828338623,2210900
2011-06-01,5.822601318359375,6.159999847412109,6.429999828338623,6.150000095367432,6.389999866485596,1498000
2011-06-02,5.832053661346436,6.170000076293945,6.260000228881836,6.150000095367432,6.159999847412109,1455500
2011-06-03,5.718626976013184,6.050000190734863,6.130000114440918,6.0,6.010000228881836,1721600
2011-06-06,5.661913871765137,5.989999771118164,6.110000133514404,5.980000019073486,6.010000228881836,1932300
2011-06-07,5.643007278442383,5.96999979019165,6.099999904632568,5.949999809265137,6.070000171661377,1134600
2011-06-08,5.529580593109131,5.849999904632568,5.96999979019165,5.820000171661377,5.920000076293945,1287700
2011-06-09,5.624104022979736,5.949999809265137,6.0,5.809999942779541,5.869999885559082,1149900
2011-06-10,5.529580593109131,5.849999904632568,5.940000057220459,5.760000228881836,5.889999866485596,1285500
2011-06-13,5.501224517822266,5.820000171661377,5.900000095367432,5.75,5.860000133514404,1078100
2011-06-14,5.699721336364746,6.03000020980835,6.050000190734863,5.900000095367432,5.900000095367432,1200300
2011-06-15,5.501224517822266,5.820000171661377,5.980000019073486,5.809999942779541,5.929999828338623,1155500
2011-06-16,5.4161529541015625,5.730000019073486,5.860000133514404,5.690000057220459,5.809999942779541,890800
2011-06-17,5.378344058990479,5.690000057220459,5.809999942779541,5.650000095367432,5.809999942779541,1317200
2011-06-20,5.40670108795166,5.71999979019165,5.71999979019165,5.639999866485596,5.650000095367432,912500
2011-06-21,5.576842784881592,5.900000095367432,5.940000057220459,5.710000038146973,5.760000228881836,925000
2011-06-22,5.51067590713501,5.829999923706055,5.920000076293945,5.760000228881836,5.849999904632568,750700
2011-06-23,5.690269947052002,6.019999980926514,6.070000171661377,5.699999809265137,5.739999771118164,1501200
2011-06-24,5.643007278442383,5.96999979019165,6.059999942779541,5.889999866485596,6.03000020980835,5433900
2011-06-27,5.652459621429443,5.980000019073486,6.0,5.880000114440918,5.949999809265137,669100
2011-06-28,5.756434917449951,6.090000152587891,6.099999904632568,5.909999847412109,5.989999771118164,1809800
2011-06-29,5.765887260437012,6.099999904632568,6.179999828338623,6.019999980926514,6.139999866485596,1815300
2011-06-30,5.832053661346436,6.170000076293945,6.25,6.090000152587891,6.130000114440918,3601400
2011-07-01,5.87931489944458,6.21999979019165,6.269999980926514,6.070000171661377,6.150000095367432,2893900
2011-07-05,5.756434917449951,6.090000152587891,6.239999771118164,6.039999961853027,6.230000019073486,1088900
2011-07-06,5.586293697357178,5.909999847412109,6.059999942779541,5.889999866485596,6.059999942779541,1217900
2011-07-07,6.172335147857666,6.53000020980835,6.590000152587891,5.940000057220459,6.0,3253500
2011-07-08,5.964385509490967,6.309999942779541,6.420000076293945,6.260000228881836,6.329999923706055,1718000
2011-07-11,5.746983528137207,6.079999923706055,6.309999942779541,6.059999942779541,6.21999979019165,1299900
2011-07-12,5.463415622711182,5.78000020980835,6.039999961853027,5.760000228881836,6.03000020980835,2462500
2011-07-13,5.378344058990479,5.690000057220459,5.829999923706055,5.659999847412109,5.800000190734863,2058000
2011-07-14,5.246012210845947,5.550000190734863,5.800000190734863,5.519999980926514,5.730000019073486,2147700
2011-07-15,5.29327392578125,5.599999904632568,5.630000114440918,5.5,5.599999904632568,2047700
2011-07-18,5.066420078277588,5.360000133514404,5.570000171661377,5.25,5.550000190734863,1807500
2011-07-19,5.2082037925720215,5.510000228881836,5.570000171661377,5.159999847412109,5.440000057220459,1857000
2011-07-20,5.132585525512695,5.429999828338623,5.619999885559082,5.360000133514404,5.53000020980835,2344700
2011-07-21,5.359440326690674,5.670000076293945,5.679999828338623,5.400000095367432,5.429999828338623,1735800
2011-07-22,5.548485279083252,5.869999885559082,5.920000076293945,5.659999847412109,5.659999847412109,1701800
2011-07-25,5.435058116912842,5.75,5.860000133514404,5.699999809265137,5.860000133514404,1814300
2011-07-26,5.453961849212647,5.769999980926514,5.840000152587891,5.730000019073486,5.739999771118164,2146900
2011-07-27,5.17984676361084,5.480000019073486,5.739999771118164,5.449999809265137,5.679999828338623,2961200
2011-07-28,5.028609752655029,5.320000171661377,5.460000038146973,5.309999942779541,5.460000038146973,3777300
2011-07-29,5.047514915466309,5.340000152587891,5.5,5.300000190734863,5.309999942779541,4880100
2011-08-01,5.009706020355225,5.300000190734863,5.5,5.179999828338623,5.449999809265137,4073400
2011-08-02,4.867920875549316,5.150000095367432,5.320000171661377,5.150000095367432,5.28000020980835,3092600
2011-08-03,4.858468532562256,5.139999866485596,5.239999771118164,5.050000190734863,5.190000057220459,3525500
2011-08-04,4.442570209503174,4.699999809265137,5.070000171661377,4.699999809265137,5.070000171661377,5740600
2011-08-05,4.395308017730713,4.650000095367432,4.940000057220459,4.53000020980835,4.789999961853027,6167200
2011-08-08,4.045573711395264,4.28000020980835,4.5,4.150000095367432,4.440000057220459,4163300
2011-08-09,4.225165843963623,4.46999979019165,4.539999961853027,4.159999847412109,4.369999885559082,3533100
2011-08-10,4.026669979095459,4.260000228881836,4.449999809265137,4.21999979019165,4.340000152587891,2897500
2011-08-11,4.036120891571045,4.269999980926514,4.400000095367432,4.230000019073486,4.300000190734863,4450400
2011-08-12,3.951050519943237,4.179999828338623,4.400000095367432,4.179999828338623,4.320000171661377,2393000
2011-08-15,4.064478874206543,4.300000190734863,4.309999942779541,4.21999979019165,4.239999771118164,2107500
2011-08-16,3.979408025741577,4.210000038146973,4.300000190734863,4.159999847412109,4.269999980926514,1867500
2011-08-17,3.9415979385375977,4.170000076293945,4.269999980926514,4.099999904632568,4.230000019073486,1354300
2011-08-18,3.724196195602417,3.940000057220459,4.150000095367432,3.900000095367432,4.139999866485596,2681200
2011-08-19,3.743100643157959,3.9600000381469727,4.03000020980835,3.829999923706055,3.839999914169312,2931800
2011-08-22,3.667482614517212,3.880000114440918,4.050000190734863,3.859999895095825,4.019999980926514,2452500
2011-08-23,3.809267282485962,4.03000020980835,4.079999923706055,3.900000095367432,3.910000085830689,7068200
2011-08-24,3.818718671798706,4.039999961853027,4.090000152587891,3.9700000286102295,4.039999961853027,1139200
2011-08-25,3.714744091033936,3.930000066757202,4.079999923706055,3.920000076293945,4.050000190734863,1416600
2011-08-26,3.76200532913208,3.9800000190734863,4.010000228881836,3.809999942779541,3.900000095367432,1585100
2011-08-29,3.9699554443359375,4.199999809265137,4.199999809265137,4.019999980926514,4.019999980926514,1759300
2011-08-30,4.045573711395264,4.28000020980835,4.329999923706055,4.119999885559082,4.190000057220459,2348600
2011-08-31,4.111739635467529,4.349999904632568,4.489999771118164,4.25,4.380000114440918,3766300
2011-09-01,3.998311996459961,4.230000019073486,4.420000076293945,4.230000019073486,4.369999885559082,2444500
2011-09-02,3.9321460723876953,4.159999847412109,4.230000019073486,4.119999885559082,4.159999847412109,3137000
2011-09-06,3.865980625152588,4.090000152587891,4.110000133514404,3.990000009536743,4.010000228881836,3331100
2011-09-07,4.140097141265869,4.380000114440918,4.440000057220459,4.170000076293945,4.179999828338623,3641200
2011-09-08,4.083382606506348,4.320000171661377,4.53000020980835,4.289999961853027,4.360000133514404,2746000
2011-09-09,4.064478874206543,4.300000190734863,4.380000114440918,4.269999980926514,4.28000020980835,2481500
2011-09-12,4.2440714836120605,4.489999771118164,4.5,4.25,4.25,3127600
2011-09-13,4.404758930206299,4.659999847412109,4.699999809265137,4.510000228881836,4.519999980926514,2436400
2011-09-14,4.489831447601318,4.75,4.829999923706055,4.639999866485596,4.699999809265137,1907800
2011-09-15,4.452022075653076,4.710000038146973,4.860000133514404,4.699999809265137,4.840000152587891,1744500
2011-09-16,4.4614739418029785,4.71999979019165,4.800000190734863,4.699999809265137,4.71999979019165,2647200
2011-09-19,4.442570209503174,4.699999809265137,4.739999771118164,4.570000171661377,4.639999866485596,3025300
2011-09-20,4.442570209503174,4.699999809265137,4.789999961853027,4.670000076293945,4.710000038146973,1740700
2011-09-21,4.376403331756592,4.630000114440918,4.78000020980835,4.619999885559082,4.710000038146973,1882600
2011-09-22,4.319690704345703,4.570000171661377,4.730000019073486,4.480000019073486,4.480000019073486,3550100
2011-09-23,4.555996894836426,4.820000171661377,4.889999866485596,4.46999979019165,4.570000171661377,6117700
2011-09-26,4.574902057647705,4.840000152587891,4.869999885559082,4.679999828338623,4.840000152587891,2154300
2011-09-27,4.745041847229004,5.019999980926514,5.150000095367432,4.900000095367432,4.909999847412109,1891800
2011-09-28,4.376403331756592,4.630000114440918,5.090000152587891,4.630000114440918,5.03000020980835,4246300
2011-09-29,4.433116912841797,4.690000057220459,4.809999942779541,4.53000020980835,4.760000228881836,2597900
2011-09-30,4.121192932128906,4.360000133514404,4.670000076293945,4.340000152587891,4.590000152587891,2740000
2011-10-03,4.036120891571045,4.269999980926514,4.480000019073486,4.260000228881836,4.369999885559082,4574600
2011-10-04,4.281880855560303,4.53000020980835,4.539999961853027,4.21999979019165,4.21999979019165,3175600
2011-10-05,4.319690704345703,4.570000171661377,4.650000095367432,4.409999847412109,4.510000228881836,2813400
2011-10-06,4.508734703063965,4.769999980926514,4.789999961853027,4.519999980926514,4.539999961853027,1875400
2011-10-07,4.348045825958252,4.599999904632568,4.800000190734863,4.510000228881836,4.789999961853027,2612800
2011-10-10,4.489831447601318,4.75,4.769999980926514,4.659999847412109,4.699999809265137,2696900
2011-10-11,4.555996894836426,4.820000171661377,4.869999885559082,4.699999809265137,4.730000019073486,1174000
2011-10-12,4.565447807312012,4.829999923706055,4.949999809265137,4.800000190734863,4.880000114440918,1301500
2011-10-13,4.584352970123291,4.849999904632568,4.889999866485596,4.71999979019165,4.789999961853027,2211700
2011-10-14,4.593805313110352,4.860000133514404,5.0,4.820000171661377,4.909999847412109,1881100
2011-10-17,4.470925807952881,4.730000019073486,4.820000171661377,4.710000038146973,4.809999942779541,986100
2011-10-18,4.53709077835083,4.800000190734863,4.860000133514404,4.699999809265137,4.769999980926514,1378800
2011-10-19,4.508734703063965,4.769999980926514,4.849999904632568,4.739999771118164,4.800000190734863,1963800
2011-10-20,4.4614739418029785,4.71999979019165,4.820000171661377,4.599999904632568,4.75,2198100
2011-10-21,4.452022075653076,4.710000038146973,4.840000152587891,4.659999847412109,4.840000152587891,3573400
2011-10-24,4.622160911560059,4.889999866485596,5.050000190734863,4.739999771118164,4.739999771118164,2377400
2011-10-25,4.518187522888184,4.78000020980835,4.909999847412109,4.78000020980835,4.820000171661377,1920100
2011-10-26,4.612711429595947,4.880000114440918,4.940000057220459,4.630000114440918,4.880000114440918,3182600
2011-10-27,4.782851219177246,5.059999942779541,5.170000076293945,4.96999979019165,5.079999923706055,3433100
2011-10-28,4.508734703063965,4.769999980926514,4.809999942779541,4.570000171661377,4.670000076293945,4239400
2011-10-31,4.574902057647705,4.840000152587891,4.900000095367432,4.659999847412109,4.699999809265137,2781300
2011-11-01,4.442570209503174,4.699999809265137,4.809999942779541,4.630000114440918,4.659999847412109,1484100
2011-11-02,4.518187522888184,4.78000020980835,4.849999904632568,4.690000057220459,4.789999961853027,2216800
2011-11-03,4.697780132293701,4.96999979019165,4.980000019073486,4.75,4.849999904632568,1367700
2011-11-04,4.792304039001465,5.070000171661377,5.119999885559082,4.880000114440918,4.889999866485596,1434100
2011-11-07,4.67887544631958,4.949999809265137,5.110000133514404,4.880000114440918,5.059999942779541,1424900
2011-11-08,4.707232475280762,4.980000019073486,5.090000152587891,4.900000095367432,5.0,2392800
2011-11-09,4.433116912841797,4.690000057220459,4.929999828338623,4.679999828338623,4.840000152587891,3405200
2011-11-10,4.584352970123291,4.849999904632568,4.880000114440918,4.670000076293945,4.760000228881836,1885100
2011-11-11,4.735589504241943,5.010000228881836,5.03000020980835,4.900000095367432,4.909999847412109,1027500
2011-11-14,4.518187522888184,4.78000020980835,5.0,4.760000228881836,4.960000038146973,901500
2011-11-15,4.565447807312012,4.829999923706055,4.869999885559082,4.699999809265137,4.75,1088500
2011-11-16,4.489831447601318,4.75,4.929999828338623,4.71999979019165,4.75,1142200
2011-11-17,4.366950988769531,4.619999885559082,4.820000171661377,4.550000190734863,4.75,1873300
2011-11-18,4.376403331756592,4.630000114440918,4.710000038146973,4.590000152587891,4.639999866485596,1334500
2011-11-21,4.2440714836120605,4.489999771118164,4.590000152587891,4.449999809265137,4.519999980926514,1401700
2011-11-22,4.149548530578613,4.389999866485596,4.579999923706055,4.389999866485596,4.510000228881836,1345100
2011-11-23,3.9605038166046143,4.190000057220459,4.389999866485596,4.190000057220459,4.349999904632568,1820900
2011-11-25,3.922694206237793,4.150000095367432,4.320000171661377,4.150000095367432,4.179999828338623,613400
2011-11-28,4.092835903167725,4.329999923706055,4.360000133514404,4.210000038146973,4.289999961853027,1312800
2011-11-29,3.875432729721069,4.099999904632568,4.349999904632568,4.059999942779541,4.289999961853027,2413500
2011-11-30,4.196810722351074,4.440000057220459,4.460000038146973,4.110000133514404,4.130000114440918,2525100
2011-12-01,4.225165843963623,4.46999979019165,4.570000171661377,4.389999866485596,4.409999847412109,1770900
2011-12-02,4.338593482971191,4.590000152587891,4.650000095367432,4.53000020980835,4.53000020980835,1732800
2011-12-05,4.338593482971191,4.590000152587891,4.739999771118164,4.53000020980835,4.679999828338623,1780700
2011-12-06,4.414212703704834,4.670000076293945,4.71999979019165,4.579999923706055,4.579999923706055,1776400
2011-12-07,4.480378150939941,4.739999771118164,4.769999980926514,4.599999904632568,4.610000133514404,1118900
2011-12-08,4.300784587860107,4.550000190734863,4.739999771118164,4.550000190734863,4.659999847412109,1276500
2011-12-09,4.338593482971191,4.590000152587891,4.630000114440918,4.510000228881836,4.570000171661377,2148300
2011-12-12,4.026669979095459,4.260000228881836,4.610000133514404,4.25,4.519999980926514,2336200
2011-12-13,3.9321460723876953,4.159999847412109,4.409999847412109,4.159999847412109,4.300000190734863,2237800
2011-12-14,3.865980625152588,4.090000152587891,4.239999771118164,4.090000152587891,4.150000095367432,1921800
2011-12-15,3.913241624832153,4.139999866485596,4.199999809265137,4.070000171661377,4.159999847412109,1255200
2011-12-16,3.922694206237793,4.150000095367432,4.239999771118164,4.079999923706055,4.179999828338623,2333800
2011-12-19,3.85652756690979,4.079999923706055,4.21999979019165,4.079999923706055,4.179999828338623,1027400
2011-12-20,4.092835903167725,4.329999923706055,4.340000152587891,4.150000095367432,4.170000076293945,2353900
2011-12-21,4.017216682434082,4.25,4.329999923706055,4.230000019073486,4.289999961853027,890200
2011-12-22,4.215713977813721,4.460000038146973,4.5,4.230000019073486,4.28000020980835,1073900
2011-12-23,4.272427082061768,4.519999980926514,4.579999923706055,4.440000057220459,4.5,493500
2011-12-27,4.253523826599121,4.5,4.550000190734863,4.449999809265137,4.5,372300
2011-12-28,4.159000396728516,4.400000095367432,4.519999980926514,4.400000095367432,4.510000228881836,561000
2011-12-29,4.121192932128906,4.360000133514404,4.46999979019165,4.320000171661377,4.409999847412109,1250200
2011-12-30,4.121192932128906,4.360000133514404,4.420000076293945,4.320000171661377,4.360000133514404,781800
2012-01-03,4.366950988769531,4.619999885559082,4.670000076293945,4.460000038146973,4.460000038146973,1425600
2012-01-04,4.319690704345703,4.570000171661377,4.659999847412109,4.550000190734863,4.599999904632568,638900
2012-01-05,4.3574981689453125,4.610000133514404,4.619999885559082,4.53000020980835,4.550000190734863,904200
2012-01-06,4.385855674743652,4.639999866485596,4.71999979019165,4.550000190734863,4.610000133514404,956900
2012-01-09,4.546544075012207,4.809999942779541,4.840000152587891,4.659999847412109,4.659999847412109,1248500
2012-01-10,4.631614685058594,4.900000095367432,4.929999828338623,4.829999923706055,4.900000095367432,677800
2012-01-11,4.574902057647705,4.840000152587891,4.920000076293945,4.800000190734863,4.869999885559082,1295100
2012-01-12,4.631614685058594,4.900000095367432,4.949999809265137,4.800000190734863,4.880000114440918,546900
2012-01-13,4.603257179260254,4.869999885559082,4.940000057220459,4.809999942779541,4.849999904632568,723100
2012-01-17,4.707232475280762,4.980000019073486,5.0,4.860000133514404,4.860000133514404,869200
2012-01-18,4.877374172210693,5.159999847412109,5.170000076293945,4.949999809265137,4.980000019073486,4183300
2012-01-19,4.915182590484619,5.199999809265137,5.320000171661377,5.150000095367432,5.150000095367432,1259800
2012-01-20,5.094776153564453,5.389999866485596,5.389999866485596,5.150000095367432,5.170000076293945,955600
2012-01-23,5.170395374298096,5.46999979019165,5.559999942779541,5.329999923706055,5.380000114440918,1147600
2012-01-24,5.349987506866455,5.659999847412109,5.659999847412109,5.400000095367432,5.460000038146973,1608400
2012-01-25,5.302725791931152,5.610000133514404,5.650000095367432,5.510000228881836,5.630000114440918,1797100
2012-01-26,5.331082820892334,5.639999866485596,5.730000019073486,5.570000171661377,5.610000133514404,2038200
2012-01-27,5.4161529541015625,5.730000019073486,5.769999980926514,5.559999942779541,5.559999942779541,1046600
2012-01-30,5.425605773925781,5.739999771118164,5.78000020980835,5.590000152587891,5.670000076293945,1062800
2012-01-31,5.4161529541015625,5.730000019073486,5.800000190734863,5.659999847412109,5.800000190734863,955000
2012-02-01,5.633555889129639,5.960000038146973,5.960000038146973,5.739999771118164,5.75,1807600
2012-02-02,5.661913871765137,5.989999771118164,6.039999961853027,5.880000114440918,5.949999809265137,1840400
2012-02-03,5.737530708312988,6.070000171661377,6.150000095367432,6.0,6.0,1606400
2012-02-06,5.652459621429443,5.980000019073486,6.059999942779541,5.900000095367432,6.03000020980835,1394700
2012-02-07,5.661913871765137,5.989999771118164,6.079999923706055,5.889999866485596,5.989999771118164,2543300
2012-02-08,5.822601318359375,6.159999847412109,6.199999809265137,5.980000019073486,6.010000228881836,1808400
2012-02-09,5.869863033294678,6.210000038146973,6.269999980926514,6.110000133514404,6.199999809265137,2381700
2012-02-10,5.917123794555664,6.260000228881836,6.449999809265137,5.849999904632568,5.940000057220459,2562500
2012-02-13,5.9549336433410645,6.300000190734863,6.340000152587891,6.159999847412109,6.289999961853027,2046500
2012-02-14,6.143979072570801,6.5,6.519999980926514,6.28000020980835,6.28000020980835,2121600
2012-02-15,6.087265491485596,6.440000057220459,6.659999847412109,6.389999866485596,6.519999980926514,2657100
2012-02-16,6.342476844787598,6.710000038146973,6.78000020980835,6.449999809265137,6.46999979019165,3425400
2012-02-17,6.181787967681885,6.539999961853027,6.769999980926514,6.539999961853027,6.760000228881836,1711900
2012-02-21,6.087265491485596,6.440000057220459,6.690000057220459,6.409999847412109,6.53000020980835,1718100
2012-02-22,5.888767719268799,6.230000019073486,6.579999923706055,6.21999979019165,6.460000038146973,2352700
2012-02-23,6.077812194824219,6.429999828338623,6.440000057220459,6.130000114440918,6.230000019073486,2102000
2012-02-24,5.964385509490967,6.309999942779541,6.46999979019165,6.269999980926514,6.429999828338623,887700
2012-02-27,6.2195963859558105,6.579999923706055,6.690000057220459,6.099999904632568,6.28000020980835,2481400
2012-02-28,6.276311874389648,6.639999866485596,6.739999771118164,6.550000190734863,6.610000133514404,1339400
2012-02-29,6.040002822875977,6.389999866485596,6.730000019073486,6.349999904632568,6.659999847412109,2097600
2012-03-01,6.011647701263428,6.360000133514404,6.559999942779541,6.349999904632568,6.449999809265137,1352800
2012-03-02,5.907670974731445,6.25,6.440000057220459,6.190000057220459,6.369999885559082,1565400
2012-03-05,5.775339603424072,6.110000133514404,6.230000019073486,6.050000190734863,6.210000038146973,1141800
2012-03-06,5.737530708312988,6.070000171661377,6.130000114440918,6.0,6.010000228881836,1185000
2012-03-07,5.841505527496338,6.179999828338623,6.21999979019165,6.079999923706055,6.079999923706055,859800
2012-03-08,5.945481300354004,6.289999961853027,6.320000171661377,6.150000095367432,6.21999979019165,590900
2012-03-09,6.021099090576172,6.369999885559082,6.440000057220459,6.239999771118164,6.239999771118164,622300
2012-03-12,5.9549336433410645,6.300000190734863,6.389999866485596,6.260000228881836,6.349999904632568,513900
2012-03-13,5.98328971862793,6.329999923706055,6.400000095367432,6.210000038146973,6.360000133514404,1253100
2012-03-14,5.917123794555664,6.260000228881836,6.420000076293945,6.25,6.340000152587891,888500
2012-03-15,5.98328971862793,6.329999923706055,6.400000095367432,6.150000095367432,6.28000020980835,1243200
2012-03-16,6.011647701263428,6.360000133514404,6.389999866485596,6.28000020980835,6.349999904632568,1022400
2012-03-19,6.058907985687256,6.409999847412109,6.590000152587891,6.340000152587891,6.360000133514404,1259800
2012-03-20,6.040002822875977,6.389999866485596,6.510000228881836,6.340000152587891,6.360000133514404,945700
2012-03-21,6.040002822875977,6.389999866485596,6.5,6.340000152587891,6.420000076293945,623900
2012-03-22,5.917123794555664,6.260000228881836,6.349999904632568,6.190000057220459,6.300000190734863,640100
2012-03-23,5.898220062255859,6.239999771118164,6.269999980926514,6.130000114440918,6.239999771118164,1097600
2012-03-26,6.040002822875977,6.389999866485596,6.5,6.269999980926514,6.340000152587891,1390800
2012-03-27,6.049455642700195,6.400000095367432,6.449999809265137,6.309999942779541,6.389999866485596,1100100
2012-03-28,5.964385509490967,6.309999942779541,6.449999809265137,6.239999771118164,6.400000095367432,1228200
2012-03-29,5.860410213470459,6.199999809265137,6.309999942779541,6.090000152587891,6.25,1332700
2012-03-30,5.8131489753723145,6.150000095367432,6.289999961853027,6.079999923706055,6.199999809265137,1342600
2012-04-02,5.822601318359375,6.159999847412109,6.25,6.03000020980835,6.110000133514404,1234200
2012-04-03,5.671363830566406,6.0,6.199999809265137,5.980000019073486,6.159999847412109,1061300
2012-04-04,5.557938098907471,5.880000114440918,5.960000038146973,5.849999904632568,5.909999847412109,1108100
2012-04-05,5.5957465171813965,5.920000076293945,5.940000057220459,5.809999942779541,5.840000152587891,530700
2012-04-09,5.435058116912842,5.75,5.820000171661377,5.71999979019165,5.789999961853027,843300
2012-04-10,5.302725791931152,5.610000133514404,5.809999942779541,5.579999923706055,5.739999771118164,692700
2012-04-11,5.40670108795166,5.71999979019165,5.730000019073486,5.619999885559082,5.679999828338623,1341800
2012-04-12,5.586293697357178,5.909999847412109,5.920000076293945,5.699999809265137,5.699999809265137,791500
2012-04-13,5.378344058990479,5.690000057220459,5.869999885559082,5.679999828338623,5.860000133514404,1123500
2012-04-16,5.331082820892334,5.639999866485596,5.71999979019165,5.610000133514404,5.690000057220459,702700
2012-04-17,5.378344058990479,5.690000057220459,5.829999923706055,5.679999828338623,5.690000057220459,1218500
2012-04-18,5.425605773925781,5.739999771118164,5.789999961853027,5.650000095367432,5.679999828338623,915900
2012-04-19,5.378344058990479,5.690000057220459,5.900000095367432,5.650000095367432,5.730000019073486,1009200
2012-04-20,5.40670108795166,5.71999979019165,5.820000171661377,5.679999828338623,5.760000228881836,1187300
2012-04-23,5.349987506866455,5.659999847412109,5.679999828338623,5.579999923706055,5.619999885559082,930900
2012-04-24,5.359440326690674,5.670000076293945,5.730000019073486,5.610000133514404,5.670000076293945,1044300
2012-04-25,5.40670108795166,5.71999979019165,5.829999923706055,5.690000057220459,5.739999771118164,1051300
2012-04-26,5.586293697357178,5.909999847412109,5.909999847412109,5.730000019073486,5.730000019073486,1656900
2012-04-27,5.227108955383301,5.53000020980835,5.889999866485596,5.480000019073486,5.730000019073486,3543000
2012-04-30,4.886825084686279,5.170000076293945,5.53000020980835,5.150000095367432,5.5,2164200
2012-05-01,4.849018096923828,5.130000114440918,5.309999942779541,5.050000190734863,5.159999847412109,2490800
2012-05-02,4.877374172210693,5.159999847412109,5.230000019073486,5.050000190734863,5.079999923706055,1349500
2012-05-03,4.631614685058594,4.900000095367432,5.239999771118164,4.869999885559082,5.110000133514404,2302700
2012-05-04,4.376403331756592,4.630000114440918,4.869999885559082,4.630000114440918,4.869999885559082,3619100
2012-05-07,4.329141616821289,4.579999923706055,4.659999847412109,4.539999961853027,4.610000133514404,3031000
2012-05-08,4.329141616821289,4.579999923706055,4.650000095367432,4.5,4.53000020980835,2683800
2012-05-09,4.385855674743652,4.639999866485596,4.699999809265137,4.510000228881836,4.539999961853027,2262600
2012-05-10,4.470925807952881,4.730000019073486,4.769999980926514,4.659999847412109,4.690000057220459,1700000
2012-05-11,4.480378150939941,4.739999771118164,4.809999942779541,4.659999847412109,4.679999828338623,4407200
2012-05-14,4.366950988769531,4.619999885559082,4.769999980926514,4.599999904632568,4.670000076293945,661000
2012-05-15,4.338593482971191,4.590000152587891,4.670000076293945,4.539999961853027,4.610000133514404,1506600
2012-05-16,4.2440714836120605,4.489999771118164,4.639999866485596,4.480000019073486,4.639999866485596,908400
2012-05-17,4.159000396728516,4.400000095367432,4.519999980926514,4.369999885559082,4.5,709300
2012-05-18,4.092835903167725,4.329999923706055,4.409999847412109,4.289999961853027,4.409999847412109,1130900
2012-05-21,4.177906036376953,4.420000076293945,4.440000057220459,4.309999942779541,4.329999923706055,998300
2012-05-22,4.196810722351074,4.440000057220459,4.519999980926514,4.400000095367432,4.409999847412109,1461500
2012-05-23,4.281880855560303,4.53000020980835,4.559999942779541,4.369999885559082,4.400000095367432,834000
2012-05-24,4.329141616821289,4.579999923706055,4.619999885559082,4.489999771118164,4.519999980926514,1001900
2012-05-25,4.395308017730713,4.650000095367432,4.690000057220459,4.53000020980835,4.559999942779541,1112100
2012-05-29,4.4614739418029785,4.71999979019165,4.75,4.650000095367432,4.699999809265137,1162000
2012-05-30,4.423665046691895,4.679999828338623,4.699999809265137,4.630000114440918,4.659999847412109,853100
2012-05-31,4.470925807952881,4.730000019073486,4.75,4.619999885559082,4.670000076293945,1613200
2012-06-01,4.385855674743652,4.639999866485596,4.679999828338623,4.599999904632568,4.610000133514404,1200600
2012-06-04,4.310237407684326,4.559999942779541,4.659999847412109,4.5,4.659999847412109,1296800
2012-06-05,4.225165843963623,4.46999979019165,4.599999904632568,4.46999979019165,4.519999980926514,871900
2012-06-06,4.376403331756592,4.630000114440918,4.659999847412109,4.519999980926514,4.519999980926514,1121200
2012-06-07,4.348045825958252,4.599999904632568,4.840000152587891,4.590000152587891,4.699999809265137,1433400
2012-06-08,4.452022075653076,4.710000038146973,4.760000228881836,4.5,4.550000190734863,996700
2012-06-11,4.187356948852539,4.429999828338623,4.760000228881836,4.429999828338623,4.75,1104200
2012-06-12,4.253523826599121,4.5,4.610000133514404,4.460000038146973,4.460000038146973,1359200
2012-06-13,4.215713977813721,4.460000038146973,4.590000152587891,4.429999828338623,4.489999771118164,1343300
2012-06-14,4.2440714836120605,4.489999771118164,4.590000152587891,4.449999809265137,4.46999979019165,1197000
2012-06-15,4.329141616821289,4.579999923706055,4.590000152587891,4.460000038146973,4.480000019073486,1270500
2012-06-18,4.452022075653076,4.710000038146973,4.739999771118164,4.510000228881836,4.539999961853027,1155500
2012-06-19,4.584352970123291,4.849999904632568,4.880000114440918,4.710000038146973,4.71999979019165,1075800
2012-06-20,4.631614685058594,4.900000095367432,4.949999809265137,4.769999980926514,4.869999885559082,905200
2012-06-21,4.470925807952881,4.730000019073486,4.949999809265137,4.730000019073486,4.889999866485596,1011000
2012-06-22,4.622160911560059,4.889999866485596,4.909999847412109,4.739999771118164,4.739999771118164,2092700
2012-06-25,4.452022075653076,4.710000038146973,4.820000171661377,4.699999809265137,4.800000190734863,867400
2012-06-26,4.433116912841797,4.690000057220459,4.78000020980835,4.679999828338623,4.710000038146973,654100
2012-06-27,4.555996894836426,4.820000171661377,4.840000152587891,4.670000076293945,4.690000057220459,1042300
2012-06-28,4.53709077835083,4.800000190734863,4.880000114440918,4.71999979019165,4.760000228881836,995600
2012-06-29,4.612711429595947,4.880000114440918,4.920000076293945,4.869999885559082,4.909999847412109,1253100
2012-07-02,4.527639389038086,4.789999961853027,4.940000057220459,4.690000057220459,4.900000095367432,2752300
2012-07-03,4.518187522888184,4.78000020980835,4.869999885559082,4.75,4.78000020980835,1219100
2012-07-05,4.763947010040283,5.039999961853027,5.079999923706055,4.769999980926514,4.78000020980835,1221100
2012-07-06,4.745041847229004,5.019999980926514,5.119999885559082,5.0,5.090000152587891,903700
2012-07-09,4.612711429595947,4.880000114440918,4.980000019073486,4.769999980926514,4.980000019073486,919000
2012-07-10,4.527639389038086,4.789999961853027,4.940000057220459,4.769999980926514,4.889999866485596,911800
2012-07-11,4.470925807952881,4.730000019073486,4.860000133514404,4.710000038146973,4.769999980926514,900100
2012-07-12,4.281880855560303,4.53000020980835,4.670000076293945,4.489999771118164,4.670000076293945,1282500
2012-07-13,4.4614739418029785,4.71999979019165,4.739999771118164,4.53000020980835,4.550000190734863,1030100
2012-07-16,4.414212703704834,4.670000076293945,4.75,4.639999866485596,4.690000057220459,603900
2012-07-17,4.4614739418029785,4.71999979019165,4.789999961853027,4.630000114440918,4.690000057220459,701500
2012-07-18,4.603257179260254,4.869999885559082,4.940000057220459,4.699999809265137,4.739999771118164,865400
2012-07-19,4.66942310333252,4.940000057220459,5.0,4.860000133514404,4.920000076293945,746600
2012-07-20,4.641066551208496,4.909999847412109,4.980000019073486,4.860000133514404,4.909999847412109,587000
2012-07-23,4.546544075012207,4.809999942779541,4.860000133514404,4.679999828338623,4.789999961853027,785400
2012-07-24,4.433116912841797,4.690000057220459,4.869999885559082,4.650000095367432,4.809999942779541,779000
2012-07-25,4.489831447601318,4.75,4.820000171661377,4.690000057220459,4.710000038146973,666000
2012-07-26,4.641066551208496,4.909999847412109,4.980000019073486,4.78000020980835,4.829999923706055,798300
2012-07-27,4.896278858184815,5.179999828338623,5.210000038146973,4.820000171661377,4.920000076293945,1055800
2012-07-30,4.849018096923828,5.130000114440918,5.360000133514404,5.070000171661377,5.210000038146973,1110100
2012-07-31,5.038062572479248,5.329999923706055,5.429999828338623,5.130000114440918,5.130000114440918,1360800
2012-08-01,4.849018096923828,5.130000114440918,5.349999904632568,5.119999885559082,5.349999904632568,1297100
2012-08-02,4.896278858184815,5.179999828338623,5.269999980926514,5.03000020980835,5.070000171661377,908200
2012-08-03,4.990800380706787,5.28000020980835,5.380000114440918,5.199999809265137,5.260000228881836,822300
2012-08-06,4.981348514556885,5.269999980926514,5.389999866485596,5.210000038146973,5.289999961853027,1147600
2012-08-07,5.123132228851318,5.420000076293945,5.539999961853027,5.329999923706055,5.329999923706055,1066500
2012-08-08,5.094776153564453,5.389999866485596,5.420000076293945,5.320000171661377,5.389999866485596,1316000
2012-08-09,5.227108955383301,5.53000020980835,5.579999923706055,5.369999885559082,5.389999866485596,1033900
2012-08-10,5.217656135559082,5.519999980926514,5.53000020980835,5.429999828338623,5.5,920800
2012-08-13,5.142037391662598,5.440000057220459,5.53000020980835,5.400000095367432,5.489999771118164,2542300
2012-08-14,5.056965827941895,5.349999904632568,5.489999771118164,5.320000171661377,5.489999771118164,674400
2012-08-15,5.056965827941895,5.349999904632568,5.389999866485596,5.269999980926514,5.309999942779541,438900
2012-08-16,5.047514915466309,5.340000152587891,5.380000114440918,5.28000020980835,5.329999923706055,1006300
2012-08-17,5.056965827941895,5.349999904632568,5.349999904632568,5.25,5.300000190734863,463700
2012-08-20,4.877374172210693,5.159999847412109,5.289999961853027,5.150000095367432,5.269999980926514,738200
2012-08-21,4.858468532562256,5.139999866485596,5.230000019073486,5.090000152587891,5.170000076293945,767100
2012-08-22,4.603257179260254,4.869999885559082,5.150000095367432,4.869999885559082,5.110000133514404,1402900
2012-08-23,4.53709077835083,4.800000190734863,4.920000076293945,4.760000228881836,4.849999904632568,918600
2012-08-24,4.452022075653076,4.710000038146973,4.760000228881836,4.630000114440918,4.760000228881836,1073400
2012-08-27,4.366950988769531,4.619999885559082,4.71999979019165,4.550000190734863,4.699999809265137,675100
2012-08-28,4.433116912841797,4.690000057220459,4.710000038146973,4.570000171661377,4.610000133514404,1159100
2012-08-29,4.423665046691895,4.679999828338623,4.75,4.659999847412109,4.699999809265137,936300
2012-08-30,4.3574981689453125,4.610000133514404,4.659999847412109,4.599999904632568,4.639999866485596,661400
2012-08-31,4.433116912841797,4.690000057220459,4.71999979019165,4.559999942779541,4.650000095367432,1813100
2012-09-04,4.310237407684326,4.559999942779541,4.679999828338623,4.539999961853027,4.670000076293945,709000
2012-09-05,4.253523826599121,4.5,4.630000114440918,4.489999771118164,4.590000152587891,548800
2012-09-06,4.300784587860107,4.550000190734863,4.559999942779541,4.480000019073486,4.539999961853027,1840300
2012-09-07,4.395308017730713,4.650000095367432,4.699999809265137,4.519999980926514,4.559999942779541,1369200
2012-09-10,4.366950988769531,4.619999885559082,4.710000038146973,4.610000133514404,4.650000095367432,516600
2012-09-11,4.395308017730713,4.650000095367432,4.670000076293945,4.579999923706055,4.619999885559082,613700
2012-09-12,4.423665046691895,4.679999828338623,4.71999979019165,4.630000114440918,4.650000095367432,677900
2012-09-13,4.4614739418029785,4.71999979019165,4.769999980926514,4.559999942779541,4.659999847412109,801900
2012-09-14,4.574902057647705,4.840000152587891,4.840000152587891,4.699999809265137,4.730000019073486,541400
2012-09-17,4.574902057647705,4.840000152587891,4.849999904632568,4.760000228881836,4.809999942779541,349800
2012-09-18,4.574902057647705,4.840000152587891,4.880000114440918,4.599999904632568,4.599999904632568,609500
2012-09-19,4.470925807952881,4.730000019073486,4.869999885559082,4.71999979019165,4.829999923706055,543000
2012-09-20,4.348045825958252,4.599999904632568,4.730000019073486,4.570000171661377,4.690000057220459,492800
2012-09-21,4.2913312911987305,4.539999961853027,4.670000076293945,4.539999961853027,4.670000076293945,756500
2012-09-24,4.272427082061768,4.519999980926514,4.630000114440918,4.5,4.519999980926514,460600
2012-09-25,4.234618663787842,4.480000019073486,4.599999904632568,4.449999809265137,4.550000190734863,846500
2012-09-26,4.215713977813721,4.460000038146973,4.46999979019165,4.369999885559082,4.46999979019165,665800
2012-09-27,4.215713977813721,4.460000038146973,4.510000228881836,4.360000133514404,4.46999979019165,496100
2012-09-28,4.177906036376953,4.420000076293945,4.480000019073486,4.369999885559082,4.420000076293945,643500
2012-10-01,4.177906036376953,4.420000076293945,4.480000019073486,4.369999885559082,4.409999847412109,933900
2012-10-02,4.2913312911987305,4.539999961853027,4.599999904632568,4.429999828338623,4.429999828338623,696100
2012-10-03,4.253523826599121,4.5,4.599999904632568,4.489999771118164,4.539999961853027,294800
2012-10-04,4.234618663787842,4.480000019073486,4.53000020980835,4.429999828338623,4.5,326100
2012-10-05,4.196810722351074,4.440000057220459,4.579999923706055,4.429999828338623,4.5,233000
2012-10-08,4.177906036376953,4.420000076293945,4.440000057220459,4.369999885559082,4.400000095367432,294700
2012-10-09,4.121192932128906,4.360000133514404,4.449999809265137,4.320000171661377,4.409999847412109,449900
2012-10-10,4.045573711395264,4.28000020980835,4.449999809265137,4.239999771118164,4.349999904632568,605500
2012-10-11,4.036120891571045,4.269999980926514,4.340000152587891,4.260000228881836,4.309999942779541,343700
2012-10-12,3.979408025741577,4.210000038146973,4.28000020980835,4.199999809265137,4.28000020980835,238900
2012-10-15,4.007763385772705,4.239999771118164,4.25,4.150000095367432,4.21999979019165,311900
2012-10-16,4.196810722351074,4.440000057220459,4.440000057220459,4.269999980926514,4.269999980926514,386300
2012-10-17,4.149548530578613,4.389999866485596,4.5,4.369999885559082,4.440000057220459,349900
2012-10-18,4.149548530578613,4.389999866485596,4.449999809265137,4.329999923706055,4.420000076293945,385700
2012-10-19,4.026669979095459,4.260000228881836,4.349999904632568,4.199999809265137,4.349999904632568,717800
2012-10-22,3.998311996459961,4.230000019073486,4.300000190734863,4.139999866485596,4.260000228881836,784900
2012-10-23,4.007763385772705,4.239999771118164,4.260000228881836,4.150000095367432,4.199999809265137,608000
2012-10-24,4.026669979095459,4.260000228881836,4.28000020980835,4.210000038146973,4.260000228881836,310700
2012-10-25,3.922694206237793,4.150000095367432,4.329999923706055,4.139999866485596,4.289999961853027,404300
2012-10-26,3.828171491622925,4.050000190734863,4.28000020980835,3.9800000190734863,4.130000114440918,2164800
2012-10-31,4.083382606506348,4.320000171661377,4.320000171661377,4.090000152587891,4.099999904632568,677000
2012-11-01,4.187356948852539,4.429999828338623,4.489999771118164,4.269999980926514,4.320000171661377,824200
2012-11-02,4.102287292480469,4.340000152587891,4.449999809265137,4.320000171661377,4.420000076293945,394000
2012-11-05,4.092835903167725,4.329999923706055,4.389999866485596,4.25,4.320000171661377,512000
2012-11-06,4.177906036376953,4.420000076293945,4.449999809265137,4.329999923706055,4.360000133514404,413000
2012-11-07,3.9699554443359375,4.199999809265137,4.360000133514404,4.179999828338623,4.360000133514404,472900
2012-11-08,3.884884834289551,4.110000133514404,4.21999979019165,4.110000133514404,4.190000057220459,475700
2012-11-09,3.9037892818450928,4.130000114440918,4.269999980926514,4.099999904632568,4.099999904632568,332400
2012-11-12,3.894336462020874,4.119999885559082,4.159999847412109,4.050000190734863,4.159999847412109,299500
2012-11-13,3.837623357772827,4.059999942779541,4.119999885559082,4.050000190734863,4.099999904632568,242000
2012-11-14,3.76200532913208,3.9800000190734863,4.079999923706055,3.9600000381469727,4.059999942779541,477500
2012-11-15,3.6958396434783936,3.910000085830689,4.050000190734863,3.880000114440918,3.9600000381469727,601400
2012-11-16,3.6013169288635254,3.809999942779541,3.880000114440918,3.650000095367432,3.880000114440918,1278200
2012-11-19,3.620221138000488,3.829999923706055,3.9600000381469727,3.7899999618530273,3.839999914169312,902800
2012-11-20,3.686387538909912,3.900000095367432,3.910000085830689,3.7799999713897705,3.869999885559082,947600
2012-11-21,3.799814224243164,4.019999980926514,4.03000020980835,3.900000095367432,3.900000095367432,392700
2012-11-23,3.884884834289551,4.110000133514404,4.150000095367432,4.019999980926514,4.050000190734863,201800
2012-11-26,3.894336462020874,4.119999885559082,4.210000038146973,4.090000152587891,4.110000133514404,378900
2012-11-27,3.865980625152588,4.090000152587891,4.239999771118164,4.070000171661377,4.090000152587891,562800
2012-11-28,3.818718671798706,4.039999961853027,4.090000152587891,3.950000047683716,4.059999942779541,673100
2012-11-29,3.9037892818450928,4.130000114440918,4.159999847412109,4.050000190734863,4.079999923706055,525200
2012-11-30,3.998311996459961,4.230000019073486,4.25,4.119999885559082,4.150000095367432,1142300
2012-12-03,4.083382606506348,4.320000171661377,4.349999904632568,4.21999979019165,4.28000020980835,463500
2012-12-04,4.083382606506348,4.320000171661377,4.400000095367432,4.300000190734863,4.320000171661377,607300
2012-12-05,4.121192932128906,4.360000133514404,4.389999866485596,4.25,4.369999885559082,300200
2012-12-06,4.121192932128906,4.360000133514404,4.389999866485596,4.28000020980835,4.289999961853027,437700
2012-12-07,4.055025577545166,4.289999961853027,4.369999885559082,4.21999979019165,4.369999885559082,505300
2012-12-10,4.083382606506348,4.320000171661377,4.349999904632568,4.260000228881836,4.300000190734863,300800
2012-12-11,4.017216682434082,4.25,4.369999885559082,4.239999771118164,4.340000152587891,746800
2012-12-12,4.017216682434082,4.25,4.320000171661377,4.239999771118164,4.28000020980835,343400
2012-12-13,3.9699554443359375,4.199999809265137,4.269999980926514,4.159999847412109,4.239999771118164,332300
2012-12-14,3.9415979385375977,4.170000076293945,4.25,4.150000095367432,4.190000057220459,250600
2012-12-17,3.884884834289551,4.110000133514404,4.260000228881836,4.079999923706055,4.190000057220459,516900
2012-12-18,4.064478874206543,4.300000190734863,4.300000190734863,4.110000133514404,4.110000133514404,370600
2012-12-19,4.140097141265869,4.380000114440918,4.389999866485596,4.289999961853027,4.289999961853027,1096100
2012-12-20,4.13064432144165,4.369999885559082,4.420000076293945,4.349999904632568,4.380000114440918,547900
2012-12-21,4.045573711395264,4.28000020980835,4.349999904632568,4.150000095367432,4.349999904632568,1047400
2012-12-24,3.9605038166046143,4.190000057220459,4.409999847412109,4.159999847412109,4.269999980926514,163900
2012-12-26,3.9037892818450928,4.130000114440918,4.260000228881836,4.119999885559082,4.190000057220459,580900
2012-12-27,3.9037892818450928,4.130000114440918,4.190000057220459,4.0,4.139999866485596,524700
2012-12-28,3.875432729721069,4.099999904632568,4.150000095367432,4.059999942779541,4.090000152587891,281800
2012-12-31,4.007763385772705,4.239999771118164,4.25,4.070000171661377,4.079999923706055,438900
2013-01-02,4.196810722351074,4.440000057220459,4.46999979019165,4.329999923706055,4.349999904632568,687500
2013-01-03,4.196810722351074,4.440000057220459,4.46999979019165,4.369999885559082,4.440000057220459,1082800
2013-01-04,4.442570209503174,4.699999809265137,4.769999980926514,4.420000076293945,4.46999979019165,1143900
2013-01-07,4.442570209503174,4.699999809265137,4.78000020980835,4.599999904632568,4.659999847412109,896500
2013-01-08,4.310237407684326,4.559999942779541,4.800000190734863,4.539999961853027,4.710000038146973,844400
2013-01-09,4.329141616821289,4.579999923706055,4.670000076293945,4.539999961853027,4.599999904632568,358500
2013-01-10,4.404758930206299,4.659999847412109,4.699999809265137,4.579999923706055,4.590000152587891,437100
2013-01-11,4.433116912841797,4.690000057220459,4.71999979019165,4.559999942779541,4.699999809265137,409500
2013-01-14,4.414212703704834,4.670000076293945,4.699999809265137,4.579999923706055,4.659999847412109,760500
2013-01-15,4.395308017730713,4.650000095367432,4.670000076293945,4.590000152587891,4.619999885559082,587500
2013-01-16,4.395308017730713,4.650000095367432,4.690000057220459,4.619999885559082,4.630000114440918,416800
2013-01-17,4.442570209503174,4.699999809265137,4.699999809265137,4.639999866485596,4.659999847412109,340800
2013-01-18,4.348045825958252,4.599999904632568,4.800000190734863,4.590000152587891,4.679999828338623,962800
2013-01-22,4.319690704345703,4.570000171661377,4.630000114440918,4.489999771118164,4.610000133514404,657700
2013-01-23,4.395308017730713,4.650000095367432,4.670000076293945,4.510000228881836,4.53000020980835,684900
2013-01-24,4.508734703063965,4.769999980926514,4.789999961853027,4.619999885559082,4.639999866485596,1023700
2013-01-25,4.518187522888184,4.78000020980835,4.949999809265137,4.75,4.789999961853027,868800
2013-01-28,4.489831447601318,4.75,4.880000114440918,4.71999979019165,4.78000020980835,510800
2013-01-29,4.433116912841797,4.690000057220459,4.760000228881836,4.659999847412109,4.730000019073486,406100
2013-01-30,4.310237407684326,4.559999942779541,4.75,4.539999961853027,4.670000076293945,629400
2013-01-31,4.376403331756592,4.630000114440918,4.639999866485596,4.489999771118164,4.570000171661377,656700
2013-02-01,4.574902057647705,4.840000152587891,4.860000133514404,4.630000114440918,4.630000114440918,629700
2013-02-04,4.395308017730713,4.650000095367432,4.849999904632568,4.639999866485596,4.800000190734863,530800
2013-02-05,4.470925807952881,4.730000019073486,4.769999980926514,4.659999847412109,4.699999809265137,361800
2013-02-06,4.423665046691895,4.679999828338623,4.71999979019165,4.650000095367432,4.699999809265137,269400
2013-02-07,4.414212703704834,4.670000076293945,4.71999979019165,4.619999885559082,4.699999809265137,249900
2013-02-08,4.414212703704834,4.670000076293945,4.75,4.510000228881836,4.639999866485596,406700
2013-02-11,4.414212703704834,4.670000076293945,4.679999828338623,4.610000133514404,4.650000095367432,426800
2013-02-12,4.565447807312012,4.829999923706055,4.849999904632568,4.679999828338623,4.690000057220459,351600
2013-02-13,4.7166852951049805,4.989999771118164,5.010000228881836,4.800000190734863,4.829999923706055,994700
2013-02-14,4.67887544631958,4.949999809265137,5.039999961853027,4.650000095367432,4.949999809265137,1505300
2013-02-15,4.593805313110352,4.860000133514404,5.010000228881836,4.849999904632568,4.989999771118164,518800
2013-02-19,4.53709077835083,4.800000190734863,4.909999847412109,4.769999980926514,4.869999885559082,426900
2013-02-20,4.366950988769531,4.619999885559082,4.840000152587891,4.599999904632568,4.789999961853027,509000
2013-02-21,4.149548530578613,4.389999866485596,4.590000152587891,4.25,4.590000152587891,1203100
2013-02-22,4.149548530578613,4.389999866485596,4.460000038146973,4.28000020980835,4.429999828338623,388800
2013-02-25,3.9415979385375977,4.170000076293945,4.420000076293945,4.150000095367432,4.420000076293945,2025100
2013-02-26,3.9605038166046143,4.190000057220459,4.320000171661377,4.130000114440918,4.199999809265137,1614100
2013-02-27,3.875432729721069,4.099999904632568,4.21999979019165,4.099999904632568,4.190000057220459,3046200
2013-02-28,3.837623357772827,4.059999942779541,4.150000095367432,4.03000020980835,4.110000133514404,1187400
2013-03-01,3.837623357772827,4.059999942779541,4.079999923706055,3.950000047683716,4.039999961853027,1357900
2013-03-04,3.7714574337005615,3.990000009536743,4.070000171661377,3.940000057220459,4.059999942779541,1852000
2013-03-05,3.875432729721069,4.099999904632568,4.130000114440918,4.0,4.0,1508900
2013-03-06,3.922694206237793,4.150000095367432,4.199999809265137,4.110000133514404,4.119999885559082,1271800
2013-03-07,3.9699554443359375,4.199999809265137,4.210000038146973,4.139999866485596,4.159999847412109,1340800
2013-03-08,3.979408025741577,4.210000038146973,4.289999961853027,4.179999828338623,4.25,603900
2013-03-11,3.988860607147217,4.21999979019165,4.25,4.159999847412109,4.199999809265137,421300
2013-03-12,3.9321460723876953,4.159999847412109,4.230000019073486,4.150000095367432,4.199999809265137,622400
2013-03-13,3.9321460723876953,4.159999847412109,4.199999809265137,4.119999885559082,4.159999847412109,434700
2013-03-14,3.988860607147217,4.21999979019165,4.239999771118164,4.179999828338623,4.179999828338623,686300
2013-03-15,3.9415979385375977,4.170000076293945,4.230000019073486,4.130000114440918,4.199999809265137,944700
2013-03-18,3.837623357772827,4.059999942779541,4.110000133514404,4.039999961853027,4.090000152587891,632900
2013-03-19,3.799814224243164,4.019999980926514,4.059999942779541,3.990000009536743,4.059999942779541,774400
2013-03-20,3.9037892818450928,4.130000114440918,4.139999866485596,4.019999980926514,4.039999961853027,1085100
2013-03-21,3.913241624832153,4.139999866485596,4.179999828338623,4.079999923706055,4.079999923706055,747000
2013-03-22,3.884884834289551,4.110000133514404,4.150000095367432,4.050000190734863,4.150000095367432,804200
2013-03-25,3.837623357772827,4.059999942779541,4.139999866485596,4.050000190734863,4.099999904632568,350800
2013-03-26,3.837623357772827,4.059999942779541,4.099999904632568,4.039999961853027,4.070000171661377,334800
2013-03-27,3.780909776687622,4.0,4.019999980926514,3.9700000286102295,4.019999980926514,452200
2013-03-28,3.780909776687622,4.0,4.019999980926514,3.910000085830689,4.019999980926514,1038900
2013-04-01,3.686387538909912,3.900000095367432,4.019999980926514,3.869999885559082,4.010000228881836,1180000
2013-04-02,3.667482614517212,3.880000114440918,3.950000047683716,3.839999914169312,3.910000085830689,820200
2013-04-03,3.591864109039306,3.799999952316284,3.920000076293945,3.799999952316284,3.880000114440918,566400
2013-04-04,3.591864109039306,3.799999952316284,3.819999933242798,3.680000066757202,3.799999952316284,1278400
2013-04-05,3.610768795013428,3.819999933242798,3.839999914169312,3.690000057220459,3.690000057220459,584000
2013-04-08,3.676935195922852,3.890000104904175,3.890000104904175,3.740000009536743,3.819999933242798,757400
2013-04-09,3.5729596614837646,3.7799999713897705,3.940000057220459,3.7699999809265137,3.890000104904175,865000
2013-04-10,3.6958396434783936,3.910000085830689,3.920000076293945,3.75,3.75,777200
2013-04-11,3.714744091033936,3.930000066757202,3.990000009536743,3.890000104904175,3.900000095367432,630500
2013-04-12,3.686387538909912,3.900000095367432,3.940000057220459,3.880000114440918,3.920000076293945,1300200
2013-04-15,3.544602394104004,3.75,3.930000066757202,3.690000057220459,3.880000114440918,1313200
2013-04-16,3.563507318496704,3.7699999809265137,3.819999933242798,3.7300000190734863,3.799999952316284,676200
2013-04-17,3.431175708770752,3.630000114440918,3.7899999618530273,3.5899999141693115,3.7300000190734863,1221100
2013-04-18,3.402818441390991,3.5999999046325684,3.680000066757202,3.549999952316284,3.619999885559082,1210800
2013-04-19,3.468985080718994,3.670000076293945,3.690000057220459,3.549999952316284,3.5899999141693115,758000
2013-04-22,3.4595329761505127,3.660000085830689,3.700000047683716,3.569999933242798,3.660000085830689,489000
2013-04-23,3.5351507663726807,3.740000009536743,3.7799999713897705,3.690000057220459,3.7100000381469727,1136700
2013-04-24,3.5729596614837646,3.7799999713897705,3.799999952316284,3.75,3.75,530900
2013-04-25,3.64857816696167,3.859999895095825,3.930000066757202,3.799999952316284,3.799999952316284,1683300
2013-04-26,3.988860607147217,4.21999979019165,4.360000133514404,4.090000152587891,4.25,3451400
2013-04-29,3.998311996459961,4.230000019073486,4.329999923706055,4.21999979019165,4.289999961853027,1371700
2013-04-30,4.007763385772705,4.239999771118164,4.25,4.170000076293945,4.25,908700
2013-05-01,3.9415979385375977,4.170000076293945,4.260000228881836,4.110000133514404,4.230000019073486,1189100
2013-05-02,4.017216682434082,4.25,4.269999980926514,4.119999885559082,4.179999828338623,1070500
2013-05-03,4.168452739715576,4.409999847412109,4.53000020980835,4.150000095367432,4.300000190734863,2417600
2013-05-06,4.206262111663818,4.449999809265137,4.480000019073486,4.380000114440918,4.449999809265137,600200
2013-05-07,4.168452739715576,4.409999847412109,4.449999809265137,4.309999942779541,4.449999809265137,1206300
2013-05-08,4.253523826599121,4.5,4.519999980926514,4.349999904632568,4.380000114440918,1076000
2013-05-09,4.281880855560303,4.53000020980835,4.570000171661377,4.46999979019165,4.46999979019165,910700
2013-05-10,4.338593482971191,4.590000152587891,4.650000095367432,4.550000190734863,4.550000190734863,820100
2013-05-13,4.281880855560303,4.53000020980835,4.599999904632568,4.519999980926514,4.579999923706055,442300
2013-05-14,4.329141616821289,4.579999923706055,4.610000133514404,4.519999980926514,4.519999980926514,654300
2013-05-15,4.272427082061768,4.519999980926514,4.559999942779541,4.420000076293945,4.539999961853027,1448500
2013-05-16,4.225165843963623,4.46999979019165,4.539999961853027,4.460000038146973,4.480000019073486,729100
2013-05-17,4.253523826599121,4.5,4.519999980926514,4.46999979019165,4.5,721900
2013-05-20,4.329141616821289,4.579999923706055,4.599999904632568,4.480000019073486,4.489999771118164,731600
2013-05-21,4.376403331756592,4.630000114440918,4.650000095367432,4.539999961853027,4.590000152587891,655500
2013-05-22,4.348045825958252,4.599999904632568,4.650000095367432,4.590000152587891,4.630000114440918,1069400
2013-05-23,4.329141616821289,4.579999923706055,4.590000152587891,4.510000228881836,4.519999980926514,593400
2013-05-24,4.348045825958252,4.599999904632568,4.610000133514404,4.510000228881836,4.519999980926514,496700
2013-05-28,4.376403331756592,4.630000114440918,4.71999979019165,4.570000171661377,4.659999847412109,1017200
2013-05-29,4.300784587860107,4.550000190734863,4.659999847412109,4.539999961853027,4.579999923706055,431900
2013-05-30,4.3574981689453125,4.610000133514404,4.650000095367432,4.539999961853027,4.559999942779541,521600
2013-05-31,4.2913312911987305,4.539999961853027,4.630000114440918,4.449999809265137,4.559999942779541,724700
2013-06-03,4.329141616821289,4.579999923706055,4.599999904632568,4.46999979019165,4.550000190734863,718600
2013-06-04,4.234618663787842,4.480000019073486,4.650000095367432,4.440000057220459,4.599999904632568,1077200
2013-06-05,4.102287292480469,4.340000152587891,4.489999771118164,4.340000152587891,4.480000019073486,588600
2013-06-06,4.13064432144165,4.369999885559082,4.409999847412109,4.25,4.349999904632568,490900
2013-06-07,4.177906036376953,4.420000076293945,4.449999809265137,4.309999942779541,4.420000076293945,541900
2013-06-10,4.196810722351074,4.440000057220459,4.449999809265137,4.349999904632568,4.449999809265137,539500
2013-06-11,4.140097141265869,4.380000114440918,4.409999847412109,4.329999923706055,4.369999885559082,571400
2013-06-12,4.121192932128906,4.360000133514404,4.510000228881836,4.349999904632568,4.420000076293945,543500
2013-06-13,4.196810722351074,4.440000057220459,4.449999809265137,4.289999961853027,4.380000114440918,593900
2013-06-14,4.140097141265869,4.380000114440918,4.5,4.380000114440918,4.440000057220459,481800
2013-06-17,4.092835903167725,4.329999923706055,4.480000019073486,4.289999961853027,4.420000076293945,631300
2013-06-18,4.168452739715576,4.409999847412109,4.420000076293945,4.329999923706055,4.349999904632568,973400
2013-06-19,4.064478874206543,4.300000190734863,4.46999979019165,4.300000190734863,4.400000095367432,1005500
2013-06-20,3.922694206237793,4.150000095367432,4.25,4.039999961853027,4.25,1692600
2013-06-21,3.837623357772827,4.059999942779541,4.21999979019165,4.050000190734863,4.139999866485596,987700
2013-06-24,3.809267282485962,4.03000020980835,4.079999923706055,3.910000085830689,4.03000020980835,1078000
2013-06-25,3.913241624832153,4.139999866485596,4.190000057220459,3.990000009536743,4.070000171661377,857200
2013-06-26,3.884884834289551,4.110000133514404,4.260000228881836,4.099999904632568,4.210000038146973,693000
2013-06-27,3.951050519943237,4.179999828338623,4.289999961853027,4.099999904632568,4.159999847412109,1014500
2013-06-28,3.979408025741577,4.210000038146973,4.239999771118164,4.110000133514404,4.170000076293945,2670400
2013-07-01,4.055025577545166,4.289999961853027,4.320000171661377,4.239999771118164,4.25,780100
2013-07-02,4.092835903167725,4.329999923706055,4.340000152587891,4.28000020980835,4.28000020980835,798200
2013-07-03,4.055025577545166,4.289999961853027,4.329999923706055,4.289999961853027,4.289999961853027,143700
2013-07-05,4.045573711395264,4.28000020980835,4.349999904632568,4.239999771118164,4.349999904632568,392500
2013-07-08,4.036120891571045,4.269999980926514,4.329999923706055,4.260000228881836,4.329999923706055,492200
2013-07-09,4.187356948852539,4.429999828338623,4.449999809265137,4.28000020980835,4.289999961853027,621500
2013-07-10,4.177906036376953,4.420000076293945,4.5,4.400000095367432,4.420000076293945,444200
2013-07-11,4.26297664642334,4.510000228881836,4.53000020980835,4.460000038146973,4.489999771118164,1130400
2013-07-12,4.26297664642334,4.510000228881836,4.53000020980835,4.460000038146973,4.510000228881836,514700
2013-07-15,4.300784587860107,4.550000190734863,4.590000152587891,4.5,4.5,434200
2013-07-16,4.3574981689453125,4.610000133514404,4.739999771118164,4.550000190734863,4.550000190734863,1013500
2013-07-17,4.3574981689453125,4.610000133514404,4.670000076293945,4.579999923706055,4.639999866485596,554400
2013-07-18,4.300784587860107,4.550000190734863,4.679999828338623,4.420000076293945,4.610000133514404,1085200
2013-07-19,4.234618663787842,4.480000019073486,4.559999942779541,4.449999809265137,4.519999980926514,372500
2013-07-22,4.215713977813721,4.460000038146973,4.5,4.460000038146973,4.480000019073486,490000
2013-07-23,4.121192932128906,4.360000133514404,4.570000171661377,4.340000152587891,4.46999979019165,1098300
2013-07-24,4.177906036376953,4.420000076293945,4.449999809265137,4.369999885559082,4.389999866485596,762900
2013-07-25,4.196810722351074,4.440000057220459,4.480000019073486,4.400000095367432,4.420000076293945,673000
2013-07-26,4.102287292480469,4.340000152587891,4.409999847412109,4.320000171661377,4.409999847412109,849200
2013-07-29,4.168452739715576,4.409999847412109,4.440000057220459,4.349999904632568,4.440000057220459,1174100
2013-07-30,4.045573711395264,4.28000020980835,4.380000114440918,4.150000095367432,4.300000190734863,1731600
2013-07-31,3.988860607147217,4.21999979019165,4.269999980926514,4.210000038146973,4.230000019073486,1069300
2013-08-01,4.026669979095459,4.260000228881836,4.309999942779541,4.230000019073486,4.269999980926514,962500
2013-08-02,3.988860607147217,4.21999979019165,4.28000020980835,4.179999828338623,4.239999771118164,589900
2013-08-05,3.988860607147217,4.21999979019165,4.260000228881836,4.179999828338623,4.190000057220459,741200
2013-08-06,3.979408025741577,4.210000038146973,4.239999771118164,4.190000057220459,4.199999809265137,675300
2013-08-07,3.9699554443359375,4.199999809265137,4.21999979019165,4.150000095367432,4.199999809265137,614300
2013-08-08,3.9699554443359375,4.199999809265137,4.269999980926514,4.190000057220459,4.239999771118164,446400
2013-08-09,3.894336462020874,4.119999885559082,4.210000038146973,4.099999904632568,4.179999828338623,678500
2013-08-12,3.9605038166046143,4.190000057220459,4.210000038146973,4.099999904632568,4.099999904632568,490800
2013-08-13,4.007763385772705,4.239999771118164,4.25,4.139999866485596,4.199999809265137,441700
2013-08-14,4.017216682434082,4.25,4.309999942779541,4.190000057220459,4.230000019073486,837500
2013-08-15,3.988860607147217,4.21999979019165,4.269999980926514,4.170000076293945,4.190000057220459,547500
2013-08-16,3.894336462020874,4.119999885559082,4.25,4.119999885559082,4.199999809265137,1682000
2013-08-19,3.837623357772827,4.059999942779541,4.170000076293945,4.019999980926514,4.119999885559082,596200
2013-08-20,3.998311996459961,4.230000019073486,4.25,4.03000020980835,4.059999942779541,804100
2013-08-21,3.9605038166046143,4.190000057220459,4.28000020980835,4.130000114440918,4.199999809265137,968100
2013-08-22,4.007763385772705,4.239999771118164,4.28000020980835,4.190000057220459,4.190000057220459,263400
2013-08-23,3.998311996459961,4.230000019073486,4.300000190734863,4.190000057220459,4.25,545400
2013-08-26,4.007763385772705,4.239999771118164,4.28000020980835,4.190000057220459,4.230000019073486,496100
2013-08-27,3.85652756690979,4.079999923706055,4.199999809265137,4.059999942779541,4.170000076293945,792900
2013-08-28,3.884884834289551,4.110000133514404,4.170000076293945,4.039999961853027,4.079999923706055,852900
2013-08-29,3.913241624832153,4.139999866485596,4.170000076293945,4.110000133514404,4.110000133514404,561800
2013-08-30,3.7903621196746826,4.010000228881836,4.150000095367432,4.0,4.130000114440918,1410900
2013-09-03,3.875432729721069,4.099999904632568,4.130000114440918,4.050000190734863,4.079999923706055,627700
2013-09-04,3.9605038166046143,4.190000057220459,4.199999809265137,4.03000020980835,4.090000152587891,683600
2013-09-05,3.9605038166046143,4.190000057220459,4.199999809265137,4.150000095367432,4.199999809265137,473100
2013-09-06,3.9699554443359375,4.199999809265137,4.25,4.150000095367432,4.21999979019165,899500
2013-09-09,4.045573711395264,4.28000020980835,4.300000190734863,4.210000038146973,4.21999979019165,2223700
2013-09-10,4.064478874206543,4.300000190734863,4.300000190734863,4.28000020980835,4.300000190734863,775500
2013-09-11,4.007763385772705,4.239999771118164,4.300000190734863,4.199999809265137,4.300000190734863,984200
2013-09-12,4.007763385772705,4.239999771118164,4.269999980926514,4.230000019073486,4.25,673900
2013-09-13,3.988860607147217,4.21999979019165,4.260000228881836,4.199999809265137,4.260000228881836,601100
2013-09-16,4.017216682434082,4.25,4.289999961853027,4.210000038146973,4.289999961853027,624700
2013-09-17,4.045573711395264,4.28000020980835,4.289999961853027,4.21999979019165,4.239999771118164,788000
2013-09-18,4.083382606506348,4.320000171661377,4.360000133514404,4.269999980926514,4.289999961853027,1600800
2013-09-19,4.083382606506348,4.320000171661377,4.369999885559082,4.269999980926514,4.349999904632568,1270500
2013-09-20,4.055025577545166,4.289999961853027,4.360000133514404,4.260000228881836,4.300000190734863,2766100
2013-09-23,4.083382606506348,4.320000171661377,4.360000133514404,4.269999980926514,4.300000190734863,817100
2013-09-24,4.149548530578613,4.389999866485596,4.400000095367432,4.320000171661377,4.349999904632568,754200
2013-09-25,4.149548530578613,4.389999866485596,4.460000038146973,4.380000114440918,4.409999847412109,1893500
2013-09-26,4.140097141265869,4.380000114440918,4.449999809265137,4.349999904632568,4.409999847412109,1062400
2013-09-27,4.092835903167725,4.329999923706055,4.360000133514404,4.300000190734863,4.340000152587891,406900
2013-09-30,4.045573711395264,4.28000020980835,4.329999923706055,4.190000057220459,4.28000020980835,861200
2013-10-01,4.111739635467529,4.349999904632568,4.369999885559082,4.28000020980835,4.28000020980835,913300
2013-10-02,4.149548530578613,4.389999866485596,4.400000095367432,4.320000171661377,4.320000171661377,684200
2013-10-03,4.177906036376953,4.420000076293945,4.429999828338623,4.329999923706055,4.400000095367432,801700
2013-10-04,4.206262111663818,4.449999809265137,4.480000019073486,4.389999866485596,4.409999847412109,1509500
2013-10-07,4.206262111663818,4.449999809265137,4.5,4.400000095367432,4.409999847412109,1093100
2013-10-08,4.215713977813721,4.460000038146973,4.489999771118164,4.389999866485596,4.449999809265137,793500
2013-10-09,4.13064432144165,4.369999885559082,4.480000019073486,4.360000133514404,4.460000038146973,709700
2013-10-10,4.196810722351074,4.440000057220459,4.480000019073486,4.409999847412109,4.440000057220459,559100
2013-10-11,4.215713977813721,4.460000038146973,4.489999771118164,4.420000076293945,4.420000076293945,886700
2013-10-14,4.300784587860107,4.550000190734863,4.590000152587891,4.440000057220459,4.440000057220459,590600
2013-10-15,4.196810722351074,4.440000057220459,4.579999923706055,4.420000076293945,4.550000190734863,572700
2013-10-16,4.366950988769531,4.619999885559082,4.619999885559082,4.440000057220459,4.489999771118164,1304700
2013-10-17,4.385855674743652,4.639999866485596,4.659999847412109,4.559999942779541,4.599999904632568,790400
2013-10-18,4.423665046691895,4.679999828338623,4.699999809265137,4.630000114440918,4.670000076293945,879900
2013-10-21,4.527639389038086,4.789999961853027,4.820000171661377,4.679999828338623,4.699999809265137,1414100
2013-10-22,4.565447807312012,4.829999923706055,4.880000114440918,4.789999961853027,4.809999942779541,949200
2013-10-23,4.480378150939941,4.739999771118164,4.829999923706055,4.730000019073486,4.809999942779541,1009400
2013-10-24,4.480378150939941,4.739999771118164,4.75,4.710000038146973,4.739999771118164,733600
2013-10-25,4.508734703063965,4.769999980926514,4.789999961853027,4.690000057220459,4.760000228881836,888400
2013-10-28,4.565447807312012,4.829999923706055,4.849999904632568,4.75,4.789999961853027,1158000
2013-10-29,4.877374172210693,5.159999847412109,5.25,5.03000020980835,5.099999904632568,3335300
2013-10-30,5.000253200531006,5.289999961853027,5.349999904632568,5.150000095367432,5.239999771118164,2292500
2013-10-31,5.019157409667969,5.309999942779541,5.380000114440918,5.260000228881836,5.300000190734863,1481800
2013-11-01,5.028609752655029,5.320000171661377,5.389999866485596,5.260000228881836,5.320000171661377,1055000
2013-11-04,5.29327392578125,5.599999904632568,5.630000114440918,5.300000190734863,5.369999885559082,2340000
2013-11-05,5.387795925140381,5.699999809265137,5.730000019073486,5.5,5.590000152587891,1690600
2013-11-06,5.463415622711182,5.78000020980835,5.820000171661377,5.659999847412109,5.739999771118164,1281400
2013-11-07,5.312178134918213,5.619999885559082,5.800000190734863,5.579999923706055,5.789999961853027,1383300
2013-11-08,5.302725791931152,5.610000133514404,5.75,5.579999923706055,5.610000133514404,1122700
2013-11-11,5.160942077636719,5.460000038146973,5.550000190734863,5.400000095367432,5.550000190734863,1201600
2013-11-12,5.160942077636719,5.460000038146973,5.519999980926514,5.400000095367432,5.420000076293945,1064900
2013-11-13,5.198751449584961,5.5,5.510000228881836,5.409999847412109,5.449999809265137,784300
2013-11-14,5.151489734649658,5.449999809265137,5.5,5.349999904632568,5.349999904632568,670100
2013-11-15,5.170395374298096,5.46999979019165,5.489999771118164,5.420000076293945,5.440000057220459,592400
2013-11-18,5.29327392578125,5.599999904632568,5.630000114440918,5.480000019073486,5.489999771118164,868200
2013-11-19,5.340535640716553,5.650000095367432,5.730000019073486,5.579999923706055,5.619999885559082,1337400
2013-11-20,5.359440326690674,5.670000076293945,5.739999771118164,5.619999885559082,5.670000076293945,645000
2013-11-21,5.444511413574219,5.760000228881836,5.800000190734863,5.690000057220459,5.699999809265137,710600
2013-11-22,5.453961849212647,5.769999980926514,5.800000190734863,5.739999771118164,5.760000228881836,495400
2013-11-25,5.53903341293335,5.860000133514404,5.889999866485596,5.75,5.760000228881836,754400
2013-11-26,5.5957465171813965,5.920000076293945,6.0,5.849999904632568,5.880000114440918,1040200
2013-11-27,5.652459621429443,5.980000019073486,6.0,5.920000076293945,5.940000057220459,478200
2013-11-29,5.671363830566406,6.0,6.039999961853027,5.980000019073486,6.0,438500
2013-12-02,5.643007278442383,5.96999979019165,6.050000190734863,5.920000076293945,6.03000020980835,800000
2013-12-03,5.53903341293335,5.860000133514404,6.0,5.849999904632568,5.949999809265137,1074300
2013-12-04,5.52012825012207,5.840000152587891,5.860000133514404,5.78000020980835,5.860000133514404,751000
2013-12-05,5.482318878173828,5.800000190734863,5.880000114440918,5.800000190734863,5.849999904632568,587300
2013-12-06,5.529580593109131,5.849999904632568,5.880000114440918,5.809999942779541,5.820000171661377,831000
2013-12-09,5.472866535186768,5.789999961853027,5.889999866485596,5.75,5.869999885559082,641200
2013-12-10,5.340535640716553,5.650000095367432,5.809999942779541,5.650000095367432,5.800000190734863,914500
2013-12-11,5.2082037925720215,5.510000228881836,5.650000095367432,5.440000057220459,5.650000095367432,1388300
2013-12-12,5.160942077636719,5.460000038146973,5.510000228881836,5.449999809265137,5.460000038146973,809100
2013-12-13,5.170395374298096,5.46999979019165,5.550000190734863,5.440000057220459,5.460000038146973,557200
2013-12-16,5.29327392578125,5.599999904632568,5.670000076293945,5.5,5.519999980926514,1073200
2013-12-17,5.274368762969971,5.579999923706055,5.659999847412109,5.559999942779541,5.659999847412109,510200
2013-12-18,5.25546407699585,5.559999942779541,5.670000076293945,5.429999828338623,5.579999923706055,772400
2013-12-19,5.321629524230957,5.630000114440918,5.909999847412109,5.599999904632568,5.909999847412109,1141800
2013-12-20,5.435058116912842,5.75,5.789999961853027,5.610000133514404,5.630000114440918,2266900
2013-12-23,5.53903341293335,5.860000133514404,5.900000095367432,5.769999980926514,5.809999942779541,891500
2013-12-24,5.53903341293335,5.860000133514404,5.889999866485596,5.849999904632568,5.880000114440918,224900
2013-12-26,5.529580593109131,5.849999904632568,5.880000114440918,5.789999961853027,5.869999885559082,638500
2013-12-27,5.52012825012207,5.840000152587891,5.869999885559082,5.78000020980835,5.869999885559082,585200
2013-12-30,5.765887260437012,6.099999904632568,6.110000133514404,5.809999942779541,5.869999885559082,1715600
2013-12-31,5.794244766235352,6.130000114440918,6.190000057220459,6.03000020980835,6.119999885559082,981900
2014-01-02,5.794244766235352,6.130000114440918,6.150000095367432,6.010000228881836,6.130000114440918,943700
2014-01-03,5.784791946411133,6.119999885559082,6.170000076293945,6.079999923706055,6.119999885559082,748800
2014-01-06,5.699721336364746,6.03000020980835,6.119999885559082,5.960000038146973,6.119999885559082,781900
2014-01-07,5.652459621429443,5.980000019073486,6.079999923706055,5.929999828338623,6.070000171661377,651000
2014-01-08,5.586293697357178,5.909999847412109,6.039999961853027,5.869999885559082,5.960000038146973,684900
2014-01-09,5.567389488220215,5.889999866485596,5.940000057220459,5.800000190734863,5.920000076293945,646900
2014-01-10,5.614650726318359,5.940000057220459,5.980000019073486,5.849999904632568,5.920000076293945,444100
2014-01-13,5.491771697998047,5.809999942779541,5.960000038146973,5.760000228881836,5.949999809265137,1079200
2014-01-14,5.624104022979736,5.949999809265137,5.989999771118164,5.840000152587891,5.869999885559082,529700
2014-01-15,5.643007278442383,5.96999979019165,6.059999942779541,5.929999828338623,5.949999809265137,717400
2014-01-16,5.633555889129639,5.960000038146973,6.03000020980835,5.920000076293945,5.980000019073486,445800
2014-01-17,5.605198383331299,5.929999828338623,5.980000019073486,5.869999885559082,5.929999828338623,375000
2014-01-21,5.482318878173828,5.800000190734863,5.96999979019165,5.78000020980835,5.96999979019165,1550000
2014-01-22,5.463415622711182,5.78000020980835,5.829999923706055,5.599999904632568,5.809999942779541,1485400
2014-01-23,5.349987506866455,5.659999847412109,5.78000020980835,5.619999885559082,5.75,675700
2014-01-24,5.066420078277588,5.360000133514404,5.610000133514404,5.309999942779541,5.610000133514404,1255500
2014-01-27,5.151489734649658,5.449999809265137,5.480000019073486,5.340000152587891,5.400000095367432,1141300
2014-01-28,5.198751449584961,5.5,5.539999961853027,5.389999866485596,5.449999809265137,759300
2014-01-29,5.123132228851318,5.420000076293945,5.550000190734863,5.360000133514404,5.46999979019165,977500
2014-01-30,5.094776153564453,5.389999866485596,5.510000228881836,5.360000133514404,5.449999809265137,723100
2014-01-31,5.009706020355225,5.300000190734863,5.400000095367432,5.25,5.28000020980835,1321000
2014-02-03,4.952991485595703,5.239999771118164,5.349999904632568,5.190000057220459,5.260000228881836,991000
2014-02-04,4.934087753295898,5.21999979019165,5.309999942779541,5.199999809265137,5.28000020980835,842200
2014-02-05,4.849018096923828,5.130000114440918,5.260000228881836,5.110000133514404,5.199999809265137,725800
2014-02-06,4.934087753295898,5.21999979019165,5.289999961853027,5.119999885559082,5.139999866485596,788600
2014-02-07,4.905730247497559,5.190000057220459,5.28000020980835,5.139999866485596,5.25,736700
2014-02-10,5.028609752655029,5.320000171661377,5.340000152587891,5.150000095367432,5.21999979019165,1113600
2014-02-11,4.867920875549316,5.150000095367432,5.199999809265137,5.019999980926514,5.099999904632568,2186400
2014-02-12,4.839565277099609,5.119999885559082,5.190000057220459,5.090000152587891,5.119999885559082,1535200
2014-02-13,4.896278858184815,5.179999828338623,5.199999809265137,5.110000133514404,5.110000133514404,658100
2014-02-14,4.981348514556885,5.269999980926514,5.28000020980835,5.159999847412109,5.190000057220459,886500
2014-02-18,5.009706020355225,5.300000190734863,5.369999885559082,5.260000228881836,5.269999980926514,1435400
2014-02-19,5.094776153564453,5.389999866485596,5.489999771118164,5.340000152587891,5.360000133514404,1468200
2014-02-20,5.227108955383301,5.53000020980835,5.559999942779541,5.409999847412109,5.420000076293945,798400
2014-02-21,5.368892669677734,5.679999828338623,5.739999771118164,5.590000152587891,5.619999885559082,1563200
2014-02-24,5.387795925140381,5.699999809265137,5.78000020980835,5.639999866485596,5.699999809265137,1308300
2014-02-25,5.4161529541015625,5.730000019073486,5.769999980926514,5.579999923706055,5.71999979019165,1064100
2014-02-26,5.472866535186768,5.789999961853027,5.889999866485596,5.760000228881836,5.760000228881836,804100
2014-02-27,5.529580593109131,5.849999904632568,5.900000095367432,5.739999771118164,5.75,1300600
2014-02-28,5.5957465171813965,5.920000076293945,5.96999979019165,5.800000190734863,5.880000114440918,1400000
2014-03-03,5.576842784881592,5.900000095367432,5.909999847412109,5.809999942779541,5.900000095367432,861100
2014-03-04,5.690269947052002,6.019999980926514,6.070000171661377,5.96999979019165,5.980000019073486,1631100
2014-03-05,5.709172248840332,6.039999961853027,6.079999923706055,6.0,6.039999961853027,619500
2014-03-06,5.746983528137207,6.079999923706055,6.099999904632568,6.010000228881836,6.090000152587891,986100
2014-03-07,5.756434917449951,6.090000152587891,6.139999866485596,6.059999942779541,6.099999904632568,754900
2014-03-10,5.765887260437012,6.099999904632568,6.150000095367432,6.039999961853027,6.139999866485596,1082100
2014-03-11,5.784791946411133,6.119999885559082,6.130000114440918,6.010000228881836,6.119999885559082,1153200
2014-03-12,5.784791946411133,6.119999885559082,6.130000114440918,6.039999961853027,6.110000133514404,901900
2014-03-13,5.718626976013184,6.050000190734863,6.170000076293945,6.03000020980835,6.150000095367432,869400
2014-03-14,5.784791946411133,6.119999885559082,6.170000076293945,6.050000190734863,6.050000190734863,965100
2014-03-17,5.841505527496338,6.179999828338623,6.260000228881836,6.170000076293945,6.190000057220459,1087700
2014-03-18,6.077812194824219,6.429999828338623,6.440000057220459,6.210000038146973,6.210000038146973,1255700
2014-03-19,6.087265491485596,6.440000057220459,6.519999980926514,6.400000095367432,6.460000038146973,1032300
2014-03-20,6.12507438659668,6.480000019073486,6.510000228881836,6.429999828338623,6.449999809265137,1179000
2014-03-21,6.134525775909424,6.489999771118164,6.599999904632568,6.480000019073486,6.559999942779541,1526700
2014-03-24,6.068360805511475,6.420000076293945,6.53000020980835,6.340000152587891,6.5,1214600
2014-03-25,6.181787967681885,6.539999961853027,6.590000152587891,6.429999828338623,6.429999828338623,946000
2014-03-26,6.134525775909424,6.489999771118164,6.610000133514404,6.489999771118164,6.599999904632568,1323500
2014-03-27,6.1628828048706055,6.519999980926514,6.570000171661377,6.480000019073486,6.5,879300
2014-03-28,6.276311874389648,6.639999866485596,6.730000019073486,6.559999942779541,6.570000171661377,1403800
2014-03-31,6.4842610359191895,6.860000133514404,6.880000114440918,6.570000171661377,6.570000171661377,1662700
2014-04-01,6.730019092559815,7.119999885559082,7.150000095367432,6.880000114440918,6.920000076293945,1729800
2014-04-02,6.786733150482178,7.179999828338623,7.25,7.079999923706055,7.150000095367432,1313600
2014-04-03,6.805636882781982,7.199999809265137,7.329999923706055,7.099999904632568,7.21999979019165,2185500
2014-04-04,6.720566749572754,7.110000133514404,7.360000133514404,7.019999980926514,7.210000038146973,1621800
2014-04-07,6.730019092559815,7.119999885559082,7.190000057220459,7.019999980926514,7.059999942779541,1673800
2014-04-08,6.833994388580322,7.230000019073486,7.300000190734863,7.119999885559082,7.119999885559082,1659800
2014-04-09,6.937970161437988,7.340000152587891,7.349999904632568,7.170000076293945,7.28000020980835,1067900
2014-04-10,6.767829418182373,7.159999847412109,7.489999771118164,7.139999866485596,7.369999885559082,2503500
2014-04-11,6.569331169128418,6.949999809265137,7.159999847412109,6.840000152587891,7.090000152587891,1583300
2014-04-14,6.531521797180176,6.909999847412109,7.0,6.829999923706055,6.989999771118164,1469500
2014-04-15,6.503164768218994,6.880000114440918,7.0,6.699999809265137,6.929999828338623,1656500
2014-04-16,6.559878826141357,6.940000057220459,6.960000038146973,6.769999980926514,6.960000038146973,1278900
2014-04-17,6.635496616363525,7.019999980926514,7.099999904632568,6.920000076293945,6.920000076293945,968900
2014-04-21,6.644949436187744,7.03000020980835,7.110000133514404,6.949999809265137,7.059999942779541,781600
2014-04-22,6.975779533386231,7.380000114440918,7.400000095367432,7.019999980926514,7.019999980926514,1538400
2014-04-23,7.032492637634277,7.440000057220459,7.449999809265137,7.329999923706055,7.369999885559082,1127400
2014-04-24,7.070301532745361,7.480000019073486,7.5,7.340000152587891,7.489999771118164,894000
2014-04-25,6.767829418182373,7.159999847412109,7.480000019073486,7.099999904632568,7.46999979019165,1303700
2014-04-28,6.682758331298828,7.070000171661377,7.300000190734863,7.0,7.159999847412109,1923400
2014-04-29,7.372775077819824,7.800000190734863,7.900000095367432,7.440000057220459,7.559999942779541,5788500
2014-04-30,7.5145583152771,7.949999809265137,7.949999809265137,7.699999809265137,7.809999942779541,2672300
2014-05-01,7.66579532623291,8.109999656677246,8.210000038146973,7.929999828338623,7.929999828338623,1974400
2014-05-02,8.01552677154541,8.479999542236328,8.739999771118164,8.050000190734863,8.109999656677246,4266400
2014-05-05,8.110051155090332,8.579999923706055,8.739999771118164,8.399999618530273,8.739999771118164,2851000
2014-05-06,8.110051155090332,8.579999923706055,8.8100004196167,8.5,8.569999694824219,3234100
2014-05-07,8.166765213012695,8.640000343322754,8.670000076293945,8.239999771118164,8.5600004196167,3051200
2014-05-08,8.355812072753906,8.84000015258789,8.960000038146973,8.550000190734863,8.65999984741211,2180000
2014-05-09,8.38416862487793,8.869999885559082,8.930000305175781,8.699999809265137,8.800000190734863,1432900
2014-05-12,8.677186965942383,9.18000030517578,9.199999809265137,8.850000381469727,8.859999656677246,2310100
2014-05-13,8.667736053466797,9.170000076293944,9.260000228881836,9.130000114440918,9.170000076293944,1866500
2014-05-14,8.629928588867188,9.130000114440918,9.300000190734863,9.010000228881836,9.140000343322754,2001200
2014-05-15,8.714996337890625,9.220000267028809,9.239999771118164,8.920000076293945,9.109999656677246,3254900
2014-05-16,8.856781005859375,9.369999885559082,9.40999984741211,9.09000015258789,9.260000228881836,2444500
2014-05-19,8.970209121704102,9.489999771118164,9.5,9.31999969482422,9.380000114440918,1648700
2014-05-20,8.83787727355957,9.350000381469728,9.529999732971191,9.350000381469728,9.449999809265137,2053100
2014-05-21,8.885140419006348,9.399999618530272,9.510000228881836,9.25,9.399999618530272,1617500
2014-05-22,8.913496017456055,9.43000030517578,9.460000038146973,9.350000381469728,9.399999618530272,1016800
2014-05-23,9.008016586303713,9.529999732971191,9.56999969482422,9.260000228881836,9.460000038146973,2024500
2014-05-27,9.35775089263916,9.899999618530272,9.9399995803833,9.600000381469728,9.619999885559082,2125500
2014-05-28,9.40501308441162,9.949999809265137,10.0600004196167,9.850000381469728,9.899999618530272,1969600
2014-05-29,9.565702438354492,10.119999885559082,10.170000076293944,9.979999542236328,10.029999732971191,1498200
2014-05-30,9.556249618530272,10.109999656677246,10.199999809265137,10.010000228881836,10.119999885559082,2036100
2014-06-02,9.754748344421388,10.31999969482422,10.31999969482422,10.050000190734863,10.18000030517578,1966900
2014-06-03,10.028863906860352,10.609999656677246,10.619999885559082,10.239999771118164,10.300000190734863,2409300
2014-06-04,10.217907905578612,10.8100004196167,10.8100004196167,10.529999732971191,10.609999656677246,2108300
2014-06-05,10.435312271118164,11.039999961853027,11.06999969482422,10.699999809265137,10.869999885559082,2281100
2014-06-06,10.161192893981934,10.75,11.270000457763672,10.630000114440918,11.06999969482422,4643600
2014-06-09,10.681071281433104,11.300000190734863,11.34000015258789,10.630000114440918,10.699999809265137,4702300
2014-06-10,10.737785339355469,11.359999656677246,11.43000030517578,11.020000457763672,11.210000038146973,3023000
2014-06-11,10.983543395996094,11.619999885559082,11.65999984741211,11.18000030517578,11.300000190734863,2836600
2014-06-12,11.04025650024414,11.68000030517578,11.8100004196167,11.5,11.600000381469728,3162200
2014-06-13,11.059161186218262,11.699999809265137,11.850000381469728,11.510000228881836,11.75,2741900
2014-06-16,11.210396766662598,11.859999656677246,11.859999656677246,11.619999885559082,11.649999618530272,3097500
2014-06-17,11.541227340698242,12.210000038146973,12.229999542236328,11.850000381469728,11.859999656677246,2890500
2014-06-18,11.512869834899902,12.18000030517578,12.270000457763672,11.920000076293944,12.210000038146973,2559800
2014-06-19,11.02135181427002,11.65999984741211,12.25,11.579999923706056,12.15999984741211,4271600
2014-06-20,10.25571632385254,10.850000381469728,11.600000381469728,10.710000038146973,11.600000381469728,9221800
2014-06-23,10.50147533416748,11.109999656677246,11.199999809265137,10.630000114440918,10.649999618530272,3372300
2014-06-24,10.397502899169922,11.0,11.34000015258789,10.93000030517578,11.109999656677246,2605200
2014-06-25,10.5109281539917,11.119999885559082,11.170000076293944,10.84000015258789,10.9399995803833,1654000
2014-06-26,10.406954765319824,11.010000228881836,11.210000038146973,10.869999885559082,11.18000030517578,1400600
2014-06-27,10.284074783325195,10.880000114440918,11.15999984741211,10.850000381469728,10.949999809265137,4065400
2014-06-30,10.567644119262695,11.18000030517578,11.229999542236328,10.8100004196167,10.8100004196167,2086900
2014-07-01,10.397502899169922,11.0,11.380000114440918,10.93000030517578,11.1899995803833,2280000
2014-07-02,10.5109281539917,11.119999885559082,11.1899995803833,11.0,11.0,1280000
2014-07-03,10.558192253112791,11.170000076293944,11.34000015258789,11.109999656677246,11.15999984741211,804000
2014-07-07,10.53928565979004,11.149999618530272,11.350000381469728,11.140000343322754,11.18000030517578,1614600
2014-07-08,10.302979469299316,10.899999618530272,11.140000343322754,10.59000015258789,11.130000114440918,2740300
2014-07-09,10.558192253112791,11.170000076293944,11.170000076293944,10.920000076293944,10.9399995803833,2158800
2014-07-10,10.52038288116455,11.130000114440918,11.289999961853027,10.829999923706056,10.890000343322754,1586100
2014-07-11,10.50147533416748,11.109999656677246,11.239999771118164,11.020000457763672,11.130000114440918,951000
2014-07-14,10.81340217590332,11.4399995803833,11.649999618530272,11.25,11.260000228881836,1975200
2014-07-15,10.54873752593994,11.15999984741211,11.640000343322754,11.140000343322754,11.5,1519000
2014-07-16,10.36914348602295,10.970000267028809,11.149999618530272,10.880000114440918,11.119999885559082,2360600
2014-07-17,10.161192893981934,10.75,11.029999732971191,10.6899995803833,10.869999885559082,1488100
2014-07-18,10.217907905578612,10.8100004196167,10.869999885559082,10.619999885559082,10.779999732971191,1913600
2014-07-21,10.236814498901367,10.829999923706056,10.890000343322754,10.529999732971191,10.779999732971191,1481800
2014-07-22,10.208457946777344,10.800000190734863,10.93000030517578,10.75,10.880000114440918,1151300
2014-07-23,9.783105850219728,10.350000381469728,10.800000190734863,10.289999961853027,10.800000190734863,1946300
2014-07-24,9.64132022857666,10.199999809265137,10.460000038146973,10.18000030517578,10.390000343322754,1447200
2014-07-25,9.253777503967283,9.789999961853027,10.18000030517578,9.779999732971191,10.130000114440918,2558400
2014-07-28,9.263229370117188,9.800000190734863,9.800000190734863,9.600000381469728,9.789999961853027,3220000
2014-07-29,8.913496017456055,9.43000030517578,10.34000015258789,9.420000076293944,10.0,3596700
2014-07-30,9.036375045776367,9.5600004196167,9.5600004196167,9.369999885559082,9.489999771118164,1838200
2014-07-31,8.365262985229492,8.850000381469727,9.470000267028809,8.850000381469727,9.399999618530272,2453200
2014-08-01,8.573214530944824,9.06999969482422,9.140000343322754,8.800000190734863,8.800000190734863,1699500
2014-08-04,8.573214530944824,9.06999969482422,9.140000343322754,8.9399995803833,9.09000015258789,1567600
2014-08-05,8.365262985229492,8.850000381469727,9.149999618530272,8.819999694824219,8.989999771118164,1297300
2014-08-06,8.601569175720215,9.100000381469728,9.170000076293944,8.729999542236328,8.829999923706055,1515100
2014-08-07,8.204574584960938,8.680000305175781,9.199999809265137,8.680000305175781,9.15999984741211,1292500
2014-08-08,8.450331687927246,8.9399995803833,8.949999809265137,8.600000381469727,8.680000305175781,1512500
2014-08-11,8.677186965942383,9.18000030517578,9.229999542236328,8.920000076293945,8.949999809265137,1495200
2014-08-12,8.629928588867188,9.130000114440918,9.270000457763672,9.050000190734863,9.149999618530272,1459900
2014-08-13,8.809517860412598,9.31999969482422,9.40999984741211,9.149999618530272,9.149999618530272,916500
2014-08-14,8.809517860412598,9.31999969482422,9.56999969482422,9.270000457763672,9.3100004196167,858000
2014-08-15,8.856781005859375,9.369999885559082,9.5600004196167,9.229999542236328,9.40999984741211,979700
2014-08-18,9.111993789672852,9.640000343322754,9.640000343322754,9.350000381469728,9.43000030517578,847200
2014-08-19,9.159255027770996,9.6899995803833,9.770000457763672,9.65999984741211,9.670000076293944,820200
2014-08-20,9.329395294189451,9.869999885559082,9.9399995803833,9.65999984741211,9.670000076293944,1070900
2014-08-21,9.414464950561523,9.960000038146973,10.029999732971191,9.850000381469728,9.90999984741211,1152100
2014-08-22,9.546799659729004,10.100000381469728,10.140000343322754,9.800000190734863,9.960000038146973,1060700
2014-08-25,9.58460807800293,10.140000343322754,10.229999542236328,10.079999923706056,10.140000343322754,1267100
2014-08-26,9.830365180969238,10.399999618530272,10.470000267028809,10.149999618530272,10.199999809265137,1664200
2014-08-27,9.764202117919922,10.329999923706056,10.449999809265137,10.300000190734863,10.43000030517578,781800
2014-08-28,9.688581466674805,10.25,10.329999923706056,10.18000030517578,10.300000190734863,874600
2014-08-29,9.830365180969238,10.399999618530272,10.420000076293944,10.25,10.31999969482422,859100
2014-09-02,10.038314819335938,10.619999885559082,10.630000114440918,10.31999969482422,10.40999984741211,1205300
2014-09-03,9.688581466674805,10.25,10.710000038146973,10.18000030517578,10.65999984741211,1529600
2014-09-04,9.37665557861328,9.920000076293944,10.43000030517578,9.880000114440918,10.25,1718800
2014-09-05,9.58460807800293,10.140000343322754,10.15999984741211,9.859999656677246,9.880000114440918,1205300
2014-09-08,9.58460807800293,10.140000343322754,10.210000038146973,10.0600004196167,10.100000381469728,1292200
2014-09-09,9.263229370117188,9.800000190734863,10.109999656677246,9.760000228881836,10.109999656677246,1233900
2014-09-10,8.98911190032959,9.510000228881836,9.789999961853027,9.329999923706056,9.760000228881836,1632000
2014-09-11,9.168705940246582,9.699999809265137,9.710000038146973,9.390000343322754,9.40999984741211,1182700
2014-09-12,8.904044151306152,9.420000076293944,9.729999542236328,9.399999618530272,9.65999984741211,1094100
2014-09-15,8.658283233642578,9.15999984741211,9.390000343322754,9.119999885559082,9.380000114440918,975100
2014-09-16,8.885140419006348,9.399999618530272,9.399999618530272,8.970000267028809,9.119999885559082,1290800
2014-09-17,8.686636924743652,9.1899995803833,9.56999969482422,9.140000343322754,9.369999885559082,1716500
2014-09-18,8.885140419006348,9.399999618530272,9.489999771118164,9.170000076293944,9.220000267028809,1277500
2014-09-19,8.76225757598877,9.270000457763672,9.59000015258789,9.270000457763672,9.43000030517578,1999300
2014-09-22,8.563761711120605,9.0600004196167,9.369999885559082,9.029999732971191,9.199999809265137,1328300
2014-09-23,8.450331687927246,8.9399995803833,9.289999961853027,8.930000305175781,9.170000076293944,1573000
2014-09-24,8.563761711120605,9.0600004196167,9.100000381469728,8.84000015258789,8.979999542236328,968300
2014-09-25,8.289644241333008,8.770000457763672,9.039999961853027,8.710000038146973,9.039999961853027,1094900
2014-09-26,8.535405158996582,9.029999732971191,9.119999885559082,8.8100004196167,8.829999923706055,1170100
2014-09-29,8.412524223327637,8.899999618530273,9.06999969482422,8.880000114440918,8.890000343322754,1200200
2014-09-30,7.949362277984619,8.40999984741211,8.979999542236328,8.399999618530273,8.90999984741211,2277500
2014-10-01,7.8075785636901855,8.260000228881836,8.510000228881836,8.229999542236328,8.40999984741211,2136800
2014-10-02,7.911553382873535,8.369999885559082,8.430000305175781,8.119999885559082,8.239999771118164,1431800
2014-10-03,8.138408660888672,8.609999656677246,8.670000076293945,8.260000228881836,8.479999542236328,1077400
2014-10-06,7.977721214294434,8.4399995803833,8.6899995803833,8.420000076293945,8.670000076293945,1126700
2014-10-07,7.8926472663879395,8.350000381469727,8.59000015258789,8.300000190734863,8.380000114440918,1584700
2014-10-08,8.053339958190918,8.520000457763672,8.550000190734863,8.0600004196167,8.329999923706055,1712300
2014-10-09,7.731961250305176,8.180000305175781,8.489999771118164,8.180000305175781,8.460000038146973,1569300
2014-10-10,6.786733150482178,7.179999828338623,8.199999809265137,7.179999828338623,8.170000076293945,2336100
2014-10-13,6.380285739898682,6.75,7.179999828338623,6.659999847412109,7.150000095367432,2496500
2014-10-14,6.2195963859558105,6.579999923706055,7.0,6.550000190734863,6.829999923706055,3658200
2014-10-15,6.399189472198486,6.769999980926514,6.820000171661377,6.289999961853027,6.46999979019165,3643200
2014-10-16,6.578783512115479,6.960000038146973,7.03000020980835,6.510000228881836,6.53000020980835,2858400
2014-10-17,6.465356349945068,6.840000152587891,7.260000228881836,6.789999961853027,7.110000133514404,2103100
2014-10-20,6.6165924072265625,7.0,7.170000076293945,6.739999771118164,6.769999980926514,2795100
2014-10-21,6.994684219360352,7.400000095367432,7.400000095367432,7.050000190734863,7.099999904632568,1807100
2014-10-22,6.833994388580322,7.230000019073486,7.510000228881836,7.230000019073486,7.440000057220459,1362500
2014-10-23,7.136467456817627,7.550000190734863,7.650000095367432,7.369999885559082,7.369999885559082,1243100
2014-10-24,7.145919322967529,7.559999942779541,7.710000038146973,7.429999828338623,7.53000020980835,967200
2014-10-27,7.0797529220581055,7.489999771118164,7.599999904632568,7.320000171661377,7.559999942779541,1248600
2014-10-28,5.98328971862793,6.329999923706055,6.550000190734863,6.099999904632568,6.199999809265137,8974700
2014-10-29,5.775339603424072,6.110000133514404,6.46999979019165,6.079999923706055,6.320000171661377,3051600
2014-10-30,5.643007278442383,5.96999979019165,6.159999847412109,5.769999980926514,6.099999904632568,4165400
2014-10-31,6.408642292022705,6.78000020980835,6.78000020980835,6.139999866485596,6.179999828338623,3497900
2014-11-03,6.172335147857666,6.53000020980835,6.900000095367432,6.510000228881836,6.760000228881836,1782200
2014-11-04,5.973837852478027,6.320000171661377,6.539999961853027,6.159999847412109,6.489999771118164,2433100
2014-11-05,6.106168270111084,6.460000038146973,6.519999980926514,6.260000228881836,6.369999885559082,1834500
2014-11-06,6.172335147857666,6.53000020980835,6.559999942779541,6.369999885559082,6.420000076293945,927400
2014-11-07,6.040002822875977,6.389999866485596,6.53000020980835,6.340000152587891,6.480000019073486,1590300
2014-11-10,6.002193450927734,6.349999904632568,6.510000228881836,6.300000190734863,6.420000076293945,1075700
2014-11-11,6.1628828048706055,6.519999980926514,6.539999961853027,6.309999942779541,6.349999904632568,970400
2014-11-12,6.087265491485596,6.440000057220459,6.539999961853027,6.320000171661377,6.46999979019165,935700
2014-11-13,6.040002822875977,6.389999866485596,6.570000171661377,6.360000133514404,6.46999979019165,1246400
2014-11-14,6.040002822875977,6.389999866485596,6.460000038146973,6.210000038146973,6.360000133514404,1604900
2014-11-17,6.370832443237305,6.739999771118164,6.869999885559082,6.46999979019165,6.46999979019165,2072600
2014-11-18,6.682758331298828,7.070000171661377,7.179999828338623,6.78000020980835,6.789999961853027,1792900
2014-11-19,6.550426959991455,6.929999828338623,7.119999885559082,6.900000095367432,7.079999923706055,1734900
2014-11-20,6.399189472198486,6.769999980926514,7.019999980926514,6.630000114440918,6.869999885559082,2037100
2014-11-21,6.436997413635254,6.809999942779541,6.949999809265137,6.699999809265137,6.900000095367432,1004800
2014-11-24,6.4464521408081055,6.820000171661377,7.0,6.730000019073486,6.829999923706055,1529700
2014-11-25,6.588236331939697,6.96999979019165,7.0,6.760000228881836,7.0,1240800
2014-11-26,6.635496616363525,7.019999980926514,7.110000133514404,6.909999847412109,6.989999771118164,1298000
2014-11-28,6.323571681976318,6.690000057220459,7.019999980926514,6.679999828338623,7.019999980926514,1127200
2014-12-01,6.172335147857666,6.53000020980835,6.989999771118164,6.380000114440918,6.630000114440918,1690400
2014-12-02,5.99274206161499,6.340000152587891,6.570000171661377,6.320000171661377,6.519999980926514,1760700
2014-12-03,6.285762310028076,6.650000095367432,6.670000076293945,6.360000133514404,6.369999885559082,1319600
2014-12-04,6.465356349945068,6.840000152587891,6.940000057220459,6.409999847412109,6.619999885559082,2777800
2014-12-05,6.559878826141357,6.940000057220459,7.0,6.800000190734863,6.860000133514404,1419500
2014-12-08,6.257406234741211,6.619999885559082,6.96999979019165,6.550000190734863,6.860000133514404,1584100
2014-12-09,6.238500595092773,6.599999904632568,6.610000133514404,6.320000171661377,6.489999771118164,2442800
2014-12-10,6.030551433563232,6.380000114440918,6.670000076293945,6.269999980926514,6.550000190734863,1691300
2014-12-11,6.096717357635498,6.449999809265137,6.650000095367432,6.409999847412109,6.460000038146973,1183400
2014-12-12,5.964385509490967,6.309999942779541,6.429999828338623,6.269999980926514,6.349999904632568,914000
2014-12-15,5.917123794555664,6.260000228881836,6.489999771118164,6.199999809265137,6.380000114440918,1334700
2014-12-16,5.98328971862793,6.329999923706055,6.53000020980835,6.199999809265137,6.230000019073486,1400300
2014-12-17,6.238500595092773,6.599999904632568,6.699999809265137,6.239999771118164,6.320000171661377,1316000
2014-12-18,6.351927280426025,6.71999979019165,6.900000095367432,6.590000152587891,6.730000019073486,1208900
2014-12-19,6.559878826141357,6.940000057220459,7.039999961853027,6.619999885559082,6.730000019073486,2160300
2014-12-22,6.4464521408081055,6.820000171661377,6.96999979019165,6.710000038146973,6.940000057220459,979100
2014-12-23,6.569331169128418,6.949999809265137,7.03000020980835,6.849999904632568,6.849999904632568,836600
2014-12-24,6.767829418182373,7.159999847412109,7.230000019073486,6.889999866485596,6.980000019073486,511300
2014-12-26,6.796185493469238,7.190000057220459,7.349999904632568,7.150000095367432,7.190000057220459,789500
2014-12-29,6.711115837097168,7.099999904632568,7.25,7.019999980926514,7.190000057220459,946300
2014-12-30,6.748924255371094,7.139999866485596,7.170000076293945,7.059999942779541,7.070000171661377,552100
2014-12-31,6.711115837097168,7.099999904632568,7.360000133514404,7.079999923706055,7.150000095367432,1083100
2015-01-02,6.730019092559815,7.119999885559082,7.230000019073486,6.909999847412109,7.170000076293945,710200
2015-01-05,6.3613810539245605,6.730000019073486,7.110000133514404,6.699999809265137,6.809999942779541,1005000
2015-01-06,6.115621566772461,6.46999979019165,6.760000228881836,6.380000114440918,6.71999979019165,1239300
2015-01-07,6.153430938720703,6.510000228881836,6.590000152587891,6.380000114440918,6.53000020980835,687400
2015-01-08,6.304667472839356,6.670000076293945,6.769999980926514,6.510000228881836,6.550000190734863,957300
2015-01-09,6.285762310028076,6.650000095367432,6.71999979019165,6.53000020980835,6.670000076293945,542400
2015-01-12,6.12507438659668,6.480000019073486,6.659999847412109,6.380000114440918,6.630000114440918,746100
2015-01-13,6.068360805511475,6.420000076293945,6.639999866485596,6.360000133514404,6.510000228881836,979300
2015-01-14,6.077812194824219,6.429999828338623,6.480000019073486,6.329999923706055,6.329999923706055,1208800
2015-01-15,6.12507438659668,6.480000019073486,6.559999942779541,6.369999885559082,6.5,938000
2015-01-16,6.295215129852295,6.659999847412109,6.71999979019165,6.400000095367432,6.449999809265137,981600
2015-01-20,6.276311874389648,6.639999866485596,6.75,6.590000152587891,6.710000038146973,1136600
2015-01-21,6.408642292022705,6.78000020980835,6.820000171661377,6.570000171661377,6.599999904632568,914900
2015-01-22,6.399189472198486,6.769999980926514,6.849999904632568,6.460000038146973,6.820000171661377,1629200
2015-01-23,6.389738082885742,6.760000228881836,6.860000133514404,6.710000038146973,6.78000020980835,367800
2015-01-26,6.559878826141357,6.940000057220459,6.949999809265137,6.630000114440918,6.75,603600
2015-01-27,6.3613810539245605,6.730000019073486,6.900000095367432,6.539999961853027,6.820000171661377,1488100
2015-01-28,6.304667472839356,6.670000076293945,6.809999942779541,6.650000095367432,6.809999942779541,842900
2015-01-29,6.238500595092773,6.599999904632568,6.78000020980835,6.300000190734863,6.659999847412109,1642400
2015-01-30,6.002193450927734,6.349999904632568,6.639999866485596,6.329999923706055,6.539999961853027,1110100
2015-02-02,6.1628828048706055,6.519999980926514,6.559999942779541,6.260000228881836,6.349999904632568,1015200
2015-02-03,6.389738082885742,6.760000228881836,6.849999904632568,6.570000171661377,6.570000171661377,863000
2015-02-04,6.380285739898682,6.75,6.849999904632568,6.679999828338623,6.710000038146973,1009300
2015-02-05,6.692209243774414,7.079999923706055,7.130000114440918,6.690000057220459,6.800000190734863,1377100
2015-02-06,6.711115837097168,7.099999904632568,7.260000228881836,6.96999979019165,7.119999885559082,1100400
2015-02-09,6.663854598999023,7.050000190734863,7.139999866485596,7.0,7.079999923706055,1425100
2015-02-10,8.318000793457031,8.800000190734863,8.869999885559082,7.900000095367432,8.390000343322754,7019300
2015-02-11,8.214025497436523,8.6899995803833,8.920000076293945,8.279999732971191,8.800000190734863,2996600
2015-02-12,8.431427955627441,8.920000076293945,8.949999809265137,8.670000076293945,8.760000228881836,1869000
2015-02-13,8.412524223327637,8.899999618530273,9.119999885559082,8.859999656677246,8.930000305175781,1569800
2015-02-17,8.790616035461426,9.300000190734863,9.43000030517578,8.84000015258789,9.010000228881836,2620800
2015-02-18,8.52595329284668,9.020000457763672,9.31999969482422,8.899999618530273,9.279999732971191,1878300
2015-02-19,8.639381408691406,9.140000343322754,9.270000457763672,8.899999618530273,8.949999809265137,1054900
2015-02-20,8.658283233642578,9.15999984741211,9.199999809265137,9.0,9.15999984741211,1032500
2015-02-23,8.686636924743652,9.1899995803833,9.270000457763672,9.020000457763672,9.1899995803833,1143800
2015-02-24,8.904044151306152,9.420000076293944,9.43000030517578,9.119999885559082,9.15999984741211,1035000
2015-02-25,8.733901977539062,9.239999771118164,9.43000030517578,9.170000076293944,9.399999618530272,967900
2015-02-26,8.771711349487305,9.279999732971191,9.369999885559082,9.170000076293944,9.229999542236328,660000
2015-02-27,9.197061538696287,9.729999542236328,9.75,9.119999885559082,9.279999732971191,2107700
2015-03-02,9.36720371246338,9.90999984741211,10.010000228881836,9.670000076293944,9.760000228881836,2366200
2015-03-03,9.282133102416992,9.81999969482422,10.130000114440918,9.770000457763672,9.899999618530272,1823400
2015-03-04,9.140350341796877,9.670000076293944,9.800000190734863,9.579999923706056,9.789999961853027,1081100
2015-03-05,9.310492515563965,9.850000381469728,9.93000030517578,9.619999885559082,9.720000267028809,1389300
2015-03-06,9.04582691192627,9.56999969482422,9.90999984741211,9.550000190734863,9.779999732971191,887900
2015-03-09,8.828425407409668,9.34000015258789,9.729999542236328,9.3100004196167,9.600000381469728,2044400
2015-03-10,8.771711349487305,9.279999732971191,9.34000015258789,9.0600004196167,9.210000038146973,1486700
2015-03-11,8.76225757598877,9.270000457763672,9.520000457763672,9.170000076293944,9.31999969482422,1454700
2015-03-12,8.724449157714844,9.229999542236328,9.31999969482422,9.130000114440918,9.18000030517578,888800
2015-03-13,8.677186965942383,9.18000030517578,9.390000343322754,9.010000228881836,9.260000228881836,1094300
2015-03-16,8.83787727355957,9.350000381469728,9.350000381469728,9.079999923706056,9.210000038146973,1084000
2015-03-17,8.724449157714844,9.229999542236328,9.260000228881836,9.039999961853027,9.260000228881836,873100
2015-03-18,8.639381408691406,9.140000343322754,9.229999542236328,8.90999984741211,9.15999984741211,1211300
2015-03-19,8.648832321166992,9.149999618530272,9.15999984741211,9.020000457763672,9.0600004196167,726200
2015-03-20,8.790616035461426,9.300000190734863,9.359999656677246,9.109999656677246,9.239999771118164,1169200
2015-03-23,8.705545425415039,9.210000038146973,9.390000343322754,9.119999885559082,9.300000190734863,1244400
2015-03-24,8.677186965942383,9.18000030517578,9.350000381469728,9.149999618530272,9.220000267028809,997200
2015-03-25,8.00607681274414,8.470000267028809,9.220000267028809,8.40999984741211,9.220000267028809,2242400
2015-03-26,7.968267917633057,8.430000305175781,8.470000267028809,8.140000343322754,8.380000114440918,1253000
2015-03-27,8.157313346862793,8.630000114440918,8.710000038146973,8.359999656677246,8.399999618530273,1263900
2015-03-30,8.403072357177734,8.890000343322754,8.979999542236328,8.649999618530273,8.739999771118164,2026400
2015-03-31,8.355812072753906,8.84000015258789,9.0,8.819999694824219,8.869999885559082,1244200
2015-04-01,8.251835823059082,8.729999542236328,8.869999885559082,8.569999694824219,8.84000015258789,1121500
2015-04-02,8.270739555358887,8.75,8.90999984741211,8.710000038146973,8.829999923706055,1105900
2015-04-06,8.157313346862793,8.630000114440918,8.760000228881836,8.600000381469727,8.720000267028809,891300
2015-04-07,7.987172603607178,8.449999809265137,8.65999984741211,8.4399995803833,8.609999656677246,1078800
2015-04-08,8.166765213012695,8.640000343322754,8.649999618530273,8.430000305175781,8.449999809265137,1032800
2015-04-09,8.176218032836914,8.649999618530273,8.729999542236328,8.510000228881836,8.640000343322754,1237700
2015-04-10,8.308548927307129,8.789999961853027,8.899999618530273,8.710000038146973,8.710000038146973,694700
2015-04-13,8.308548927307129,8.789999961853027,9.079999923706056,8.779999732971191,9.0,1054200
2015-04-14,8.147858619689941,8.619999885559082,8.829999923706055,8.489999771118164,8.75,842300
2015-04-15,8.289644241333008,8.770000457763672,8.850000381469727,8.579999923706055,8.6899995803833,876000
2015-04-16,8.04388427734375,8.510000228881836,8.729999542236328,8.5,8.710000038146973,751000
2015-04-17,7.883195877075195,8.34000015258789,8.510000228881836,8.210000038146973,8.460000038146973,941400
2015-04-20,7.8926472663879395,8.350000381469727,8.4399995803833,8.3100004196167,8.399999618530273,769300
2015-04-21,7.845388412475586,8.300000190734863,8.4399995803833,8.270000457763672,8.420000076293945,1005700
2015-04-22,8.00607681274414,8.470000267028809,8.569999694824219,8.3100004196167,8.3100004196167,1309700
2015-04-23,8.062788963317871,8.529999732971191,8.65999984741211,8.25,8.399999618530273,1311100
2015-04-24,7.684699535369873,8.130000114440918,8.520000457763672,7.960000038146973,8.520000457763672,2034100
2015-04-27,7.505106449127197,7.940000057220459,8.25,7.800000190734863,8.130000114440918,2461700
2015-04-28,7.051396369934082,7.460000038146973,7.610000133514404,7.019999980926514,7.489999771118164,5393200
2015-04-29,6.720566749572754,7.110000133514404,7.400000095367432,7.050000190734863,7.389999866485596,2390900
2015-04-30,6.644949436187744,7.03000020980835,7.199999809265137,7.010000228881836,7.059999942779541,2207500
2015-05-01,6.767829418182373,7.159999847412109,7.21999979019165,7.070000171661377,7.070000171661377,1445500
2015-05-04,6.730019092559815,7.119999885559082,7.230000019073486,7.110000133514404,7.139999866485596,1251600
2015-05-05,6.436997413635254,6.809999942779541,7.119999885559082,6.659999847412109,7.059999942779541,2780800
2015-05-06,6.247954368591309,6.610000133514404,6.860000133514404,6.579999923706055,6.849999904632568,2828900
2015-05-07,6.550426959991455,6.929999828338623,6.960000038146973,6.570000171661377,6.599999904632568,1666900
2015-05-08,6.635496616363525,7.019999980926514,7.050000190734863,6.880000114440918,7.03000020980835,1399300
2015-05-11,6.588236331939697,6.96999979019165,7.059999942779541,6.909999847412109,7.039999961853027,1132300
2015-05-12,6.522068977355957,6.900000095367432,7.010000228881836,6.820000171661377,6.929999828338623,1008600
2015-05-13,6.578783512115479,6.960000038146973,7.050000190734863,6.909999847412109,6.920000076293945,1225400
2015-05-14,6.5976881980896,6.980000019073486,7.050000190734863,6.909999847412109,7.019999980926514,953900
2015-05-15,6.720566749572754,7.110000133514404,7.150000095367432,6.96999979019165,6.989999771118164,748900
2015-05-18,6.5976881980896,6.980000019073486,7.110000133514404,6.909999847412109,7.110000133514404,1090500
2015-05-19,6.493711948394775,6.869999885559082,7.03000020980835,6.840000152587891,7.0,868200
2015-05-20,6.455903053283691,6.829999923706055,6.949999809265137,6.809999942779541,6.920000076293945,776400
2015-05-21,6.389738082885742,6.760000228881836,6.840000152587891,6.710000038146973,6.800000190734863,751500
2015-05-22,6.427546501159668,6.800000190734863,6.829999923706055,6.75,6.75,882500
2015-05-26,6.285762310028076,6.650000095367432,6.789999961853027,6.570000171661377,6.75,1018600
2015-05-27,6.550426959991455,6.929999828338623,6.980000019073486,6.670000076293945,6.679999828338623,1303400
2015-05-28,6.673305511474609,7.059999942779541,7.070000171661377,6.909999847412109,6.929999828338623,1143100
2015-05-29,6.389738082885742,6.760000228881836,7.070000171661377,6.75,7.059999942779541,2175800
2015-06-01,6.474808216094971,6.849999904632568,6.889999866485596,6.739999771118164,6.820000171661377,1300200
2015-06-02,6.304667472839356,6.670000076293945,6.849999904632568,6.650000095367432,6.789999961853027,2176000
2015-06-03,6.285762310028076,6.650000095367432,6.78000020980835,6.579999923706055,6.730000019073486,1248300
2015-06-04,6.229048728942871,6.590000152587891,6.630000114440918,6.5,6.619999885559082,1059300
2015-06-05,6.276311874389648,6.639999866485596,6.639999866485596,6.510000228881836,6.590000152587891,770000
2015-06-08,6.040002822875977,6.389999866485596,6.639999866485596,6.380000114440918,6.610000133514404,1361600
2015-06-09,6.002193450927734,6.349999904632568,6.429999828338623,6.309999942779541,6.409999847412109,829300
2015-06-10,6.12507438659668,6.480000019073486,6.539999961853027,6.389999866485596,6.389999866485596,875600
2015-06-11,6.011647701263428,6.360000133514404,6.5,6.309999942779541,6.489999771118164,983100
2015-06-12,5.98328971862793,6.329999923706055,6.389999866485596,6.289999961853027,6.300000190734863,1244900
2015-06-15,5.98328971862793,6.329999923706055,6.349999904632568,6.170000076293945,6.28000020980835,869900
2015-06-16,6.040002822875977,6.389999866485596,6.389999866485596,6.28000020980835,6.289999961853027,624900
2015-06-17,5.973837852478027,6.320000171661377,6.5,6.309999942779541,6.380000114440918,882100
2015-06-18,6.058907985687256,6.409999847412109,6.429999828338623,6.289999961853027,6.349999904632568,884900
2015-06-19,5.98328971862793,6.329999923706055,6.429999828338623,6.300000190734863,6.420000076293945,1329300
2015-06-22,6.134525775909424,6.489999771118164,6.519999980926514,6.360000133514404,6.389999866485596,829200
2015-06-23,6.077812194824219,6.429999828338623,6.539999961853027,6.360000133514404,6.429999828338623,1274200
2015-06-24,6.021099090576172,6.369999885559082,6.46999979019165,6.369999885559082,6.389999866485596,651000
2015-06-25,6.040002822875977,6.389999866485596,6.420000076293945,6.349999904632568,6.409999847412109,703900
2015-06-26,5.80369758605957,6.139999866485596,6.429999828338623,6.119999885559082,6.369999885559082,3574500
2015-06-29,5.576842784881592,5.900000095367432,6.099999904632568,5.900000095367432,6.059999942779541,1186400
2015-06-30,5.652459621429443,5.980000019073486,6.03000020980835,5.889999866485596,6.0,1684000
2015-07-01,5.605198383331299,5.929999828338623,6.150000095367432,5.820000171661377,6.03000020980835,1707600
2015-07-02,5.52012825012207,5.840000152587891,5.989999771118164,5.840000152587891,5.920000076293945,976800
2015-07-06,5.321629524230957,5.630000114440918,5.829999923706055,5.570000171661377,5.769999980926514,1846700
2015-07-07,5.491771697998047,5.809999942779541,5.809999942779541,5.400000095367432,5.610000133514404,1761500
2015-07-08,5.52012825012207,5.840000152587891,5.869999885559082,5.599999904632568,5.739999771118164,1844300
2015-07-09,5.198751449584961,5.5,6.039999961853027,5.5,5.920000076293945,2253500
2015-07-10,5.340535640716553,5.650000095367432,5.75,5.579999923706055,5.579999923706055,1073500
2015-07-13,5.4161529541015625,5.730000019073486,5.78000020980835,5.619999885559082,5.739999771118164,1046700
2015-07-14,5.567389488220215,5.889999866485596,5.920000076293945,5.710000038146973,5.730000019073486,1501000
2015-07-15,5.340535640716553,5.650000095367432,5.889999866485596,5.630000114440918,5.869999885559082,1420400
2015-07-16,5.29327392578125,5.599999904632568,5.75,5.519999980926514,5.690000057220459,1208900
2015-07-17,5.160942077636719,5.460000038146973,5.630000114440918,5.429999828338623,5.570000171661377,1233500
2015-07-20,5.038062572479248,5.329999923706055,5.489999771118164,5.309999942779541,5.420000076293945,1311600
2015-07-21,5.075871467590332,5.369999885559082,5.510000228881836,5.320000171661377,5.360000133514404,913700
2015-07-22,4.905730247497559,5.190000057220459,5.360000133514404,5.090000152587891,5.360000133514404,1710500
2015-07-23,4.849018096923828,5.130000114440918,5.389999866485596,5.119999885559082,5.230000019073486,1469900
2015-07-24,4.763947010040283,5.039999961853027,5.25,5.0,5.090000152587891,1235000
2015-07-27,4.650518894195557,4.920000076293945,5.099999904632568,4.849999904632568,4.96999979019165,1685900
2015-07-28,3.9699554443359375,4.199999809265137,4.510000228881836,4.010000228881836,4.110000133514404,6635500
2015-07-29,4.026669979095459,4.260000228881836,4.349999904632568,4.099999904632568,4.139999866485596,2321700
2015-07-30,4.017216682434082,4.25,4.570000171661377,4.199999809265137,4.360000133514404,2460800
2015-07-31,4.168452739715576,4.409999847412109,4.46999979019165,4.28000020980835,4.309999942779541,1810600
2015-08-03,4.055025577545166,4.289999961853027,4.489999771118164,4.289999961853027,4.420000076293945,1659300
2015-08-04,3.9321460723876953,4.159999847412109,4.340000152587891,4.099999904632568,4.269999980926514,1215300
2015-08-05,3.913241624832153,4.139999866485596,4.329999923706055,4.130000114440918,4.159999847412109,1320400
2015-08-06,4.055025577545166,4.289999961853027,4.340000152587891,4.110000133514404,4.170000076293945,1612100
2015-08-07,3.979408025741577,4.210000038146973,4.309999942779541,4.079999923706055,4.21999979019165,1477000
2015-08-10,4.234618663787842,4.480000019073486,4.480000019073486,4.230000019073486,4.239999771118164,1385500
2015-08-11,4.055025577545166,4.289999961853027,4.460000038146973,4.289999961853027,4.409999847412109,2127800
2015-08-12,4.206262111663818,4.449999809265137,4.53000020980835,4.090000152587891,4.210000038146973,1894900
2015-08-13,4.187356948852539,4.429999828338623,4.539999961853027,4.360000133514404,4.400000095367432,1383500
2015-08-14,4.206262111663818,4.449999809265137,4.510000228881836,4.349999904632568,4.409999847412109,1456600
2015-08-17,4.234618663787842,4.480000019073486,4.570000171661377,4.389999866485596,4.409999847412109,1474700
2015-08-18,4.045573711395264,4.28000020980835,4.579999923706055,4.28000020980835,4.489999771118164,929500
2015-08-19,4.196810722351074,4.440000057220459,4.489999771118164,4.199999809265137,4.28000020980835,1623300
2015-08-20,3.979408025741577,4.210000038146973,4.420000076293945,4.199999809265137,4.369999885559082,1329600
2015-08-21,4.149548530578613,4.389999866485596,4.5,4.119999885559082,4.119999885559082,2765400
2015-08-24,4.499283790588379,4.760000228881836,4.900000095367432,4.110000133514404,4.130000114440918,4409300
2015-08-25,4.366950988769531,4.619999885559082,5.0,4.539999961853027,5.0,3372000
2015-08-26,4.366950988769531,4.619999885559082,4.71999979019165,4.480000019073486,4.699999809265137,2598100
2015-08-27,4.773399829864502,5.050000190734863,5.119999885559082,4.690000057220459,4.690000057220459,2136900
2015-08-28,4.792304039001465,5.070000171661377,5.179999828338623,4.96999979019165,5.039999961853027,2491600
2015-08-31,5.104228973388672,5.400000095367432,5.460000038146973,4.989999771118164,5.050000190734863,2846000
2015-09-01,4.782851219177246,5.059999942779541,5.369999885559082,5.010000228881836,5.25,2157600
2015-09-02,4.886825084686279,5.170000076293945,5.199999809265137,4.960000038146973,5.130000114440918,1504000
2015-09-03,5.113680839538574,5.409999847412109,5.489999771118164,5.150000095367432,5.150000095367432,1482700
2015-09-04,5.019157409667969,5.309999942779541,5.360000133514404,5.260000228881836,5.300000190734863,859300
2015-09-08,5.217656135559082,5.519999980926514,5.550000190734863,5.25,5.369999885559082,1387200
2015-09-09,5.075871467590332,5.369999885559082,5.619999885559082,5.349999904632568,5.489999771118164,1414500
2015-09-10,5.075871467590332,5.369999885559082,5.489999771118164,5.300000190734863,5.389999866485596,966600
2015-09-11,4.990800380706787,5.28000020980835,5.389999866485596,5.21999979019165,5.340000152587891,1194000
2015-09-14,5.000253200531006,5.289999961853027,5.369999885559082,5.199999809265137,5.28000020980835,681100
2015-09-15,5.019157409667969,5.309999942779541,5.349999904632568,5.130000114440918,5.179999828338623,1303600
2015-09-16,4.830112457275391,5.110000133514404,5.320000171661377,4.980000019073486,5.289999961853027,1720300
2015-09-17,4.792304039001465,5.070000171661377,5.190000057220459,4.980000019073486,5.110000133514404,1106500
2015-09-18,4.612711429595947,4.880000114440918,5.03000020980835,4.809999942779541,4.980000019073486,2946400
2015-09-21,4.527639389038086,4.789999961853027,4.949999809265137,4.760000228881836,4.909999847412109,1469300
2015-09-22,4.300784587860107,4.550000190734863,4.730000019073486,4.53000020980835,4.710000038146973,1395000
2015-09-23,4.121192932128906,4.360000133514404,4.570000171661377,4.349999904632568,4.550000190734863,1024500
2015-09-24,4.168452739715576,4.409999847412109,4.449999809265137,4.21999979019165,4.320000171661377,1610200
2015-09-25,4.159000396728516,4.400000095367432,4.519999980926514,4.340000152587891,4.480000019073486,955700
2015-09-28,3.9699554443359375,4.199999809265137,4.400000095367432,4.090000152587891,4.099999904632568,1700500
2015-09-29,4.055025577545166,4.289999961853027,4.380000114440918,4.150000095367432,4.239999771118164,1320000
2015-09-30,4.2440714836120605,4.489999771118164,4.519999980926514,4.300000190734863,4.349999904632568,1737600
2015-10-01,4.196810722351074,4.440000057220459,4.599999904632568,4.349999904632568,4.519999980926514,1370200
2015-10-02,4.329141616821289,4.579999923706055,4.590000152587891,4.360000133514404,4.389999866485596,1039700
2015-10-05,4.480378150939941,4.739999771118164,4.78000020980835,4.590000152587891,4.590000152587891,1198800
2015-10-06,4.593805313110352,4.860000133514404,4.900000095367432,4.670000076293945,4.75,1482000
2015-10-07,4.67887544631958,4.949999809265137,5.079999923706055,4.869999885559082,4.909999847412109,1016200
2015-10-08,4.735589504241943,5.010000228881836,5.03000020980835,4.869999885559082,4.920000076293945,1171200
2015-10-09,4.839565277099609,5.119999885559082,5.21999979019165,5.010000228881836,5.039999961853027,1500300
2015-10-12,4.641066551208496,4.909999847412109,5.150000095367432,4.900000095367432,5.139999866485596,1037600
2015-10-13,4.518187522888184,4.78000020980835,4.96999979019165,4.78000020980835,4.900000095367432,726100
2015-10-14,4.830112457275391,5.110000133514404,5.130000114440918,4.75,4.769999980926514,1075800
2015-10-15,5.047514915466309,5.340000152587891,5.400000095367432,5.099999904632568,5.110000133514404,1755600
2015-10-16,5.000253200531006,5.289999961853027,5.369999885559082,5.199999809265137,5.369999885559082,1057000
2015-10-19,4.9246344566345215,5.210000038146973,5.289999961853027,5.079999923706055,5.25,1684500
2015-10-20,5.038062572479248,5.329999923706055,5.400000095367432,5.170000076293945,5.170000076293945,1191600
2015-10-21,5.123132228851318,5.420000076293945,5.489999771118164,5.309999942779541,5.380000114440918,1035900
2015-10-22,5.246012210845947,5.550000190734863,5.579999923706055,5.449999809265137,5.5,1120100
2015-10-23,5.435058116912842,5.75,5.929999828338623,5.579999923706055,5.579999923706055,1360400
2015-10-26,5.340535640716553,5.650000095367432,5.78000020980835,5.570000171661377,5.71999979019165,1454300
2015-10-27,5.917123794555664,6.260000228881836,6.46999979019165,5.349999904632568,5.400000095367432,6116200
2015-10-28,6.058907985687256,6.409999847412109,6.5,6.21999979019165,6.289999961853027,1836400
2015-10-29,5.850957870483398,6.190000057220459,6.380000114440918,6.139999866485596,6.329999923706055,969000
2015-10-30,5.87931489944458,6.21999979019165,6.329999923706055,6.119999885559082,6.239999771118164,1231000
2015-11-02,5.98328971862793,6.329999923706055,6.449999809265137,6.079999923706055,6.230000019073486,1245100
2015-11-03,6.153430938720703,6.510000228881836,6.579999923706055,6.320000171661377,6.320000171661377,1288700
2015-11-04,6.115621566772461,6.46999979019165,6.630000114440918,6.28000020980835,6.550000190734863,1056100
2015-11-05,6.134525775909424,6.489999771118164,6.579999923706055,6.389999866485596,6.480000019073486,983600
2015-11-06,6.304667472839356,6.670000076293945,6.710000038146973,6.46999979019165,6.46999979019165,960400
2015-11-09,6.143979072570801,6.5,6.670000076293945,6.46999979019165,6.670000076293945,673700
2015-11-10,5.87931489944458,6.21999979019165,6.489999771118164,6.159999847412109,6.460000038146973,1072600
2015-11-11,5.888767719268799,6.230000019073486,6.329999923706055,6.210000038146973,6.21999979019165,466100
2015-11-12,5.756434917449951,6.090000152587891,6.230000019073486,6.059999942779541,6.150000095367432,496900
2015-11-13,5.87931489944458,6.21999979019165,6.440000057220459,6.019999980926514,6.039999961853027,923200
2015-11-16,6.002193450927734,6.349999904632568,6.349999904632568,6.130000114440918,6.269999980926514,733500
2015-11-17,5.699721336364746,6.03000020980835,6.309999942779541,6.0,6.289999961853027,1505200
2015-11-18,5.98328971862793,6.329999923706055,6.340000152587891,6.03000020980835,6.03000020980835,767200
2015-11-19,6.002193450927734,6.349999904632568,6.440000057220459,6.260000228881836,6.329999923706055,484200
2015-11-20,5.898220062255859,6.239999771118164,6.409999847412109,6.170000076293945,6.380000114440918,776900
2015-11-23,5.99274206161499,6.340000152587891,6.380000114440918,6.130000114440918,6.210000038146973,776000
2015-11-24,6.181787967681885,6.539999961853027,6.550000190734863,6.300000190734863,6.329999923706055,932400
2015-11-25,6.266858577728272,6.630000114440918,6.639999866485596,6.429999828338623,6.53000020980835,672400
2015-11-27,6.295215129852295,6.659999847412109,6.679999828338623,6.53000020980835,6.630000114440918,290900
2015-11-30,6.427546501159668,6.800000190734863,6.820000171661377,6.579999923706055,6.690000057220459,1061100
2015-12-01,6.493711948394775,6.869999885559082,6.920000076293945,6.699999809265137,6.769999980926514,1571200
2015-12-02,6.5409746170043945,6.920000076293945,7.010000228881836,6.309999942779541,6.820000171661377,1428000
2015-12-03,6.474808216094971,6.849999904632568,7.050000190734863,6.800000190734863,6.980000019073486,1222600
2015-12-04,6.550426959991455,6.929999828338623,6.980000019073486,6.75,6.849999904632568,892500
2015-12-07,6.3613810539245605,6.730000019073486,6.960000038146973,6.679999828338623,6.909999847412109,1093300
2015-12-08,6.266858577728272,6.630000114440918,6.75,6.5,6.630000114440918,905200
2015-12-09,6.058907985687256,6.409999847412109,6.679999828338623,6.340000152587891,6.639999866485596,858600
2015-12-10,6.087265491485596,6.440000057220459,6.539999961853027,6.369999885559082,6.389999866485596,603500
2015-12-11,5.860410213470459,6.199999809265137,6.449999809265137,6.179999828338623,6.320000171661377,954900
2015-12-14,5.6808180809021,6.010000228881836,6.28000020980835,5.980000019073486,6.28000020980835,944400
2015-12-15,5.869863033294678,6.210000038146973,6.239999771118164,6.019999980926514,6.059999942779541,812300
2015-12-16,6.087265491485596,6.440000057220459,6.46999979019165,6.239999771118164,6.269999980926514,869500
2015-12-17,5.9549336433410645,6.300000190734863,6.5,6.300000190734863,6.5,578000
2015-12-18,5.756434917449951,6.090000152587891,6.309999942779541,6.039999961853027,6.269999980926514,946300
2015-12-21,5.98328971862793,6.329999923706055,6.340000152587891,6.130000114440918,6.139999866485596,747900
2015-12-22,6.210144519805908,6.570000171661377,6.599999904632568,6.269999980926514,6.420000076293945,796600
2015-12-23,6.314119815826416,6.679999828338623,6.730000019073486,6.550000190734863,6.679999828338623,646100
2015-12-24,6.257406234741211,6.619999885559082,6.71999979019165,6.619999885559082,6.699999809265137,218500
2015-12-28,6.049455642700195,6.400000095367432,6.610000133514404,6.300000190734863,6.599999904632568,470000
2015-12-29,6.049455642700195,6.400000095367432,6.510000228881836,6.389999866485596,6.46999979019165,519500
2015-12-30,5.917123794555664,6.260000228881836,6.400000095367432,6.25,6.389999866485596,525900
2015-12-31,5.746983528137207,6.079999923706055,6.28000020980835,6.079999923706055,6.230000019073486,689500
2016-01-04,5.709172248840332,6.039999961853027,6.059999942779541,5.860000133514404,5.960000038146973,774200
2016-01-05,5.794244766235352,6.130000114440918,6.199999809265137,6.0,6.03000020980835,818900
2016-01-06,5.557938098907471,5.880000114440918,6.059999942779541,5.769999980926514,6.0,939500
2016-01-07,5.331082820892334,5.639999866485596,5.820000171661377,5.550000190734863,5.730000019073486,887600
2016-01-08,5.312178134918213,5.619999885559082,5.78000020980835,5.539999961853027,5.650000095367432,1137400
2016-01-11,5.349987506866455,5.659999847412109,5.75,5.599999904632568,5.679999828338623,806000
2016-01-12,5.349987506866455,5.659999847412109,5.840000152587891,5.510000228881836,5.730000019073486,701600
2016-01-13,5.340535640716553,5.650000095367432,5.809999942779541,5.559999942779541,5.699999809265137,1035200
2016-01-14,5.359440326690674,5.670000076293945,5.849999904632568,5.550000190734863,5.679999828338623,1051600
2016-01-15,5.25546407699585,5.559999942779541,5.570000171661377,5.420000076293945,5.480000019073486,1218600
2016-01-19,5.132585525512695,5.429999828338623,5.679999828338623,5.360000133514404,5.679999828338623,1428000
2016-01-20,5.227108955383301,5.53000020980835,5.570000171661377,5.150000095367432,5.349999904632568,1287200
2016-01-21,5.491771697998047,5.809999942779541,5.840000152587891,5.5,5.550000190734863,1221500
2016-01-22,5.737530708312988,6.070000171661377,6.079999923706055,5.869999885559082,5.940000057220459,1530700
2016-01-25,5.435058116912842,5.75,6.070000171661377,5.75,6.070000171661377,964700
2016-01-26,5.614650726318359,5.940000057220459,6.019999980926514,5.78000020980835,5.820000171661377,526100
2016-01-27,5.529580593109131,5.849999904632568,5.940000057220459,5.730000019073486,5.900000095367432,977900
2016-01-28,5.472866535186768,5.789999961853027,6.0,5.739999771118164,5.980000019073486,653500
2016-01-29,5.80369758605957,6.139999866485596,6.139999866485596,5.829999923706055,5.829999923706055,1178000
2016-02-01,5.605198383331299,5.929999828338623,6.110000133514404,5.800000190734863,6.110000133514404,1011600
2016-02-02,5.283822059631348,5.590000152587891,5.929999828338623,5.539999961853027,5.929999828338623,1108700
2016-02-03,5.302725791931152,5.610000133514404,5.730000019073486,5.349999904632568,5.650000095367432,1275500
2016-02-04,5.274368762969971,5.579999923706055,5.909999847412109,5.510000228881836,5.559999942779541,1022500
2016-02-05,5.066420078277588,5.360000133514404,5.639999866485596,5.349999904632568,5.510000228881836,1083800
2016-02-08,5.019157409667969,5.309999942779541,5.360000133514404,5.170000076293945,5.269999980926514,1566600
2016-02-09,4.952991485595703,5.239999771118164,5.429999828338623,5.179999828338623,5.230000019073486,737200
2016-02-10,4.962444305419922,5.25,5.489999771118164,5.210000038146973,5.269999980926514,665300
2016-02-11,4.905730247497559,5.190000057220459,5.289999961853027,5.03000020980835,5.190000057220459,990600
2016-02-12,3.9037892818450928,4.130000114440918,4.610000133514404,4.090000152587891,4.539999961853027,2994300
2016-02-16,4.121192932128906,4.360000133514404,4.5,4.099999904632568,4.199999809265137,1840400
2016-02-17,4.348045825958252,4.599999904632568,4.670000076293945,4.440000057220459,4.440000057220459,1746500
2016-02-18,4.3574981689453125,4.610000133514404,4.659999847412109,4.510000228881836,4.630000114440918,1323800
2016-02-19,4.2913312911987305,4.539999961853027,4.679999828338623,4.5,4.590000152587891,1191300
2016-02-22,4.688327789306641,4.960000038146973,4.980000019073486,4.599999904632568,4.630000114440918,1667800
2016-02-23,4.67887544631958,4.949999809265137,5.019999980926514,4.900000095367432,4.929999828338623,1422500
2016-02-24,4.707232475280762,4.980000019073486,5.0,4.679999828338623,4.900000095367432,790400
2016-02-25,4.773399829864502,5.050000190734863,5.099999904632568,4.949999809265137,4.949999809265137,741700
2016-02-26,4.839565277099609,5.119999885559082,5.21999979019165,5.099999904632568,5.099999904632568,896800
2016-02-29,4.782851219177246,5.059999942779541,5.28000020980835,5.059999942779541,5.150000095367432,1308400
2016-03-01,4.9246344566345215,5.210000038146973,5.269999980926514,5.079999923706055,5.099999904632568,814900
2016-03-02,5.085323810577393,5.380000114440918,5.380000114440918,5.159999847412109,5.159999847412109,1086600
2016-03-03,5.189298629760742,5.489999771118164,5.519999980926514,5.320000171661377,5.360000133514404,962100
2016-03-04,4.981348514556885,5.269999980926514,5.579999923706055,5.210000038146973,5.489999771118164,1148700
2016-03-07,4.981348514556885,5.269999980926514,5.300000190734863,5.159999847412109,5.21999979019165,1125900
2016-03-08,4.82066011428833,5.099999904632568,5.230000019073486,5.010000228881836,5.210000038146973,1392000
2016-03-09,4.839565277099609,5.119999885559082,5.179999828338623,4.880000114440918,5.139999866485596,1104100
2016-03-10,4.915182590484619,5.199999809265137,5.230000019073486,5.119999885559082,5.119999885559082,982900
2016-03-11,5.066420078277588,5.360000133514404,5.400000095367432,5.260000228881836,5.260000228881836,651900
2016-03-14,5.056965827941895,5.349999904632568,5.409999847412109,5.239999771118164,5.360000133514404,675800
2016-03-15,4.905730247497559,5.190000057220459,5.340000152587891,5.179999828338623,5.340000152587891,961900
2016-03-16,5.019157409667969,5.309999942779541,5.309999942779541,5.079999923706055,5.300000190734863,856600
2016-03-17,5.094776153564453,5.389999866485596,5.420000076293945,5.239999771118164,5.269999980926514,924200
2016-03-18,5.302725791931152,5.610000133514404,5.619999885559082,5.420000076293945,5.420000076293945,2217900
2016-03-21,5.40670108795166,5.71999979019165,5.809999942779541,5.599999904632568,5.650000095367432,1214100
2016-03-22,5.472866535186768,5.789999961853027,5.860000133514404,5.650000095367432,5.699999809265137,956900
2016-03-23,5.331082820892334,5.639999866485596,5.78000020980835,5.579999923706055,5.730000019073486,1434400
2016-03-24,5.321629524230957,5.630000114440918,5.699999809265137,5.46999979019165,5.619999885559082,791900
2016-03-28,5.2365593910217285,5.539999961853027,5.739999771118164,5.46999979019165,5.639999866485596,659200
2016-03-29,5.302725791931152,5.610000133514404,5.650000095367432,5.340000152587891,5.480000019073486,924900
2016-03-30,5.482318878173828,5.800000190734863,5.840000152587891,5.619999885559082,5.619999885559082,772800
2016-03-31,5.567389488220215,5.889999866485596,5.909999847412109,5.760000228881836,5.78000020980835,882400
2016-04-01,5.387795925140381,5.699999809265137,5.820000171661377,5.590000152587891,5.820000171661377,632700
2016-04-04,5.349987506866455,5.659999847412109,5.739999771118164,5.610000133514404,5.71999979019165,671900
2016-04-05,5.246012210845947,5.550000190734863,5.650000095367432,5.5,5.619999885559082,651900
2016-04-06,5.189298629760742,5.489999771118164,5.559999942779541,5.320000171661377,5.539999961853027,1100900
2016-04-07,5.151489734649658,5.449999809265137,5.46999979019165,5.369999885559082,5.429999828338623,1290700
2016-04-08,5.123132228851318,5.420000076293945,5.590000152587891,5.349999904632568,5.489999771118164,639600
2016-04-11,5.160942077636719,5.460000038146973,5.539999961853027,5.360000133514404,5.440000057220459,1637500
2016-04-12,5.113680839538574,5.409999847412109,5.489999771118164,5.329999923706055,5.449999809265137,751100
2016-04-13,5.349987506866455,5.659999847412109,5.679999828338623,5.420000076293945,5.460000038146973,1119600
2016-04-14,5.274368762969971,5.579999923706055,5.650000095367432,5.53000020980835,5.650000095367432,451000
2016-04-15,5.264915943145752,5.570000171661377,5.659999847412109,5.539999961853027,5.570000171661377,553200
2016-04-18,5.160942077636719,5.460000038146973,5.579999923706055,5.449999809265137,5.53000020980835,451200
2016-04-19,5.170395374298096,5.46999979019165,5.550000190734863,5.409999847412109,5.510000228881836,894100
2016-04-20,5.246012210845947,5.550000190734863,5.579999923706055,5.46999979019165,5.46999979019165,677000
2016-04-21,5.170395374298096,5.46999979019165,5.650000095367432,5.420000076293945,5.53000020980835,783900
2016-04-22,5.435058116912842,5.75,5.789999961853027,5.460000038146973,5.460000038146973,1060100
2016-04-25,5.387795925140381,5.699999809265137,5.929999828338623,5.679999828338623,5.769999980926514,881600
2016-04-26,5.463415622711182,5.78000020980835,5.809999942779541,5.659999847412109,5.730000019073486,712900
2016-04-27,5.52012825012207,5.840000152587891,5.949999809265137,5.699999809265137,5.800000190734863,1183100
2016-04-28,5.557938098907471,5.880000114440918,6.130000114440918,5.269999980926514,5.71999979019165,2254500
2016-04-29,5.397249221801758,5.710000038146973,5.820000171661377,5.550000190734863,5.809999942779541,1431500
2016-05-02,5.463415622711182,5.78000020980835,5.829999923706055,5.590000152587891,5.699999809265137,1304300
2016-05-03,5.482318878173828,5.800000190734863,5.869999885559082,5.75,5.75,958500
2016-05-04,5.349987506866455,5.659999847412109,5.949999809265137,5.619999885559082,5.769999980926514,1047900
2016-05-05,5.274368762969971,5.579999923706055,5.75,5.559999942779541,5.71999979019165,733100
2016-05-06,5.331082820892334,5.639999866485596,5.679999828338623,5.559999942779541,5.559999942779541,493900
2016-05-09,5.302725791931152,5.610000133514404,5.690000057220459,5.519999980926514,5.630000114440918,706100
2016-05-10,5.425605773925781,5.739999771118164,5.739999771118164,5.579999923706055,5.610000133514404,432600
2016-05-11,5.378344058990479,5.690000057220459,5.769999980926514,5.650000095367432,5.730000019073486,624400
2016-05-12,5.198751449584961,5.5,5.710000038146973,5.429999828338623,5.710000038146973,903700
2016-05-13,5.264915943145752,5.570000171661377,5.639999866485596,5.480000019073486,5.5,640500
2016-05-16,5.359440326690674,5.670000076293945,5.78000020980835,5.559999942779541,5.570000171661377,839400
2016-05-17,5.359440326690674,5.670000076293945,5.849999904632568,5.610000133514404,5.650000095367432,876900
2016-05-18,5.4161529541015625,5.730000019073486,5.849999904632568,5.659999847412109,5.659999847412109,743000
2016-05-19,5.274368762969971,5.579999923706055,5.78000020980835,5.53000020980835,5.699999809265137,562800
2016-05-20,5.501224517822266,5.820000171661377,5.840000152587891,5.590000152587891,5.590000152587891,763700
2016-05-23,5.756434917449951,6.090000152587891,6.099999904632568,5.71999979019165,5.840000152587891,1485600
2016-05-24,5.917123794555664,6.260000228881836,6.300000190734863,6.099999904632568,6.119999885559082,746400
2016-05-25,5.841505527496338,6.179999828338623,6.190000057220459,5.960000038146973,6.039999961853027,1206900
2016-05-26,5.860410213470459,6.199999809265137,6.239999771118164,6.099999904632568,6.179999828338623,750800
2016-05-27,6.011647701263428,6.360000133514404,6.400000095367432,6.21999979019165,6.239999771118164,920100
2016-05-31,5.964385509490967,6.309999942779541,6.420000076293945,6.21999979019165,6.409999847412109,987700
2016-06-01,6.021099090576172,6.369999885559082,6.380000114440918,6.130000114440918,6.25,887700
2016-06-02,6.030551433563232,6.380000114440918,6.420000076293945,6.28000020980835,6.360000133514404,604000
2016-06-03,6.040002822875977,6.389999866485596,6.400000095367432,6.28000020980835,6.380000114440918,688300
2016-06-06,6.068360805511475,6.420000076293945,6.480000019073486,6.360000133514404,6.409999847412109,628500
2016-06-07,6.087265491485596,6.440000057220459,6.460000038146973,6.309999942779541,6.420000076293945,658300
2016-06-08,6.068360805511475,6.420000076293945,6.5,6.349999904632568,6.449999809265137,680500
2016-06-09,5.973837852478027,6.320000171661377,6.380000114440918,6.25,6.380000114440918,530000
2016-06-10,5.775339603424072,6.110000133514404,6.25,6.090000152587891,6.25,717000
2016-06-13,5.775339603424072,6.110000133514404,6.210000038146973,6.050000190734863,6.070000171661377,629200
2016-06-14,5.765887260437012,6.099999904632568,6.159999847412109,5.940000057220459,6.090000152587891,788300
2016-06-15,5.709172248840332,6.039999961853027,6.150000095367432,6.0,6.119999885559082,684200
2016-06-16,5.605198383331299,5.929999828338623,6.0,5.869999885559082,6.0,858500
2016-06-17,5.5957465171813965,5.920000076293945,5.96999979019165,5.860000133514404,5.920000076293945,978000
2016-06-20,5.690269947052002,6.019999980926514,6.150000095367432,5.949999809265137,5.989999771118164,700200
2016-06-21,5.718626976013184,6.050000190734863,6.059999942779541,5.929999828338623,6.03000020980835,709500
2016-06-22,5.671363830566406,6.0,6.159999847412109,5.980000019073486,6.050000190734863,519800
2016-06-23,5.850957870483398,6.190000057220459,6.230000019073486,6.050000190734863,6.050000190734863,628200
2016-06-24,5.482318878173828,5.800000190734863,5.980000019073486,5.78000020980835,5.869999885559082,1850100
2016-06-27,5.075871467590332,5.369999885559082,5.730000019073486,5.329999923706055,5.730000019073486,1024100
2016-06-28,5.321629524230957,5.630000114440918,5.630000114440918,5.420000076293945,5.460000038146973,979100
2016-06-29,5.349987506866455,5.659999847412109,5.78000020980835,5.639999866485596,5.710000038146973,634300
2016-06-30,5.435058116912842,5.75,5.75,5.650000095367432,5.659999847412109,723900
2016-07-01,5.397249221801758,5.710000038146973,5.829999923706055,5.539999961853027,5.699999809265137,513300
2016-07-05,5.321629524230957,5.630000114440918,5.699999809265137,5.570000171661377,5.670000076293945,520100
2016-07-06,5.29327392578125,5.599999904632568,5.650000095367432,5.510000228881836,5.579999923706055,503500
2016-07-07,5.29327392578125,5.599999904632568,5.730000019073486,5.570000171661377,5.599999904632568,428000
2016-07-08,5.633555889129639,5.960000038146973,6.0,5.690000057220459,5.690000057220459,901100
2016-07-11,5.671363830566406,6.0,6.050000190734863,5.949999809265137,6.010000228881836,490300
2016-07-12,5.8131489753723145,6.150000095367432,6.170000076293945,6.010000228881836,6.050000190734863,860000
2016-07-13,5.794244766235352,6.130000114440918,6.21999979019165,6.099999904632568,6.179999828338623,769600
2016-07-14,5.822601318359375,6.159999847412109,6.190000057220459,6.090000152587891,6.179999828338623,462900
2016-07-15,5.841505527496338,6.179999828338623,6.230000019073486,6.090000152587891,6.179999828338623,434700
2016-07-18,5.87931489944458,6.21999979019165,6.260000228881836,5.920000076293945,5.920000076293945,527500
2016-07-19,5.832053661346436,6.170000076293945,6.25,6.03000020980835,6.190000057220459,360400
2016-07-20,5.945481300354004,6.289999961853027,6.300000190734863,6.190000057220459,6.199999809265137,604400
2016-07-21,5.926576137542725,6.269999980926514,6.360000133514404,6.210000038146973,6.28000020980835,970400
2016-07-22,5.926576137542725,6.269999980926514,6.289999961853027,6.170000076293945,6.260000228881836,1009500
2016-07-25,5.898220062255859,6.239999771118164,6.389999866485596,6.21999979019165,6.309999942779541,1490000
2016-07-26,5.917123794555664,6.260000228881836,6.369999885559082,6.21999979019165,6.260000228881836,908700
2016-07-27,6.115621566772461,6.46999979019165,6.5,6.289999961853027,6.289999961853027,1122700
2016-07-28,5.98328971862793,6.329999923706055,6.510000228881836,6.329999923706055,6.449999809265137,816400
2016-07-29,5.945481300354004,6.289999961853027,6.460000038146973,6.239999771118164,6.349999904632568,861700
2016-08-01,6.096717357635498,6.449999809265137,6.53000020980835,6.269999980926514,6.28000020980835,1464000
2016-08-02,6.900160789489746,7.300000190734863,7.800000190734863,7.21999979019165,7.329999923706055,6748300
2016-08-03,7.108109951019287,7.519999980926514,7.559999942779541,7.289999961853027,7.329999923706055,3269800
2016-08-04,7.136467456817627,7.550000190734863,7.619999885559082,7.53000020980835,7.550000190734863,2936600
2016-08-05,7.618534564971924,8.0600004196167,8.09000015258789,7.599999904632568,7.599999904632568,4108700
2016-08-08,7.788672924041748,8.239999771118164,8.300000190734863,8.100000381469727,8.119999885559082,2998600
2016-08-09,7.883195877075195,8.34000015258789,8.350000381469727,8.260000228881836,8.3100004196167,2011700
2016-08-10,7.835936069488525,8.289999961853027,8.380000114440918,8.1899995803833,8.319999694824219,1224800
2016-08-11,8.07224178314209,8.539999961853027,8.59000015258789,8.3100004196167,8.350000381469727,2319300
2016-08-12,8.469237327575684,8.960000038146973,8.989999771118164,8.479999542236328,8.579999923706055,2803800
2016-08-15,8.696091651916504,9.199999809265137,9.279999732971191,8.970000267028809,9.0,2366600
2016-08-16,8.450331687927246,8.9399995803833,9.220000267028809,8.890000343322754,9.1899995803833,1786300
2016-08-17,8.875686645507812,9.390000343322754,9.539999961853027,8.890000343322754,9.0,3912700
2016-08-18,8.714996337890625,9.220000267028809,9.380000114440918,9.100000381469728,9.359999656677246,2067400
2016-08-19,8.752806663513184,9.260000228881836,9.34000015258789,9.09000015258789,9.100000381469728,1769700
2016-08-22,8.743354797363281,9.25,9.34000015258789,9.18000030517578,9.3100004196167,1472400
2016-08-23,8.752806663513184,9.260000228881836,9.4399995803833,9.210000038146973,9.289999961853027,1261400
2016-08-24,8.658283233642578,9.15999984741211,9.25,9.09000015258789,9.210000038146973,1055600
2016-08-25,8.629928588867188,9.130000114440918,9.199999809265137,9.020000457763672,9.09000015258789,890800
2016-08-26,8.686636924743652,9.1899995803833,9.350000381469728,9.020000457763672,9.119999885559082,912600
2016-08-29,8.76225757598877,9.270000457763672,9.359999656677246,9.220000267028809,9.229999542236328,988300
2016-08-30,8.724449157714844,9.229999542236328,9.359999656677246,9.199999809265137,9.239999771118164,881100
2016-08-31,8.601569175720215,9.100000381469728,9.270000457763672,9.029999732971191,9.229999542236328,1439600
2016-09-01,8.733901977539062,9.239999771118164,9.270000457763672,9.06999969482422,9.09000015258789,929400
2016-09-02,8.743354797363281,9.25,9.31999969482422,9.1899995803833,9.300000190734863,637800
2016-09-06,8.686636924743652,9.1899995803833,9.289999961853027,9.039999961853027,9.100000381469728,1503500
2016-09-07,8.743354797363281,9.25,9.34000015258789,9.170000076293944,9.170000076293944,916100
2016-09-08,8.752806663513184,9.260000228881836,9.300000190734863,9.119999885559082,9.199999809265137,654900
2016-09-09,8.242385864257812,8.720000267028809,9.1899995803833,8.619999885559082,9.18000030517578,1526200
2016-09-12,8.393621444702148,8.880000114440918,8.920000076293945,8.40999984741211,8.619999885559082,1329100
2016-09-13,8.128957748413086,8.600000381469727,8.880000114440918,8.579999923706055,8.760000228881836,1167400
2016-09-14,8.176218032836914,8.649999618530273,8.699999809265137,8.5600004196167,8.600000381469727,899700
2016-09-15,8.412524223327637,8.899999618530273,8.9399995803833,8.670000076293945,8.670000076293945,778300
2016-09-16,8.318000793457031,8.800000190734863,8.970000267028809,8.779999732971191,8.949999809265137,1759600
2016-09-19,8.393621444702148,8.880000114440918,9.06999969482422,8.819999694824219,8.90999984741211,949700
2016-09-20,8.403072357177734,8.890000343322754,8.989999771118164,8.84000015258789,8.90999984741211,753900
2016-09-21,8.714996337890625,9.220000267028809,9.239999771118164,8.930000305175781,8.970000267028809,1260900
2016-09-22,8.875686645507812,9.390000343322754,9.420000076293944,9.220000267028809,9.300000190734863,1142900
2016-09-23,8.629928588867188,9.130000114440918,9.34000015258789,9.109999656677246,9.289999961853027,742100
2016-09-26,8.828425407409668,9.34000015258789,9.550000190734863,8.949999809265137,9.029999732971191,2289200
2016-09-27,8.885140419006348,9.399999618530272,9.470000267028809,9.210000038146973,9.390000343322754,824400
2016-09-28,9.064729690551758,9.59000015258789,9.6899995803833,9.420000076293944,9.420000076293944,1112900
2016-09-29,9.01746940612793,9.539999961853027,9.640000343322754,9.390000343322754,9.600000381469728,952100
2016-09-30,9.187610626220703,9.720000267028809,9.84000015258789,9.539999961853027,9.5600004196167,1460000
2016-10-03,9.197061538696287,9.729999542236328,9.949999809265137,9.68000030517578,9.84000015258789,1040200
2016-10-04,9.244321823120115,9.779999732971191,9.9399995803833,9.699999809265137,9.800000190734863,896800
2016-10-05,9.35775089263916,9.899999618530272,9.949999809265137,9.68000030517578,9.699999809265137,794100
2016-10-06,9.414464950561523,9.960000038146973,9.989999771118164,9.8100004196167,9.920000076293944,686000
2016-10-07,9.37665557861328,9.920000076293944,9.989999771118164,9.770000457763672,9.989999771118164,1025500
2016-10-10,9.263229370117188,9.800000190734863,10.130000114440918,9.770000457763672,9.869999885559082,820200
2016-10-11,8.913496017456055,9.43000030517578,9.850000381469728,9.34000015258789,9.850000381469728,949100
2016-10-12,8.951303482055664,9.470000267028809,9.510000228881836,9.3100004196167,9.399999618530272,497200
2016-10-13,8.83787727355957,9.350000381469728,9.43000030517578,9.1899995803833,9.369999885559082,674800
2016-10-14,8.809517860412598,9.31999969482422,9.600000381469728,9.3100004196167,9.369999885559082,583400
2016-10-17,8.818971633911133,9.329999923706056,9.460000038146973,9.270000457763672,9.390000343322754,862000
2016-10-18,8.875686645507812,9.390000343322754,9.5,9.369999885559082,9.449999809265137,652000
2016-10-19,8.970209121704102,9.489999771118164,9.550000190734863,9.279999732971191,9.369999885559082,876800
2016-10-20,9.178159713745115,9.710000038146973,9.720000267028809,9.420000076293944,9.4399995803833,1202600
2016-10-21,9.093088150024414,9.619999885559082,9.699999809265137,9.529999732971191,9.68000030517578,712200
2016-10-24,9.234871864318848,9.770000457763672,9.899999618530272,9.699999809265137,9.699999809265137,590200
2016-10-25,9.130895614624023,9.65999984741211,9.880000114440918,9.609999656677246,9.779999732971191,725400
2016-10-26,8.960756301879883,9.479999542236328,9.699999809265137,9.4399995803833,9.59000015258789,950100
2016-10-27,8.809517860412598,9.31999969482422,9.600000381469728,9.300000190734863,9.529999732971191,696200
2016-10-28,8.686636924743652,9.1899995803833,9.4399995803833,9.15999984741211,9.350000381469728,893800
2016-10-31,8.76225757598877,9.270000457763672,9.3100004196167,9.020000457763672,9.210000038146973,1794400
2016-11-01,9.669676780700684,10.229999542236328,10.800000190734863,9.800000190734863,9.880000114440918,4089700
2016-11-02,10.009960174560549,10.59000015258789,10.720000267028809,10.18000030517578,10.329999923706056,2482700
2016-11-03,9.65077304840088,10.210000038146973,10.600000381469728,10.199999809265137,10.5600004196167,1630900
2016-11-04,9.858721733093262,10.43000030517578,10.510000228881836,10.020000457763672,10.25,2450800
2016-11-07,10.321884155273438,10.920000076293944,11.050000190734863,10.539999961853027,10.670000076293944,2155700
2016-11-08,10.624356269836426,11.239999771118164,11.4399995803833,10.859999656677246,11.100000381469728,1578400
2016-11-09,10.577095985412598,11.1899995803833,11.239999771118164,10.5600004196167,10.670000076293944,2686500
2016-11-10,10.54873752593994,11.15999984741211,11.470000267028809,10.779999732971191,11.359999656677246,2128500
2016-11-11,10.870116233825684,11.5,11.510000228881836,11.229999542236328,11.229999542236328,2228100
2016-11-14,10.747236251831056,11.369999885559082,11.720000267028809,11.31999969482422,11.59000015258789,2139500
2016-11-15,10.681071281433104,11.300000190734863,11.489999771118164,11.25,11.460000038146973,2973600
2016-11-16,10.76613998413086,11.390000343322754,11.399999618530272,11.199999809265137,11.270000457763672,1702900
2016-11-17,11.153685569763184,11.800000190734863,11.880000114440918,11.359999656677246,11.5,1802500
2016-11-18,11.437253952026367,12.100000381469728,12.18000030517578,11.770000457763672,11.81999969482422,1597300
2016-11-21,11.64520263671875,12.31999969482422,12.4399995803833,12.109999656677246,12.399999618530272,1803300
2016-11-22,11.437253952026367,12.100000381469728,12.479999542236328,12.050000190734863,12.399999618530272,2049100
2016-11-23,11.560129165649414,12.229999542236328,12.3100004196167,11.93000030517578,12.050000190734863,905600
2016-11-25,11.333276748657228,11.989999771118164,12.229999542236328,11.979999542236328,12.1899995803833,637000
2016-11-28,11.427800178527832,12.09000015258789,12.170000076293944,11.899999618530272,11.9399995803833,1161000
2016-11-29,11.371087074279783,12.029999732971191,12.1899995803833,11.920000076293944,12.050000190734863,735300
2016-11-30,11.172587394714355,11.81999969482422,12.130000114440918,11.779999732971191,12.09000015258789,1639800
2016-12-01,10.113931655883787,10.699999809265137,11.859999656677246,10.5600004196167,11.760000228881836,2628500
2016-12-02,10.274622917175291,10.869999885559082,11.0,10.65999984741211,10.720000267028809,1216800
2016-12-05,10.624356269836426,11.239999771118164,11.279999732971191,10.9399995803833,11.199999809265137,1773000
2016-12-06,10.643259048461914,11.260000228881836,11.449999809265137,11.09000015258789,11.390000343322754,1068000
2016-12-07,10.81340217590332,11.4399995803833,11.5,11.15999984741211,11.1899995803833,1087500
2016-12-08,10.747236251831056,11.369999885559082,11.779999732971191,11.34000015258789,11.460000038146973,2168700
2016-12-09,10.26517105102539,10.859999656677246,11.520000457763672,10.829999923706056,11.369999885559082,2028000
2016-12-12,10.113931655883787,10.699999809265137,11.09000015258789,10.56999969482422,10.800000190734863,2290700
2016-12-13,10.199007034301758,10.789999961853027,10.979999542236328,10.630000114440918,10.729999542236328,1515800
2016-12-14,10.25571632385254,10.850000381469728,11.130000114440918,10.800000190734863,10.800000190734863,1345400
2016-12-15,10.406954765319824,11.010000228881836,11.1899995803833,10.859999656677246,10.880000114440918,1301400
2016-12-16,10.142289161682127,10.729999542236328,11.149999618530272,10.710000038146973,11.029999732971191,1583200
2016-12-19,10.25571632385254,10.850000381469728,10.970000267028809,10.75,10.800000190734863,850000
2016-12-20,10.378597259521484,10.979999542236328,11.229999542236328,10.84000015258789,10.869999885559082,1964800
2016-12-21,10.454217910766602,11.0600004196167,11.18000030517578,10.93000030517578,10.970000267028809,725000
2016-12-22,10.35969352722168,10.960000038146973,11.109999656677246,10.8100004196167,11.100000381469728,788500
2016-12-23,10.416407585144045,11.020000457763672,11.029999732971191,10.800000190734863,10.960000038146973,794900
2016-12-27,10.61490249633789,11.229999542236328,11.289999961853027,11.0,11.0,1157300
2016-12-28,10.331336975097656,10.93000030517578,11.520000457763672,10.90999984741211,11.520000457763672,1091400
2016-12-29,10.227361679077148,10.81999969482422,10.989999771118164,10.699999809265137,10.989999771118164,806900
2016-12-30,9.972150802612305,10.550000190734863,10.899999618530272,10.489999771118164,10.859999656677246,1268500
2017-01-03,10.066673278808594,10.649999618530272,10.890000343322754,10.520000457763672,10.68000030517578,1149700
2017-01-04,10.028863906860352,10.609999656677246,10.8100004196167,10.539999961853027,10.710000038146973,1072300
2017-01-05,9.783105850219728,10.350000381469728,10.640000343322754,10.350000381469728,10.5600004196167,1297300
2017-01-06,9.70748519897461,10.270000457763672,10.4399995803833,10.199999809265137,10.350000381469728,1237400
2017-01-09,9.820915222167969,10.390000343322754,10.649999618530272,10.239999771118164,10.270000457763672,1244300
2017-01-10,10.10448169708252,10.6899995803833,10.800000190734863,10.4399995803833,10.4399995803833,1184700
2017-01-11,10.161192893981934,10.75,10.760000228881836,10.539999961853027,10.68000030517578,814100
2017-01-12,9.915434837341309,10.489999771118164,10.6899995803833,10.229999542236328,10.6899995803833,831000
2017-01-13,9.887078285217283,10.460000038146973,10.770000457763672,10.420000076293944,10.529999732971191,1238700
2017-01-17,9.253777503967283,9.789999961853027,10.380000114440918,9.789999961853027,10.380000114440918,1873500
2017-01-18,9.319942474365234,9.859999656677246,9.970000267028809,9.770000457763672,9.899999618530272,2180100
2017-01-19,9.14980411529541,9.68000030517578,9.890000343322754,9.479999542236328,9.84000015258789,2157400
2017-01-20,9.159255027770996,9.6899995803833,9.81999969482422,9.619999885559082,9.6899995803833,2065500
2017-01-23,9.026923179626465,9.550000190734863,9.789999961853027,9.479999542236328,9.649999618530272,1310400
2017-01-24,9.234871864318848,9.770000457763672,9.9399995803833,9.510000228881836,9.5600004196167,1948000
2017-01-25,9.319942474365234,9.859999656677246,9.970000267028809,9.770000457763672,9.90999984741211,2176100
2017-01-26,9.197061538696287,9.729999542236328,9.899999618530272,9.720000267028809,9.899999618530272,1265100
2017-01-27,9.168705940246582,9.699999809265137,9.81999969482422,9.670000076293944,9.789999961853027,883900
2017-01-30,9.008016586303713,9.529999732971191,9.630000114440918,9.380000114440918,9.630000114440918,1529100
2017-01-31,8.894591331481934,9.40999984741211,9.5,9.329999923706056,9.449999809265137,1220700
2017-02-01,9.102540969848633,9.630000114440918,9.6899995803833,9.449999809265137,9.510000228881836,1296700
2017-02-02,9.37665557861328,9.920000076293944,10.1899995803833,9.640000343322754,9.65999984741211,1971700
2017-02-03,9.518440246582031,10.06999969482422,10.210000038146973,9.949999809265137,9.989999771118164,1405300
2017-02-06,9.43337059020996,9.979999542236328,9.989999771118164,9.800000190734863,9.989999771118164,1050800
2017-02-07,9.07418155670166,9.600000381469728,10.010000228881836,9.539999961853027,9.979999542236328,1924600
2017-02-08,9.130895614624023,9.65999984741211,9.65999984741211,9.4399995803833,9.600000381469728,1850500
2017-02-09,9.386109352111816,9.93000030517578,10.010000228881836,9.6899995803833,9.710000038146973,1691600
2017-02-10,9.423917770385742,9.970000267028809,10.050000190734863,9.710000038146973,9.960000038146973,1978000
2017-02-13,9.868175506591797,10.4399995803833,10.449999809265137,10.020000457763672,10.079999923706056,5561200
2017-02-14,9.083636283874512,9.609999656677246,9.90999984741211,9.050000190734863,9.350000381469728,8905700
2017-02-15,9.07418155670166,9.600000381469728,9.630000114440918,9.289999961853027,9.550000190734863,3977600
2017-02-16,9.461725234985352,10.010000228881836,10.020000457763672,9.489999771118164,9.550000190734863,2595700
2017-02-17,9.499534606933594,10.050000190734863,10.09000015258789,9.899999618530272,9.979999542236328,1995900
2017-02-21,9.77365016937256,10.34000015258789,10.350000381469728,10.020000457763672,10.050000190734863,2041000
2017-02-22,9.546799659729004,10.100000381469728,10.399999618530272,10.09000015258789,10.350000381469728,1588700
2017-02-23,9.594057083129885,10.149999618530272,10.229999542236328,9.869999885559082,10.130000114440918,1728100
2017-02-24,9.575153350830078,10.130000114440918,10.170000076293944,9.949999809265137,10.050000190734863,1360200
2017-02-27,9.319942474365234,9.859999656677246,10.15999984741211,9.770000457763672,10.140000343322754,2402700
2017-02-28,9.282133102416992,9.81999969482422,9.93000030517578,9.729999542236328,9.859999656677246,1999900
2017-03-01,9.594057083129885,10.149999618530272,10.220000267028809,9.829999923706056,9.9399995803833,1754000
2017-03-02,9.688581466674805,10.25,10.31999969482422,10.100000381469728,10.140000343322754,1673200
2017-03-03,9.688581466674805,10.25,10.359999656677246,10.199999809265137,10.239999771118164,1496500
2017-03-06,9.915434837341309,10.489999771118164,10.510000228881836,10.119999885559082,10.229999542236328,1769800
2017-03-07,10.05721950531006,10.640000343322754,10.68000030517578,10.489999771118164,10.489999771118164,1407300
2017-03-08,10.151742935180664,10.739999771118164,10.9399995803833,10.550000190734863,10.619999885559082,1548000
2017-03-09,9.972150802612305,10.550000190734863,10.739999771118164,10.510000228881836,10.699999809265137,1109600
2017-03-10,10.293524742126465,10.890000343322754,10.90999984741211,10.630000114440918,10.65999984741211,1617100
2017-03-13,10.454217910766602,11.0600004196167,11.0600004196167,10.760000228881836,10.920000076293944,1297300
2017-03-14,10.302979469299316,10.899999618530272,11.06999969482422,10.880000114440918,11.0600004196167,1157100
2017-03-15,10.293524742126465,10.890000343322754,10.989999771118164,10.779999732971191,10.970000267028809,1492600
2017-03-16,10.350241661071776,10.949999809265137,11.09000015258789,10.760000228881836,10.970000267028809,794900
2017-03-17,10.482574462890623,11.09000015258789,11.149999618530272,10.93000030517578,10.970000267028809,1672000
2017-03-20,10.61490249633789,11.229999542236328,11.300000190734863,11.020000457763672,11.130000114440918,1270600
2017-03-21,10.009960174560549,10.59000015258789,11.239999771118164,10.56999969482422,11.239999771118164,1418300
2017-03-22,10.189552307128906,10.779999732971191,10.81999969482422,10.5600004196167,10.56999969482422,1026200
2017-03-23,10.26517105102539,10.859999656677246,10.9399995803833,10.710000038146973,10.779999732971191,704000
2017-03-24,10.350241661071776,10.949999809265137,11.119999885559082,10.869999885559082,10.960000038146973,638100
2017-03-27,10.54873752593994,11.15999984741211,11.199999809265137,10.720000267028809,10.850000381469728,749700
2017-03-28,10.53928565979004,11.149999618530272,11.1899995803833,10.949999809265137,11.079999923706056,744000
2017-03-29,10.482574462890623,11.09000015258789,11.149999618530272,11.029999732971191,11.100000381469728,623400
2017-03-30,10.662165641784668,11.279999732971191,11.300000190734863,11.050000190734863,11.0600004196167,727700
2017-03-31,10.95518684387207,11.59000015258789,11.640000343322754,11.109999656677246,11.25,2598000
2017-04-03,10.926831245422363,11.5600004196167,11.760000228881836,11.510000228881836,11.609999656677246,1487500
2017-04-04,10.832305908203123,11.460000038146973,11.65999984741211,11.399999618530272,11.489999771118164,1381000
2017-04-05,10.624356269836426,11.239999771118164,11.56999969482422,11.18000030517578,11.489999771118164,1352500
2017-04-06,10.822854042053224,11.449999809265137,11.5,11.109999656677246,11.300000190734863,956200
2017-04-07,10.87956714630127,11.510000228881836,11.640000343322754,11.399999618530272,11.4399995803833,1277600
2017-04-10,10.76613998413086,11.390000343322754,11.609999656677246,11.260000228881836,11.529999732971191,1299700
2017-04-11,10.5865478515625,11.199999809265137,11.390000343322754,11.079999923706056,11.329999923706056,1230900
2017-04-12,10.59600067138672,11.210000038146973,11.399999618530272,11.15999984741211,11.220000267028809,1180700
2017-04-13,10.302979469299316,10.899999618530272,11.350000381469728,10.899999618530272,11.149999618530272,977700
2017-04-17,10.5865478515625,11.199999809265137,11.210000038146973,10.8100004196167,10.9399995803833,1301300
2017-04-18,10.605451583862305,11.220000267028809,11.270000457763672,10.979999542236328,11.140000343322754,1377800
2017-04-19,10.747236251831056,11.369999885559082,11.420000076293944,11.199999809265137,11.31999969482422,1322200
2017-04-20,11.22930145263672,11.880000114440918,11.90999984741211,11.300000190734863,11.460000038146973,1835500
2017-04-21,11.087517738342283,11.729999542236328,11.859999656677246,11.600000381469728,11.850000381469728,1593300
2017-04-24,11.22930145263672,11.880000114440918,11.979999542236328,11.619999885559082,11.960000038146973,1059600
2017-04-25,11.437253952026367,12.100000381469728,12.149999618530272,11.84000015258789,11.960000038146973,1152400
2017-04-26,11.323827743530272,11.979999542236328,12.079999923706056,11.81999969482422,12.079999923706056,1285800
2017-04-27,11.654654502868652,12.329999923706056,12.479999542236328,11.920000076293944,11.979999542236328,2225400
2017-04-28,11.13477897644043,11.779999732971191,12.329999923706056,11.0,12.329999923706056,4106500
2017-05-01,11.427800178527832,12.09000015258789,12.229999542236328,11.829999923706056,11.829999923706056,1656100
2017-05-02,11.06861400604248,11.710000038146973,12.079999923706056,11.609999656677246,12.06999969482422,1839400
2017-05-03,11.087517738342283,11.729999542236328,11.760000228881836,11.520000457763672,11.65999984741211,1001300
2017-05-04,11.304919242858888,11.960000038146973,12.029999732971191,11.640000343322754,11.75,1139000
2017-05-05,11.200944900512695,11.850000381469728,12.039999961853027,11.619999885559082,12.039999961853027,1113500
2017-05-08,11.087517738342283,11.729999542236328,11.90999984741211,11.670000076293944,11.829999923706056,707600
2017-05-09,11.323827743530272,11.979999542236328,12.06999969482422,11.779999732971191,11.779999732971191,880700
2017-05-10,11.304919242858888,11.960000038146973,12.260000228881836,11.869999885559082,12.100000381469728,1110400
2017-05-11,11.248208045959473,11.899999618530272,12.079999923706056,11.739999771118164,11.920000076293944,1363800
2017-05-12,11.030802726745604,11.670000076293944,11.9399995803833,11.619999885559082,11.880000114440918,1004300
2017-05-15,11.04970932006836,11.6899995803833,11.779999732971191,11.59000015258789,11.710000038146973,1214200
2017-05-16,11.030802726745604,11.670000076293944,11.770000457763672,11.5600004196167,11.770000457763672,1188800
2017-05-17,10.293524742126465,10.890000343322754,11.489999771118164,10.770000457763672,11.479999542236328,3167100
2017-05-18,10.246264457702637,10.84000015258789,11.050000190734863,10.729999542236328,10.880000114440918,1223200
2017-05-19,10.35969352722168,10.960000038146973,11.06999969482422,10.75,10.75,1117700
2017-05-22,10.5109281539917,11.119999885559082,11.149999618530272,10.920000076293944,10.989999771118164,923400
2017-05-23,10.577095985412598,11.1899995803833,11.270000457763672,11.020000457763672,11.15999984741211,895300
2017-05-24,10.775591850280762,11.399999618530272,11.420000076293944,11.18000030517578,11.279999732971191,886400
2017-05-25,10.803951263427734,11.43000030517578,11.59000015258789,11.359999656677246,11.4399995803833,1278300
2017-05-26,11.096970558166504,11.739999771118164,11.75,11.18000030517578,11.420000076293944,1014900
2017-05-30,11.002449035644531,11.640000343322754,11.800000190734863,11.579999923706056,11.720000267028809,1048600
2017-05-31,10.718880653381348,11.34000015258789,11.760000228881836,11.239999771118164,11.720000267028809,1637700
2017-06-01,10.737785339355469,11.359999656677246,11.5,11.239999771118164,11.369999885559082,821100
2017-06-02,10.718880653381348,11.34000015258789,11.470000267028809,11.270000457763672,11.399999618530272,1137200
2017-06-05,10.917378425598145,11.550000190734863,11.609999656677246,11.260000228881836,11.289999961853027,695700
2017-06-06,11.087517738342283,11.729999542236328,11.869999885559082,11.399999618530272,11.520000457763672,1062700
2017-06-07,11.286014556884766,11.9399995803833,12.119999885559082,11.760000228881836,11.760000228881836,947400
2017-06-08,11.569583892822266,12.239999771118164,12.25,11.890000343322754,12.0,792300
2017-06-09,10.785045623779297,11.40999984741211,12.350000381469728,11.149999618530272,12.149999618530272,1886300
2017-06-12,10.492024421691896,11.100000381469728,11.420000076293944,10.81999969482422,11.279999732971191,1846200
2017-06-13,10.482574462890623,11.09000015258789,11.479999542236328,11.020000457763672,11.289999961853027,938500
2017-06-14,10.142289161682127,10.729999542236328,11.220000267028809,10.579999923706056,11.079999923706056,1275300
2017-06-15,9.849268913269045,10.420000076293944,10.619999885559082,10.34000015258789,10.449999809265137,1278200
2017-06-16,9.981600761413574,10.5600004196167,10.649999618530272,10.350000381469728,10.350000381469728,1374500
2017-06-19,10.208457946777344,10.800000190734863,10.890000343322754,10.670000076293944,10.68000030517578,1010600
2017-06-20,10.085578918457031,10.670000076293944,10.890000343322754,10.5600004196167,10.8100004196167,1321100
2017-06-21,10.095029830932615,10.68000030517578,10.979999542236328,10.609999656677246,10.739999771118164,1051200
2017-06-22,10.066673278808594,10.649999618530272,10.829999923706056,10.59000015258789,10.649999618530272,1026200
2017-06-23,10.047767639160156,10.630000114440918,10.800000190734863,10.56999969482422,10.65999984741211,1002800
2017-06-26,9.802009582519531,10.369999885559082,10.789999961853027,10.359999656677246,10.699999809265137,610700
2017-06-27,9.575153350830078,10.130000114440918,10.390000343322754,10.039999961853027,10.300000190734863,1162300
2017-06-28,9.8776273727417,10.449999809265137,10.479999542236328,9.869999885559082,10.170000076293944,1322900
2017-06-29,9.272682189941406,9.8100004196167,10.399999618530272,9.68000030517578,10.390000343322754,1382100
2017-06-30,9.234871864318848,9.770000457763672,10.010000228881836,9.630000114440918,9.81999969482422,1387300
2017-07-03,9.130895614624023,9.65999984741211,9.9399995803833,9.609999656677246,9.869999885559082,598500
2017-07-05,9.282133102416992,9.81999969482422,9.869999885559082,9.65999984741211,9.699999809265137,855700
2017-07-06,9.197061538696287,9.729999542236328,9.93000030517578,9.65999984741211,9.6899995803833,981600
2017-07-07,9.291587829589844,9.829999923706056,9.960000038146973,9.729999542236328,9.789999961853027,1204500
2017-07-10,9.37665557861328,9.920000076293944,10.0,9.710000038146973,9.81999969482422,845700
2017-07-11,9.490083694458008,10.039999961853027,10.09000015258789,9.850000381469728,9.90999984741211,927800
2017-07-12,9.64132022857666,10.199999809265137,10.300000190734863,10.130000114440918,10.18000030517578,662400
2017-07-13,9.612964630126951,10.170000076293944,10.270000457763672,9.970000267028809,10.1899995803833,1459300
2017-07-14,9.802009582519531,10.369999885559082,10.390000343322754,10.119999885559082,10.1899995803833,751300
2017-07-17,9.8776273727417,10.449999809265137,10.520000457763672,10.1899995803833,10.380000114440918,734300
2017-07-18,9.981600761413574,10.5600004196167,10.5600004196167,10.34000015258789,10.399999618530272,875100
2017-07-19,10.293524742126465,10.890000343322754,10.899999618530272,10.5,10.65999984741211,926000
2017-07-20,10.25571632385254,10.850000381469728,10.920000076293944,10.68000030517578,10.920000076293944,641100
2017-07-21,10.35969352722168,10.960000038146973,10.979999542236328,10.56999969482422,10.880000114440918,1532000
2017-07-24,10.406954765319824,11.010000228881836,11.029999732971191,10.829999923706056,10.9399995803833,773500
2017-07-25,10.406954765319824,11.010000228881836,11.029999732971191,10.890000343322754,11.0,823000
2017-07-26,10.454217910766602,11.0600004196167,11.140000343322754,10.90999984741211,11.06999969482422,1146000
2017-07-27,10.217907905578612,10.8100004196167,11.25,10.720000267028809,11.119999885559082,1520900
2017-07-28,9.915434837341309,10.489999771118164,10.8100004196167,10.40999984741211,10.720000267028809,1728500
2017-07-31,9.802009582519531,10.369999885559082,10.649999618530272,10.229999542236328,10.520000457763672,1846500
2017-08-01,8.970209121704102,9.489999771118164,10.489999771118164,9.170000076293944,10.149999618530272,4880700
2017-08-02,8.667736053466797,9.170000076293944,9.68000030517578,9.06999969482422,9.529999732971191,2337600
2017-08-03,8.374713897705078,8.859999656677246,9.210000038146973,8.829999923706055,9.149999618530272,1646200
2017-08-04,8.289644241333008,8.770000457763672,8.9399995803833,8.699999809265137,8.850000381469727,1181000
2017-08-07,8.61102294921875,9.109999656677246,9.119999885559082,8.789999961853027,8.789999961853027,1463200
2017-08-08,8.620474815368652,9.119999885559082,9.279999732971191,9.029999732971191,9.15999984741211,1668700
2017-08-09,8.412524223327637,8.899999618530273,9.020000457763672,8.779999732971191,9.020000457763672,1082200
2017-08-10,8.062788963317871,8.529999732971191,8.800000190734863,8.520000457763672,8.800000190734863,1138100
2017-08-11,8.251835823059082,8.729999542236328,8.75,8.5,8.550000190734863,1124900
2017-08-14,8.318000793457031,8.800000190734863,8.9399995803833,8.729999542236328,8.859999656677246,840300
2017-08-15,8.214025497436523,8.6899995803833,8.869999885559082,8.630000114440918,8.770000457763672,1059900
2017-08-16,8.355812072753906,8.84000015258789,8.90999984741211,8.720000267028809,8.800000190734863,919000
2017-08-17,7.9210076332092285,8.380000114440918,8.760000228881836,8.380000114440918,8.760000228881836,1436100
2017-08-18,7.996623992919922,8.460000038146973,8.529999732971191,8.319999694824219,8.359999656677246,737600
2017-08-21,8.11950397491455,8.59000015258789,8.619999885559082,8.350000381469727,8.4399995803833,1067600
2017-08-22,8.204574584960938,8.680000305175781,8.800000190734863,8.600000381469727,8.649999618530273,1364000
2017-08-23,8.18567180633545,8.65999984741211,8.739999771118164,8.569999694824219,8.569999694824219,667800
2017-08-24,8.232932090759277,8.710000038146973,8.789999961853027,8.600000381469727,8.699999809265137,899400
2017-08-25,8.07224178314209,8.539999961853027,8.649999618530273,8.40999984741211,8.649999618530273,1118000
2017-08-28,8.157313346862793,8.630000114440918,8.65999984741211,8.470000267028809,8.579999923706055,1019800
2017-08-29,8.346359252929688,8.829999923706055,8.869999885559082,8.4399995803833,8.479999542236328,1492400
2017-08-30,8.469237327575684,8.960000038146973,9.010000228881836,8.789999961853027,8.84000015258789,770500
2017-08-31,8.299097061157227,8.779999732971191,9.029999732971191,8.770000457763672,8.989999771118164,1179900
2017-09-01,8.582662582397461,9.079999923706056,9.119999885559082,8.829999923706055,8.84000015258789,883100
2017-09-05,8.421976089477539,8.90999984741211,9.130000114440918,8.789999961853027,9.020000457763672,783300
2017-09-06,8.44088077545166,8.930000305175781,8.979999542236328,8.800000190734863,8.970000267028809,648500
2017-09-07,8.412524223327637,8.899999618530273,8.989999771118164,8.850000381469727,8.949999809265137,814900
2017-09-08,8.459785461425781,8.949999809265137,9.0,8.819999694824219,8.869999885559082,1088700
2017-09-11,8.639381408691406,9.140000343322754,9.149999618530272,8.960000038146973,9.039999961853027,581400
2017-09-12,8.724449157714844,9.229999542236328,9.31999969482422,9.09000015258789,9.18000030517578,765600
2017-09-13,8.932397842407227,9.449999809265137,9.510000228881836,9.170000076293944,9.1899995803833,1254900
2017-09-14,8.932397842407227,9.449999809265137,9.489999771118164,9.279999732971191,9.399999618530272,1237900
2017-09-15,9.121442794799805,9.649999618530272,9.699999809265137,9.34000015258789,9.489999771118164,1460100
2017-09-18,9.43337059020996,9.979999542236328,10.020000457763672,9.649999618530272,9.6899995803833,1019500
2017-09-19,9.35775089263916,9.899999618530272,10.06999969482422,9.789999961853027,10.06999969482422,924000
2017-09-20,9.272682189941406,9.8100004196167,9.9399995803833,9.609999656677246,9.93000030517578,1446200
2017-09-21,9.329395294189451,9.869999885559082,9.920000076293944,9.649999618530272,9.800000190734863,1469600
2017-09-22,9.508989334106444,10.0600004196167,10.09000015258789,9.770000457763672,9.81999969482422,908300
2017-09-25,9.395560264587402,9.9399995803833,10.0600004196167,9.739999771118164,9.970000267028809,1897700
2017-09-26,9.527894020080566,10.079999923706056,10.149999618530272,9.899999618530272,10.020000457763672,1431700
2017-09-27,9.735841751098633,10.300000190734863,10.449999809265137,10.0600004196167,10.1899995803833,1524200
2017-09-28,9.972150802612305,10.550000190734863,10.59000015258789,10.170000076293944,10.300000190734863,1180300
2017-09-29,9.972150802612305,10.550000190734863,10.630000114440918,10.34000015258789,10.59000015258789,1446300
2017-10-02,10.066673278808594,10.649999618530272,10.760000228881836,10.550000190734863,10.600000381469728,643800
2017-10-03,10.000506401062012,10.579999923706056,10.760000228881836,10.470000267028809,10.649999618530272,934200
2017-10-04,9.924888610839844,10.5,10.5600004196167,10.420000076293944,10.550000190734863,804000
2017-10-05,9.96269702911377,10.539999961853027,10.5600004196167,10.390000343322754,10.520000457763672,859600
2017-10-06,9.924888610839844,10.5,10.59000015258789,10.449999809265137,10.510000228881836,487100
2017-10-09,9.924888610839844,10.5,10.600000381469728,10.40999984741211,10.510000228881836,856500
2017-10-10,9.972150802612305,10.550000190734863,10.59000015258789,10.460000038146973,10.56999969482422,745900
2017-10-11,10.123385429382324,10.710000038146973,10.710000038146973,10.520000457763672,10.539999961853027,697200
2017-10-12,10.274622917175291,10.869999885559082,10.899999618530272,10.649999618530272,10.710000038146973,1040800
2017-10-13,10.284074783325195,10.880000114440918,11.010000228881836,10.770000457763672,10.899999618530272,1170500
2017-10-16,10.217907905578612,10.8100004196167,10.970000267028809,10.739999771118164,10.9399995803833,957600
2017-10-17,10.066673278808594,10.649999618530272,10.800000190734863,10.5600004196167,10.760000228881836,799300
2017-10-18,10.10448169708252,10.6899995803833,10.739999771118164,10.529999732971191,10.68000030517578,594700
2017-10-19,10.009960174560549,10.59000015258789,10.600000381469728,10.31999969482422,10.59000015258789,1330200
2017-10-20,10.10448169708252,10.6899995803833,10.81999969482422,10.59000015258789,10.649999618530272,1461000
2017-10-23,9.953246116638184,10.529999732971191,10.760000228881836,10.489999771118164,10.760000228881836,1966200
2017-10-24,10.047767639160156,10.630000114440918,10.720000267028809,10.579999923706056,10.600000381469728,947000
2017-10-25,10.217907905578612,10.8100004196167,10.81999969482422,10.470000267028809,10.529999732971191,887000
2017-10-26,10.293524742126465,10.890000343322754,10.979999542236328,10.699999809265137,10.869999885559082,555300
2017-10-27,10.350241661071776,10.949999809265137,10.970000267028809,10.720000267028809,10.93000030517578,712300
2017-10-30,10.482574462890623,11.09000015258789,11.130000114440918,10.789999961853027,10.9399995803833,1323800
2017-10-31,10.936281204223633,11.56999969482422,11.800000190734863,11.029999732971191,11.09000015258789,1977900
2017-11-01,10.208457946777344,10.800000190734863,11.880000114440918,10.720000267028809,11.619999885559082,1677400
2017-11-02,10.52038288116455,11.130000114440918,11.149999618530272,10.550000190734863,10.760000228881836,1177200
2017-11-03,10.54873752593994,11.15999984741211,11.350000381469728,10.899999618530272,11.18000030517578,1174700
2017-11-06,10.785045623779297,11.40999984741211,11.4399995803833,11.170000076293944,11.220000267028809,988200
2017-11-07,10.737785339355469,11.359999656677246,11.5600004196167,11.09000015258789,11.15999984741211,962500
2017-11-08,10.851211547851562,11.479999542236328,11.529999732971191,11.15999984741211,11.289999961853027,620100
2017-11-09,10.444764137268066,11.050000190734863,11.380000114440918,10.90999984741211,11.359999656677246,1115600
2017-11-10,10.38804817199707,10.989999771118164,11.1899995803833,10.970000267028809,11.029999732971191,570900
2017-11-13,10.397502899169922,11.0,11.029999732971191,10.850000381469728,10.93000030517578,574200
2017-11-14,10.302979469299316,10.899999618530272,11.0,10.710000038146973,10.970000267028809,671400
2017-11-15,10.113931655883787,10.699999809265137,10.800000190734863,10.520000457763672,10.789999961853027,544100
2017-11-16,10.26517105102539,10.859999656677246,11.0,10.720000267028809,10.770000457763672,832400
2017-11-17,10.293524742126465,10.890000343322754,10.970000267028809,10.699999809265137,10.890000343322754,803200
2017-11-20,10.444764137268066,11.050000190734863,11.109999656677246,10.949999809265137,10.949999809265137,587800
2017-11-21,10.662165641784668,11.279999732971191,11.329999923706056,11.06999969482422,11.149999618530272,644300
2017-11-22,10.59600067138672,11.210000038146973,11.34000015258789,11.1899995803833,11.3100004196167,402600
2017-11-24,10.870116233825684,11.5,11.510000228881836,11.220000267028809,11.25,468200
2017-11-27,10.76613998413086,11.390000343322754,11.550000190734863,11.329999923706056,11.4399995803833,879500
2017-11-28,10.794498443603516,11.420000076293944,11.5,11.350000381469728,11.449999809265137,734200
2017-11-29,10.123385429382324,10.710000038146973,11.56999969482422,10.670000076293944,11.420000076293944,1143000
2017-11-30,9.991052627563477,10.56999969482422,10.9399995803833,10.529999732971191,10.81999969482422,1110200
2017-12-01,9.8776273727417,10.449999809265137,10.640000343322754,10.020000457763672,10.579999923706056,1192600
2017-12-04,9.575153350830078,10.130000114440918,10.609999656677246,10.119999885559082,10.5600004196167,922600
2017-12-05,9.688581466674805,10.25,10.399999618530272,9.920000076293944,10.100000381469728,941700
2017-12-06,9.546799659729004,10.100000381469728,10.270000457763672,10.029999732971191,10.15999984741211,626500
2017-12-07,9.698036193847656,10.260000228881836,10.399999618530272,10.140000343322754,10.1899995803833,780300
2017-12-08,9.499534606933594,10.050000190734863,10.420000076293944,10.020000457763672,10.380000114440918,732300
2017-12-11,9.716937065124512,10.279999732971191,10.289999961853027,10.050000190734863,10.0600004196167,736100
2017-12-12,9.66022491455078,10.220000267028809,10.31999969482422,10.100000381469728,10.289999961853027,838200
2017-12-13,9.612964630126951,10.170000076293944,10.380000114440918,10.079999923706056,10.220000267028809,872400
2017-12-14,9.63186740875244,10.1899995803833,10.43000030517578,10.109999656677246,10.1899995803833,863700
2017-12-15,9.96269702911377,10.539999961853027,10.640000343322754,10.220000267028809,10.220000267028809,1507300
2017-12-18,9.887078285217283,10.460000038146973,10.6899995803833,10.40999984741211,10.619999885559082,955500
2017-12-19,9.8776273727417,10.449999809265137,10.600000381469728,10.420000076293944,10.449999809265137,655800
2017-12-20,9.972150802612305,10.550000190734863,10.68000030517578,10.3100004196167,10.550000190734863,672500
2017-12-21,9.764202117919922,10.329999923706056,10.579999923706056,10.31999969482422,10.56999969482422,568600
2017-12-22,9.754748344421388,10.31999969482422,10.470000267028809,10.210000038146973,10.329999923706056,418300
2017-12-26,9.556249618530272,10.109999656677246,10.210000038146973,10.06999969482422,10.18000030517578,675200
2017-12-27,9.575153350830078,10.130000114440918,10.3100004196167,10.079999923706056,10.09000015258789,635000
2017-12-28,9.63186740875244,10.1899995803833,10.25,10.06999969482422,10.149999618530272,441300
2017-12-29,9.499534606933594,10.050000190734863,10.25,10.039999961853027,10.25,453700
2018-01-02,9.754748344421388,10.31999969482422,10.369999885559082,9.979999542236328,10.149999618530272,1005900
2018-01-03,9.726388931274414,10.289999961853027,10.40999984741211,10.210000038146973,10.34000015258789,664000
2018-01-04,10.350241661071776,10.949999809265137,11.020000457763672,10.390000343322754,10.399999618530272,1954200
2018-01-05,10.208457946777344,10.800000190734863,11.0,10.779999732971191,10.970000267028809,999800
2018-01-08,10.10448169708252,10.6899995803833,10.869999885559082,10.609999656677246,10.779999732971191,672300
2018-01-09,9.905982971191406,10.479999542236328,10.720000267028809,10.399999618530272,10.68000030517578,1021100
2018-01-10,9.830365180969238,10.399999618530272,10.489999771118164,10.300000190734863,10.380000114440918,827200
2018-01-11,9.934340476989746,10.510000228881836,10.550000190734863,10.359999656677246,10.43000030517578,701100
2018-01-12,9.896533012390137,10.470000267028809,10.619999885559082,10.449999809265137,10.529999732971191,540500
2018-01-16,9.953246116638184,10.529999732971191,10.649999618530272,10.40999984741211,10.539999961853027,705200
2018-01-17,10.26517105102539,10.859999656677246,10.90999984741211,10.529999732971191,10.68000030517578,721600
2018-01-18,10.246264457702637,10.84000015258789,10.979999542236328,10.760000228881836,10.869999885559082,532100
2018-01-19,10.312432289123535,10.90999984741211,10.949999809265137,10.760000228881836,10.850000381469728,625100
2018-01-22,10.142289161682127,10.729999542236328,10.859999656677246,10.59000015258789,10.84000015258789,984400
2018-01-23,10.236814498901367,10.829999923706056,10.90999984741211,10.729999542236328,10.739999771118164,583600
2018-01-24,9.820915222167969,10.390000343322754,10.859999656677246,10.3100004196167,10.800000190734863,864900
2018-01-25,9.490083694458008,10.039999961853027,10.550000190734863,10.0,10.510000228881836,1105600
2018-01-26,9.783105850219728,10.350000381469728,10.359999656677246,10.06999969482422,10.140000343322754,493800
2018-01-29,9.77365016937256,10.34000015258789,10.380000114440918,10.130000114440918,10.289999961853027,738900
2018-01-30,9.546799659729004,10.100000381469728,10.289999961853027,10.06999969482422,10.1899995803833,573000
2018-01-31,9.508989334106444,10.0600004196167,10.289999961853027,10.020000457763672,10.1899995803833,962600
2018-02-01,9.490083694458008,10.039999961853027,10.149999618530272,9.949999809265137,10.0,1231000
2018-02-02,9.187610626220703,9.720000267028809,9.960000038146973,9.65999984741211,9.960000038146973,1067900
2018-02-05,8.620474815368652,9.119999885559082,9.770000457763672,9.100000381469728,9.609999656677246,1021900
2018-02-06,8.932397842407227,9.449999809265137,9.529999732971191,8.800000190734863,8.880000114440918,1155800
2018-02-07,8.83787727355957,9.350000381469728,9.59000015258789,9.3100004196167,9.369999885559082,993300
2018-02-08,8.336905479431152,8.819999694824219,9.489999771118164,8.819999694824219,9.390000343322754,1450500
2018-02-09,8.76225757598877,9.270000457763672,9.329999923706056,8.930000305175781,9.020000457763672,1859400
2018-02-12,8.979662895202637,9.5,9.579999923706056,9.210000038146973,9.329999923706056,2462700
2018-02-13,9.480629920959473,10.029999732971191,10.130000114440918,9.079999923706056,9.5,2916700
2018-02-14,9.745296478271484,10.3100004196167,10.350000381469728,9.829999923706056,9.960000038146973,1829700
2018-02-15,9.556249618530272,10.109999656677246,10.479999542236328,10.0600004196167,10.399999618530272,1176200
2018-02-16,9.575153350830078,10.130000114440918,10.369999885559082,10.06999969482422,10.09000015258789,976700
2018-02-20,9.63186740875244,10.1899995803833,10.350000381469728,10.09000015258789,10.130000114440918,1381400
2018-02-21,9.442822456359863,9.989999771118164,10.239999771118164,9.979999542236328,10.239999771118164,1025400
2018-02-22,9.386109352111816,9.93000030517578,10.06999969482422,9.81999969482422,10.010000228881836,946100
2018-02-23,9.66022491455078,10.220000267028809,10.289999961853027,10.0600004196167,10.0600004196167,926800
2018-02-26,9.849268913269045,10.420000076293944,10.4399995803833,10.210000038146973,10.300000190734863,728900
2018-02-27,9.64132022857666,10.199999809265137,10.479999542236328,10.1899995803833,10.329999923706056,728800
2018-02-28,9.499534606933594,10.050000190734863,10.329999923706056,10.050000190734863,10.279999732971191,707700
2018-03-01,9.716937065124512,10.279999732971191,10.479999542236328,9.970000267028809,10.039999961853027,1038200
2018-03-02,9.849268913269045,10.420000076293944,10.470000267028809,10.079999923706056,10.149999618530272,853900
2018-03-05,9.858721733093262,10.43000030517578,10.520000457763672,10.3100004196167,10.350000381469728,796800
2018-03-06,10.236814498901367,10.829999923706056,10.850000381469728,10.3100004196167,10.510000228881836,1173200
2018-03-07,10.350241661071776,10.949999809265137,11.0,10.579999923706056,10.729999542236328,802100
2018-03-08,10.38804817199707,10.989999771118164,11.079999923706056,10.859999656677246,10.970000267028809,614300
2018-03-09,10.785045623779297,11.40999984741211,11.470000267028809,11.06999969482422,11.109999656677246,1075300
2018-03-12,10.87956714630127,11.510000228881836,11.579999923706056,11.350000381469728,11.479999542236328,914900
2018-03-13,10.53928565979004,11.149999618530272,11.68000030517578,11.149999618530272,11.579999923706056,916900
2018-03-14,10.52038288116455,11.130000114440918,11.270000457763672,11.050000190734863,11.239999771118164,1214200
2018-03-15,10.633808135986328,11.25,11.350000381469728,11.109999656677246,11.1899995803833,1098500
2018-03-16,10.671619415283203,11.289999961853027,11.420000076293944,11.15999984741211,11.25,1432100
2018-03-19,10.473118782043455,11.079999923706056,11.359999656677246,10.9399995803833,11.289999961853027,786300
2018-03-20,10.529831886291504,11.140000343322754,11.199999809265137,11.0600004196167,11.09000015258789,655000
2018-03-21,10.643259048461914,11.260000228881836,11.399999618530272,11.010000228881836,11.100000381469728,464300
2018-03-22,10.293524742126465,10.890000343322754,11.1899995803833,10.859999656677246,11.079999923706056,1023600
2018-03-23,9.716937065124512,10.279999732971191,11.0,10.279999732971191,10.859999656677246,729000
2018-03-26,10.170647621154783,10.760000228881836,10.760000228881836,10.329999923706056,10.529999732971191,771400
2018-03-27,9.575153350830078,10.130000114440918,10.770000457763672,10.050000190734863,10.770000457763672,736800
2018-03-28,9.36720371246338,9.90999984741211,10.170000076293944,9.829999923706056,10.119999885559082,900600
2018-03-29,9.575153350830078,10.130000114440918,10.210000038146973,9.829999923706056,10.010000228881836,1171800
2018-04-02,9.111993789672852,9.640000343322754,10.18000030517578,9.539999961853027,10.050000190734863,929500
2018-04-03,9.225422859191896,9.760000228881836,9.8100004196167,9.579999923706056,9.760000228881836,724200
2018-04-04,9.35775089263916,9.899999618530272,9.920000076293944,9.329999923706056,9.760000228881836,562300
2018-04-05,9.282133102416992,9.81999969482422,10.010000228881836,9.75,10.010000228881836,486900
2018-04-06,8.998567581176758,9.520000457763672,9.880000114440918,9.4399995803833,9.68000030517578,691700
2018-04-09,8.970209121704102,9.489999771118164,9.890000343322754,9.479999542236328,9.649999618530272,714600
2018-04-10,9.395560264587402,9.9399995803833,10.039999961853027,9.649999618530272,9.729999542236328,727100
2018-04-11,9.36720371246338,9.90999984741211,10.0600004196167,9.81999969482422,9.850000381469728,842900
2018-04-12,9.65077304840088,10.210000038146973,10.31999969482422,9.960000038146973,10.0,1474200
2018-04-13,9.565702438354492,10.119999885559082,10.289999961853027,10.06999969482422,10.25,553000
2018-04-16,9.67913055419922,10.239999771118164,10.300000190734863,10.039999961853027,10.229999542236328,781100
2018-04-17,9.811460494995115,10.380000114440918,10.479999542236328,10.260000228881836,10.350000381469728,498300
2018-04-18,9.63186740875244,10.1899995803833,10.43000030517578,10.100000381469728,10.40999984741211,413800
2018-04-19,9.21596908569336,9.75,10.140000343322754,9.6899995803833,10.010000228881836,792500
2018-04-20,9.197061538696287,9.729999542236328,9.9399995803833,9.68000030517578,9.710000038146973,594600
2018-04-23,9.026923179626465,9.550000190734863,9.979999542236328,9.5,9.760000228881836,740100
2018-04-24,8.639381408691406,9.140000343322754,9.8100004196167,9.130000114440918,9.630000114440918,1513100
2018-04-25,8.336905479431152,8.819999694824219,9.149999618530272,8.6899995803833,9.06999969482422,2120100
2018-04-26,8.620474815368652,9.119999885559082,9.18000030517578,8.859999656677246,8.90999984741211,1016100
2018-04-27,7.987172603607178,8.449999809265137,8.960000038146973,8.260000228881836,8.449999809265137,3965500
2018-04-30,7.826483249664307,8.279999732971191,8.449999809265137,8.279999732971191,8.420000076293945,2096700
2018-05-01,8.04388427734375,8.510000228881836,8.529999732971191,8.1899995803833,8.25,1778000
2018-05-02,8.04388427734375,8.510000228881836,8.640000343322754,8.479999542236328,8.520000457763672,1027100
2018-05-03,7.958816051483154,8.420000076293945,8.59000015258789,8.359999656677246,8.460000038146973,1549600
2018-05-04,8.11950397491455,8.59000015258789,8.630000114440918,8.420000076293945,8.430000305175781,1158400
2018-05-07,7.9304585456848145,8.390000343322754,8.720000267028809,8.380000114440918,8.609999656677246,1300100
2018-05-08,8.034433364868164,8.5,8.5,8.319999694824219,8.390000343322754,1127700
2018-05-09,8.100600242614746,8.569999694824219,8.619999885559082,8.449999809265137,8.5,692500
2018-05-10,8.204574584960938,8.680000305175781,8.699999809265137,8.579999923706055,8.600000381469727,755000
2018-05-11,8.157313346862793,8.630000114440918,8.779999732971191,8.59000015258789,8.65999984741211,731700
2018-05-14,8.270739555358887,8.75,8.850000381469727,8.699999809265137,8.720000267028809,669700
2018-05-15,8.147858619689941,8.619999885559082,8.710000038146973,8.5,8.6899995803833,1032100
2018-05-16,8.32745361328125,8.8100004196167,8.84000015258789,8.65999984741211,8.65999984741211,588800
2018-05-17,8.374713897705078,8.859999656677246,8.899999618530273,8.75,8.789999961853027,748400
2018-05-18,8.223479270935059,8.699999809265137,8.8100004196167,8.609999656677246,8.8100004196167,744700
2018-05-21,8.308548927307129,8.789999961853027,8.930000305175781,8.699999809265137,8.819999694824219,602400
2018-05-22,8.289644241333008,8.770000457763672,9.039999961853027,8.770000457763672,8.850000381469727,782500
2018-05-23,8.308548927307129,8.789999961853027,8.819999694824219,8.65999984741211,8.65999984741211,609100
2018-05-24,8.280194282531738,8.760000228881836,8.819999694824219,8.670000076293945,8.760000228881836,425300
2018-05-25,8.677186965942383,9.18000030517578,9.239999771118164,8.710000038146973,8.90999984741211,1146500
2018-05-29,8.677186965942383,9.18000030517578,9.34000015258789,9.029999732971191,9.079999923706056,1033300
2018-05-30,8.724449157714844,9.229999542236328,9.43000030517578,9.1899995803833,9.279999732971191,2264100
2018-05-31,8.601569175720215,9.100000381469728,9.300000190734863,9.020000457763672,9.239999771118164,1027900
2018-06-01,8.809517860412598,9.31999969482422,9.34000015258789,9.149999618530272,9.210000038146973,574700
2018-06-04,8.828425407409668,9.34000015258789,9.399999618530272,9.239999771118164,9.350000381469728,812800
2018-06-05,8.866233825683594,9.380000114440918,9.470000267028809,9.25,9.359999656677246,699500
2018-06-06,8.894591331481934,9.40999984741211,9.43000030517578,9.270000457763672,9.43000030517578,813400
2018-06-07,8.771711349487305,9.279999732971191,9.380000114440918,9.210000038146973,9.380000114440918,909700
2018-06-08,8.592119216918945,9.09000015258789,9.229999542236328,9.029999732971191,9.199999809265137,891700
2018-06-11,8.507047653198242,9.0,9.199999809265137,8.989999771118164,9.100000381469728,1070800
2018-06-12,8.507047653198242,9.0,9.06999969482422,8.890000343322754,9.039999961853027,796600
2018-06-13,8.469237327575684,8.960000038146973,9.100000381469728,8.920000076293945,9.0,800300
2018-06-14,8.459785461425781,8.949999809265137,9.020000457763672,8.899999618530273,8.979999542236328,632400
2018-06-15,8.667736053466797,9.170000076293944,9.18000030517578,8.800000190734863,8.899999618530273,1321500
2018-06-18,8.573214530944824,9.06999969482422,9.199999809265137,8.930000305175781,9.09000015258789,699000
2018-06-19,8.544854164123535,9.039999961853027,9.06999969482422,8.920000076293945,9.0,854900
2018-06-20,8.648832321166992,9.149999618530272,9.149999618530272,8.989999771118164,9.09000015258789,779400
2018-06-21,8.563761711120605,9.0600004196167,9.229999542236328,9.029999732971191,9.170000076293944,601200
2018-06-22,8.44088077545166,8.930000305175781,9.130000114440918,8.920000076293945,9.109999656677246,1346600
2018-06-25,8.195121765136719,8.670000076293945,8.829999923706055,8.520000457763672,8.829999923706055,1102400
2018-06-26,8.355812072753906,8.84000015258789,8.890000343322754,8.579999923706055,8.6899995803833,1225000
2018-06-27,8.138408660888672,8.609999656677246,8.930000305175781,8.579999923706055,8.869999885559082,772900
2018-06-28,8.11950397491455,8.59000015258789,8.640000343322754,8.5,8.5600004196167,890100
2018-06-29,8.11950397491455,8.59000015258789,8.739999771118164,8.579999923706055,8.65999984741211,681800
2018-07-02,8.176218032836914,8.649999618530273,8.649999618530273,8.399999618530273,8.520000457763672,524400
2018-07-03,7.987172603607178,8.449999809265137,8.680000305175781,8.430000305175781,8.670000076293945,511500
2018-07-05,8.166765213012695,8.640000343322754,8.65999984741211,8.529999732971191,8.529999732971191,580800
2018-07-06,8.308548927307129,8.789999961853027,8.800000190734863,8.550000190734863,8.609999656677246,537900
2018-07-09,8.393621444702148,8.880000114440918,8.899999618530273,8.789999961853027,8.84000015258789,658200
2018-07-10,8.459785461425781,8.949999809265137,9.029999732971191,8.869999885559082,8.920000076293945,812400
2018-07-11,8.034433364868164,8.5,8.899999618530273,8.479999542236328,8.869999885559082,1101100
2018-07-12,8.128957748413086,8.600000381469727,8.720000267028809,8.489999771118164,8.520000457763672,931000
2018-07-13,8.128957748413086,8.600000381469727,8.720000267028809,8.59000015258789,8.619999885559082,641600
2018-07-16,8.034433364868164,8.5,8.649999618530273,8.5,8.640000343322754,662700
2018-07-17,8.034433364868164,8.5,8.579999923706055,8.4399995803833,8.460000038146973,1391600
2018-07-18,8.44088077545166,8.930000305175781,8.949999809265137,8.550000190734863,8.579999923706055,1527300
2018-07-19,8.431427955627441,8.920000076293945,9.0,8.850000381469727,8.90999984741211,1013900
2018-07-20,8.2612886428833,8.739999771118164,8.899999618530273,8.720000267028809,8.850000381469727,820000
2018-07-23,8.204574584960938,8.680000305175781,8.729999542236328,8.529999732971191,8.729999542236328,888300
2018-07-24,8.280194282531738,8.760000228881836,8.960000038146973,8.739999771118164,8.75,846700
2018-07-25,8.157313346862793,8.630000114440918,8.800000190734863,8.529999732971191,8.779999732971191,1022000
2018-07-26,8.412524223327637,8.899999618530273,8.90999984741211,8.619999885559082,8.619999885559082,1173600
2018-07-27,8.450331687927246,8.9399995803833,9.149999618530272,8.9399995803833,8.949999809265137,1048800
2018-07-30,8.49759578704834,8.989999771118164,9.119999885559082,8.90999984741211,8.979999542236328,869600
2018-07-31,8.204574584960938,8.680000305175781,9.369999885559082,8.65999984741211,9.09000015258789,1969400
2018-08-01,8.157313346862793,8.630000114440918,8.800000190734863,8.420000076293945,8.609999656677246,1625400
2018-08-02,8.412524223327637,8.899999618530273,8.920000076293945,8.510000228881836,8.609999656677246,1245400
2018-08-03,8.554308891296387,9.050000190734863,9.050000190734863,8.609999656677246,8.609999656677246,745600
2018-08-06,8.667736053466797,9.170000076293944,9.170000076293944,9.010000228881836,9.09000015258789,843100
2018-08-07,8.714996337890625,9.220000267028809,9.300000190734863,9.09000015258789,9.09000015258789,735200
2018-08-08,8.771711349487305,9.279999732971191,9.279999732971191,9.0600004196167,9.170000076293944,726900
2018-08-09,8.724449157714844,9.229999542236328,9.279999732971191,9.15999984741211,9.279999732971191,844800
2018-08-10,8.781163215637207,9.289999961853027,9.300000190734863,9.029999732971191,9.119999885559082,789400
2018-08-13,8.828425407409668,9.34000015258789,9.390000343322754,9.239999771118164,9.31999969482422,1025100
2018-08-14,8.733901977539062,9.239999771118164,9.399999618530272,9.229999542236328,9.359999656677246,786300
2018-08-15,8.346359252929688,8.829999923706055,9.18000030517578,8.649999618530273,9.170000076293944,1400300
2018-08-16,8.346359252929688,8.829999923706055,8.979999542236328,8.819999694824219,8.869999885559082,623400
2018-08-17,8.2612886428833,8.739999771118164,8.770000457763672,8.550000190734863,8.770000457763672,792700
2018-08-20,8.251835823059082,8.729999542236328,8.829999923706055,8.65999984741211,8.779999732971191,556200
2018-08-21,8.308548927307129,8.789999961853027,8.890000343322754,8.760000228881836,8.779999732971191,752800
2018-08-22,8.214025497436523,8.6899995803833,8.770000457763672,8.649999618530273,8.739999771118164,1015300
2018-08-23,8.11950397491455,8.59000015258789,8.729999542236328,8.569999694824219,8.6899995803833,946400
2018-08-24,8.166765213012695,8.640000343322754,8.739999771118164,8.579999923706055,8.619999885559082,1125900
2018-08-27,8.299097061157227,8.779999732971191,8.989999771118164,8.699999809265137,8.699999809265137,967400
2018-08-28,8.299097061157227,8.779999732971191,8.869999885559082,8.710000038146973,8.829999923706055,720600
2018-08-29,8.166765213012695,8.640000343322754,8.819999694824219,8.600000381469727,8.779999732971191,1509200
2018-08-30,8.336905479431152,8.819999694824219,9.229999542236328,8.609999656677246,8.609999656677246,765400
2018-08-31,8.251835823059082,8.729999542236328,8.829999923706055,8.630000114440918,8.8100004196167,950800
2018-09-04,7.911553382873535,8.369999885559082,8.720000267028809,8.34000015258789,8.710000038146973,1563100
2018-09-05,7.8075785636901855,8.260000228881836,8.40999984741211,8.210000038146973,8.350000381469727,1097000
2018-09-06,7.420034885406494,7.849999904632568,8.25,7.829999923706055,8.220000267028809,1820700
2018-09-07,7.382226943969727,7.809999942779541,7.949999809265137,7.760000228881836,7.829999923706055,1030000
2018-09-10,7.401129722595215,7.829999923706055,7.929999828338623,7.75,7.929999828338623,767500
2018-09-11,7.202633857727051,7.619999885559082,7.809999942779541,7.559999942779541,7.809999942779541,943800
2018-09-12,6.928517818450928,7.329999923706055,7.579999923706055,7.300000190734863,7.579999923706055,1912600
2018-09-13,7.240442276000977,7.659999847412109,7.75,7.380000114440918,7.389999866485596,1267100
2018-09-14,7.29715633392334,7.71999979019165,7.849999904632568,7.650000095367432,7.679999828338623,1292100
2018-09-17,7.372775077819824,7.800000190734863,7.889999866485596,7.690000057220459,7.699999809265137,653000
2018-09-18,7.316061496734619,7.739999771118164,7.889999866485596,7.599999904632568,7.820000171661377,1588300
2018-09-19,7.29715633392334,7.71999979019165,7.820000171661377,7.699999809265137,7.75,553000
2018-09-20,7.410582542419434,7.840000152587891,7.869999885559082,7.730000019073486,7.789999961853027,787700
2018-09-21,7.353870391845703,7.78000020980835,7.869999885559082,7.760000228881836,7.809999942779541,978600
2018-09-24,7.382226943969727,7.809999942779541,7.829999923706055,7.670000076293945,7.75,636200
2018-09-25,7.183728218078613,7.599999904632568,7.869999885559082,7.579999923706055,7.829999923706055,1618100
2018-09-26,7.108109951019287,7.519999980926514,7.679999828338623,7.510000228881836,7.610000133514404,858500
2018-09-27,7.004135608673096,7.409999847412109,7.590000152587891,7.389999866485596,7.570000171661377,840800
2018-09-28,6.985231399536133,7.389999866485596,7.460000038146973,7.309999942779541,7.409999847412109,938600
2018-10-01,6.900160789489746,7.300000190734863,7.46999979019165,7.179999828338623,7.409999847412109,1196600
2018-10-02,6.909614086151123,7.309999942779541,7.570000171661377,7.28000020980835,7.28000020980835,1267700
2018-10-03,7.070301532745361,7.480000019073486,7.519999980926514,7.260000228881836,7.360000133514404,1205200
2018-10-04,6.919065952301025,7.320000171661377,7.480000019073486,7.239999771118164,7.480000019073486,1067400
2018-10-05,6.673305511474609,7.059999942779541,7.349999904632568,6.96999979019165,7.289999961853027,1112300
2018-10-08,6.512617111206055,6.889999866485596,7.079999923706055,6.769999980926514,7.010000228881836,910100
2018-10-09,6.474808216094971,6.849999904632568,6.960000038146973,6.820000171661377,6.889999866485596,1005300
2018-10-10,6.295215129852295,6.659999847412109,6.900000095367432,6.639999866485596,6.78000020980835,997900
2018-10-11,6.3613810539245605,6.730000019073486,6.860000133514404,6.610000133514404,6.650000095367432,1474100
2018-10-12,6.4464521408081055,6.820000171661377,7.0,6.730000019073486,6.909999847412109,1486200
2018-10-15,6.588236331939697,6.96999979019165,7.110000133514404,6.769999980926514,6.809999942779541,1139800
2018-10-16,6.758375644683838,7.150000095367432,7.159999847412109,6.989999771118164,7.03000020980835,1291200
2018-10-17,6.351927280426025,6.71999979019165,7.360000133514404,6.710000038146973,7.289999961853027,2388700
2018-10-18,5.936028957366943,6.28000020980835,6.690000057220459,6.28000020980835,6.610000133514404,2625800
2018-10-19,5.756434917449951,6.090000152587891,6.389999866485596,6.079999923706055,6.300000190734863,1669000
2018-10-22,5.8131489753723145,6.150000095367432,6.199999809265137,6.050000190734863,6.150000095367432,1154000
2018-10-23,5.841505527496338,6.179999828338623,6.309999942779541,5.909999847412109,6.0,1736300
2018-10-24,5.425605773925781,5.739999771118164,6.159999847412109,5.71999979019165,6.119999885559082,1783600
2018-10-25,5.699721336364746,6.03000020980835,6.039999961853027,5.739999771118164,5.739999771118164,1545700
2018-10-26,5.652459621429443,5.980000019073486,6.130000114440918,5.829999923706055,5.900000095367432,1299300
2018-10-29,5.699721336364746,6.03000020980835,6.300000190734863,5.920000076293945,6.150000095367432,1308300
2018-10-30,6.777280807495117,7.170000076293945,7.239999771118164,6.25,6.300000190734863,4021700
2018-10-31,6.758375644683838,7.150000095367432,7.349999904632568,7.019999980926514,7.25,2284900
2018-11-01,6.881256103515625,7.28000020980835,7.349999904632568,7.03000020980835,7.170000076293945,3452200
2018-11-02,6.748924255371094,7.139999866485596,7.460000038146973,7.099999904632568,7.309999942779541,1422800
2018-11-05,6.607140064239502,6.989999771118164,7.170000076293945,6.849999904632568,7.130000114440918,1323400
2018-11-06,6.673305511474609,7.059999942779541,7.150000095367432,6.909999847412109,7.0,1645100
2018-11-07,6.663854598999023,7.050000190734863,7.099999904632568,6.900000095367432,7.099999904632568,1196600
2018-11-08,6.644949436187744,7.03000020980835,7.130000114440918,6.989999771118164,6.989999771118164,550700
2018-11-09,6.351927280426025,6.71999979019165,7.0,6.699999809265137,6.909999847412109,1216000
2018-11-12,6.153430938720703,6.510000228881836,6.670000076293945,6.449999809265137,6.650000095367432,903800
2018-11-13,6.181787967681885,6.539999961853027,6.690000057220459,6.46999979019165,6.579999923706055,1045400
2018-11-14,6.096717357635498,6.449999809265137,6.71999979019165,6.349999904632568,6.679999828338623,1765200
2018-11-15,6.304667472839356,6.670000076293945,6.699999809265137,6.409999847412109,6.460000038146973,1208600
2018-11-16,6.276311874389648,6.639999866485596,6.670000076293945,6.320000171661377,6.449999809265137,1418500
2018-11-19,5.936028957366943,6.28000020980835,6.579999923706055,6.260000228881836,6.570000171661377,958200
2018-11-20,5.9549336433410645,6.300000190734863,6.409999847412109,6.099999904632568,6.139999866485596,1168100
2018-11-21,5.99274206161499,6.340000152587891,6.480000019073486,6.300000190734863,6.409999847412109,672800
2018-11-23,6.002193450927734,6.349999904632568,6.460000038146973,6.269999980926514,6.269999980926514,358800
2018-11-26,6.087265491485596,6.440000057220459,6.519999980926514,6.340000152587891,6.46999979019165,1449000
2018-11-27,6.247954368591309,6.610000133514404,6.650000095367432,6.349999904632568,6.400000095367432,944800
2018-11-28,6.465356349945068,6.840000152587891,6.840000152587891,6.559999942779541,6.659999847412109,1120700
2018-11-29,6.351927280426025,6.71999979019165,6.900000095367432,6.699999809265137,6.78000020980835,499700
2018-11-30,6.474808216094971,6.849999904632568,6.860000133514404,6.610000133514404,6.730000019073486,776500
2018-12-03,6.588236331939697,6.96999979019165,7.130000114440918,6.880000114440918,7.0,1062600
2018-12-04,6.2195963859558105,6.579999923706055,6.960000038146973,6.559999942779541,6.900000095367432,1153000
2018-12-06,6.021099090576172,6.369999885559082,6.489999771118164,6.320000171661377,6.409999847412109,1446800
2018-12-07,5.832053661346436,6.170000076293945,6.46999979019165,6.130000114440918,6.409999847412109,845300
2018-12-10,5.964385509490967,6.309999942779541,6.389999866485596,6.119999885559082,6.139999866485596,936100
2018-12-11,5.945481300354004,6.289999961853027,6.519999980926514,6.21999979019165,6.369999885559082,585300
2018-12-12,6.172335147857666,6.53000020980835,6.559999942779541,6.309999942779541,6.389999866485596,772800
2018-12-13,6.143979072570801,6.5,6.630000114440918,6.460000038146973,6.579999923706055,1263000
2018-12-14,6.021099090576172,6.369999885559082,6.599999904632568,6.320000171661377,6.400000095367432,817400
2018-12-17,5.964385509490967,6.309999942779541,6.590000152587891,6.260000228881836,6.320000171661377,1863500
2018-12-18,6.087265491485596,6.440000057220459,6.599999904632568,6.360000133514404,6.369999885559082,927800
2018-12-19,5.841505527496338,6.179999828338623,6.539999961853027,6.110000133514404,6.420000076293945,1373900
2018-12-20,5.888767719268799,6.230000019073486,6.380000114440918,6.150000095367432,6.159999847412109,864200
2018-12-21,5.661913871765137,5.989999771118164,6.309999942779541,5.940000057220459,6.289999961853027,1789500
2018-12-24,5.435058116912842,5.75,6.019999980926514,5.739999771118164,5.949999809265137,559200
2018-12-26,5.869863033294678,6.210000038146973,6.21999979019165,5.829999923706055,5.829999923706055,814700
2018-12-27,6.040002822875977,6.389999866485596,6.400000095367432,6.039999961853027,6.099999904632568,787300
2018-12-28,6.143979072570801,6.5,6.630000114440918,6.329999923706055,6.420000076293945,639600
2018-12-31,6.200692176818848,6.559999942779541,6.610000133514404,6.449999809265137,6.590000152587891,543200
2019-01-02,6.304667472839356,6.670000076293945,6.739999771118164,6.449999809265137,6.449999809265137,1162900
2019-01-03,5.98328971862793,6.329999923706055,6.619999885559082,6.289999961853027,6.53000020980835,856800
2019-01-04,6.238500595092773,6.599999904632568,6.679999828338623,6.420000076293945,6.460000038146973,1280000
2019-01-07,6.626044750213623,7.010000228881836,7.050000190734863,6.559999942779541,6.630000114440918,1598900
2019-01-08,6.644949436187744,7.03000020980835,7.110000133514404,6.900000095367432,7.059999942779541,1718900
2019-01-09,6.739471912384033,7.130000114440918,7.25,7.039999961853027,7.110000133514404,730000
2019-01-10,6.9663262367248535,7.369999885559082,7.460000038146973,7.039999961853027,7.070000171661377,1023400
2019-01-11,7.0419440269470215,7.449999809265137,7.480000019073486,7.28000020980835,7.349999904632568,726300
2019-01-14,6.9663262367248535,7.369999885559082,7.460000038146973,7.260000228881836,7.380000114440918,909100
2019-01-15,6.9663262367248535,7.369999885559082,7.480000019073486,7.300000190734863,7.409999847412109,618300
2019-01-16,6.8718037605285645,7.269999980926514,7.53000020980835,7.260000228881836,7.440000057220459,677300
2019-01-17,6.824542045593262,7.21999979019165,7.309999942779541,7.090000152587891,7.199999809265137,970100
2019-01-18,7.0797529220581055,7.489999771118164,7.559999942779541,7.28000020980835,7.289999961853027,885100
2019-01-22,6.881256103515625,7.28000020980835,7.46999979019165,7.239999771118164,7.440000057220459,739900
2019-01-23,6.701662540435791,7.090000152587891,7.380000114440918,7.050000190734863,7.340000152587891,720000
2019-01-24,6.975779533386231,7.380000114440918,7.510000228881836,7.28000020980835,7.28000020980835,706000
2019-01-25,7.325512886047363,7.75,7.800000190734863,7.440000057220459,7.440000057220459,787500
2019-01-28,7.401129722595215,7.829999923706055,7.840000152587891,7.5,7.570000171661377,696800
2019-01-29,7.353870391845703,7.78000020980835,7.889999866485596,7.710000038146973,7.849999904632568,847600
2019-01-30,7.495654582977295,7.929999828338623,8.010000228881836,7.760000228881836,7.880000114440918,805100
2019-01-31,7.561819553375244,8.0,8.079999923706055,7.809999942779541,7.900000095367432,852500
2019-02-01,7.694153308868408,8.140000343322754,8.170000076293945,7.989999771118164,8.020000457763672,881000
2019-02-04,7.769769668579102,8.220000267028809,8.220000267028809,8.100000381469727,8.170000076293945,719500
2019-02-05,7.826483249664307,8.279999732971191,8.319999694824219,8.170000076293945,8.199999809265137,584500
2019-02-06,8.157313346862793,8.630000114440918,8.789999961853027,8.300000190734863,8.319999694824219,2032500
2019-02-07,7.949362277984619,8.40999984741211,8.739999771118164,8.3100004196167,8.59000015258789,1457000
2019-02-08,7.9210076332092285,8.380000114440918,8.510000228881836,8.270000457763672,8.3100004196167,1159800
2019-02-11,8.01552677154541,8.479999542236328,8.489999771118164,8.270000457763672,8.380000114440918,1309700
2019-02-12,8.431427955627441,8.920000076293945,8.989999771118164,8.0,8.100000381469727,2876400
2019-02-13,8.733901977539062,9.239999771118164,9.31999969482422,8.779999732971191,8.949999809265137,2304500
2019-02-14,8.894591331481934,9.40999984741211,9.470000267028809,9.09000015258789,9.140000343322754,1354600
2019-02-15,8.960756301879883,9.479999542236328,9.550000190734863,9.390000343322754,9.460000038146973,993500
2019-02-19,8.885140419006348,9.399999618530272,9.56999969482422,9.3100004196167,9.470000267028809,1618900
2019-02-20,8.951303482055664,9.470000267028809,9.529999732971191,9.40999984741211,9.40999984741211,1147100
2019-02-21,8.828425407409668,9.34000015258789,9.5,9.300000190734863,9.470000267028809,1114900
2019-02-22,8.828425407409668,9.34000015258789,9.399999618530272,9.220000267028809,9.359999656677246,1080700
2019-02-25,8.781163215637207,9.289999961853027,9.5,9.239999771118164,9.4399995803833,1020000
2019-02-26,8.592119216918945,9.09000015258789,9.289999961853027,9.050000190734863,9.260000228881836,1299800
2019-02-27,8.355812072753906,8.84000015258789,9.079999923706056,8.8100004196167,9.0600004196167,852000
2019-02-28,8.299097061157227,8.779999732971191,8.920000076293945,8.739999771118164,8.779999732971191,931700
2019-03-01,8.412524223327637,8.899999618530273,9.020000457763672,8.84000015258789,8.880000114440918,1004700
2019-03-04,8.535405158996582,9.029999732971191,9.109999656677246,8.869999885559082,8.949999809265137,1321900
2019-03-05,8.365262985229492,8.850000381469727,9.039999961853027,8.829999923706055,9.039999961853027,729300
2019-03-06,8.176218032836914,8.649999618530273,8.84000015258789,8.609999656677246,8.829999923706055,770800
2019-03-07,8.11950397491455,8.59000015258789,8.6899995803833,8.460000038146973,8.619999885559082,704000
2019-03-08,8.00607681274414,8.470000267028809,8.59000015258789,8.420000076293945,8.489999771118164,849200
2019-03-11,8.166765213012695,8.640000343322754,8.65999984741211,8.489999771118164,8.529999732971191,789600
2019-03-12,8.251835823059082,8.729999542236328,8.989999771118164,8.619999885559082,8.699999809265137,798100
2019-03-13,8.11950397491455,8.59000015258789,8.84000015258789,8.5600004196167,8.760000228881836,837100
2019-03-14,8.128957748413086,8.600000381469727,8.739999771118164,8.5600004196167,8.600000381469727,714900
2019-03-15,8.289644241333008,8.770000457763672,8.890000343322754,8.630000114440918,8.6899995803833,1235300
2019-03-18,8.214025497436523,8.6899995803833,8.829999923706055,8.630000114440918,8.739999771118164,826100
2019-03-19,8.232932090759277,8.710000038146973,8.84000015258789,8.710000038146973,8.739999771118164,808400
2019-03-20,8.128957748413086,8.600000381469727,8.760000228881836,8.550000190734863,8.710000038146973,606000
2019-03-21,8.44088077545166,8.930000305175781,8.989999771118164,8.5600004196167,8.59000015258789,787000
2019-03-22,8.18567180633545,8.65999984741211,8.880000114440918,8.619999885559082,8.84000015258789,1160800
2019-03-25,8.157313346862793,8.630000114440918,8.720000267028809,8.489999771118164,8.609999656677246,770300
2019-03-26,8.166765213012695,8.640000343322754,8.800000190734863,8.569999694824219,8.6899995803833,573100
2019-03-27,8.01552677154541,8.479999542236328,8.6899995803833,8.4399995803833,8.630000114440918,515400
2019-03-28,7.996623992919922,8.460000038146973,8.600000381469727,8.390000343322754,8.479999542236328,453400
2019-03-29,8.07224178314209,8.539999961853027,8.600000381469727,8.470000267028809,8.5600004196167,610100
2019-04-01,8.289644241333008,8.770000457763672,8.84000015258789,8.640000343322754,8.640000343322754,668600
2019-04-02,8.2612886428833,8.739999771118164,8.84000015258789,8.710000038146973,8.789999961853027,828000
2019-04-03,8.393621444702148,8.880000114440918,8.989999771118164,8.800000190734863,8.84000015258789,723800
2019-04-04,8.393621444702148,8.880000114440918,8.989999771118164,8.819999694824219,8.90999984741211,612100
2019-04-05,8.459785461425781,8.949999809265137,9.050000190734863,8.890000343322754,8.930000305175781,511800
2019-04-08,8.469237327575684,8.960000038146973,8.979999542236328,8.850000381469727,8.920000076293945,366900
2019-04-09,8.393621444702148,8.880000114440918,8.970000267028809,8.850000381469727,8.899999618530273,491200
2019-04-10,8.469237327575684,8.960000038146973,9.029999732971191,8.859999656677246,8.859999656677246,482700
2019-04-11,8.488142967224121,8.979999542236328,9.0600004196167,8.949999809265137,8.970000267028809,472500
2019-04-12,8.61102294921875,9.109999656677246,9.130000114440918,9.0,9.050000190734863,501000
2019-04-15,8.544854164123535,9.039999961853027,9.170000076293944,9.029999732971191,9.100000381469728,761300
2019-04-16,8.52595329284668,9.020000457763672,9.229999542236328,9.010000228881836,9.079999923706056,541800
2019-04-17,8.535405158996582,9.029999732971191,9.1899995803833,8.960000038146973,9.140000343322754,685200
2019-04-18,8.535405158996582,9.029999732971191,9.130000114440918,9.0,9.029999732971191,637100
2019-04-22,8.412524223327637,8.899999618530273,9.020000457763672,8.880000114440918,8.949999809265137,454600
2019-04-23,8.535405158996582,9.029999732971191,9.170000076293944,8.899999618530273,8.899999618530273,774200
2019-04-24,8.979662895202637,9.5,9.59000015258789,9.100000381469728,9.100000381469728,2098400
2019-04-25,8.885140419006348,9.399999618530272,9.739999771118164,9.390000343322754,9.5,1192700
2019-04-26,8.667736053466797,9.170000076293944,9.34000015258789,9.100000381469728,9.3100004196167,1066500
2019-04-29,8.620474815368652,9.119999885559082,9.239999771118164,9.0600004196167,9.130000114440918,743900
2019-04-30,8.563761711120605,9.0600004196167,9.18000030517578,8.989999771118164,9.109999656677246,889000
2019-05-01,8.488142967224121,8.979999542236328,9.260000228881836,8.9399995803833,9.18000030517578,793700
2019-05-02,8.469237327575684,8.960000038146973,9.09000015258789,8.880000114440918,8.970000267028809,698600
2019-05-03,7.949362277984619,8.40999984741211,9.06999969482422,8.34000015258789,8.90999984741211,1773200
2019-05-06,7.571272373199463,8.010000228881836,8.279999732971191,7.909999847412109,8.199999809265137,1858800
2019-05-07,7.372775077819824,7.800000190734863,8.0,7.659999847412109,8.0,1503100
2019-05-08,7.334965229034424,7.760000228881836,7.829999923706055,7.670000076293945,7.71999979019165,1515500
2019-05-09,7.19318151473999,7.610000133514404,7.679999828338623,7.519999980926514,7.610000133514404,1289000
2019-05-10,7.127014636993408,7.539999961853027,7.699999809265137,7.449999809265137,7.570000171661377,941000
2019-05-13,6.739471912384033,7.130000114440918,7.360000133514404,7.0,7.309999942779541,1644700
2019-05-14,6.805636882781982,7.199999809265137,7.349999904632568,7.190000057220459,7.199999809265137,954800
2019-05-15,6.909614086151123,7.309999942779541,7.349999904632568,7.119999885559082,7.130000114440918,664400
2019-05-16,6.85290002822876,7.25,7.329999923706055,7.170000076293945,7.260000228881836,1150400
2019-05-17,6.767829418182373,7.159999847412109,7.28000020980835,6.960000038146973,6.960000038146973,1216600
2019-05-20,6.663854598999023,7.050000190734863,7.110000133514404,7.03000020980835,7.059999942779541,1777600
2019-05-21,6.626044750213623,7.010000228881836,7.199999809265137,6.989999771118164,7.159999847412109,1109600
2019-05-22,6.512617111206055,6.889999866485596,7.019999980926514,6.860000133514404,6.929999828338623,545100
2019-05-23,6.266858577728272,6.630000114440918,6.78000020980835,6.539999961853027,6.760000228881836,933400
2019-05-24,6.191240310668945,6.550000190734863,6.760000228881836,6.539999961853027,6.690000057220459,553200
2019-05-28,6.143979072570801,6.5,6.630000114440918,6.440000057220459,6.599999904632568,893600
2019-05-29,6.191240310668945,6.550000190734863,6.570000171661377,6.409999847412109,6.449999809265137,1487200
2019-05-30,6.314119815826416,6.679999828338623,6.739999771118164,6.570000171661377,6.570000171661377,1092600
2019-05-31,6.12507438659668,6.480000019073486,6.639999866485596,6.440000057220459,6.579999923706055,822100
2019-06-03,6.2195963859558105,6.579999923706055,6.639999866485596,6.440000057220459,6.489999771118164,1301900
2019-06-04,6.711115837097168,7.099999904632568,7.119999885559082,6.639999866485596,6.699999809265137,1549900
2019-06-05,6.6165924072265625,7.0,7.199999809265137,6.920000076293945,7.150000095367432,1323000
2019-06-06,6.711115837097168,7.099999904632568,7.130000114440918,6.960000038146973,6.980000019073486,746700
2019-06-07,6.682758331298828,7.070000171661377,7.119999885559082,7.0,7.099999904632568,745500
2019-06-10,6.994684219360352,7.400000095367432,7.489999771118164,7.170000076293945,7.170000076293945,1181900
2019-06-11,6.9663262367248535,7.369999885559082,7.519999980926514,7.329999923706055,7.519999980926514,736000
2019-06-12,6.815089225769043,7.210000038146973,7.380000114440918,7.150000095367432,7.340000152587891,579700
2019-06-13,6.862351417541504,7.260000228881836,7.340000152587891,7.199999809265137,7.25,491800
2019-06-14,6.4842610359191895,6.860000133514404,7.179999828338623,6.809999942779541,7.130000114440918,934200
2019-06-17,6.4842610359191895,6.860000133514404,7.0,6.849999904632568,6.929999828338623,569100
2019-06-18,6.730019092559815,7.119999885559082,7.170000076293945,6.929999828338623,6.929999828338623,871100
2019-06-19,6.673305511474609,7.059999942779541,7.21999979019165,7.0,7.159999847412109,592700
2019-06-20,6.796185493469238,7.190000057220459,7.260000228881836,7.150000095367432,7.190000057220459,781000
2019-06-21,6.682758331298828,7.070000171661377,7.159999847412109,7.039999961853027,7.139999866485596,949800
2019-06-24,6.673305511474609,7.059999942779541,7.090000152587891,7.019999980926514,7.070000171661377,880300
2019-06-25,6.531521797180176,6.909999847412109,7.099999904632568,6.900000095367432,7.050000190734863,790400
2019-06-26,6.805636882781982,7.199999809265137,7.239999771118164,7.0,7.03000020980835,588500
2019-06-27,6.975779533386231,7.380000114440918,7.400000095367432,7.260000228881836,7.260000228881836,489000
2019-06-28,7.051396369934082,7.460000038146973,7.489999771118164,7.309999942779541,7.409999847412109,1379300
2019-07-01,7.259346961975098,7.679999828338623,7.860000133514404,7.610000133514404,7.730000019073486,754900
2019-07-02,7.127014636993408,7.539999961853027,7.659999847412109,7.46999979019165,7.619999885559082,541700
2019-07-03,7.070301532745361,7.480000019073486,7.559999942779541,7.429999828338623,7.559999942779541,252300
2019-07-05,6.994684219360352,7.400000095367432,7.46999979019165,7.289999961853027,7.429999828338623,506800
2019-07-08,6.947421550750732,7.349999904632568,7.380000114440918,7.28000020980835,7.380000114440918,618700
2019-07-09,6.985231399536133,7.389999866485596,7.409999847412109,7.28000020980835,7.309999942779541,653200
2019-07-10,7.032492637634277,7.440000057220459,7.599999904632568,7.400000095367432,7.480000019073486,507800
2019-07-11,6.994684219360352,7.400000095367432,7.5,7.340000152587891,7.460000038146973,578800
2019-07-12,7.145919322967529,7.559999942779541,7.599999904632568,7.360000133514404,7.400000095367432,486900
2019-07-15,7.155372142791748,7.570000171661377,7.659999847412109,7.53000020980835,7.570000171661377,348900
2019-07-16,7.155372142791748,7.570000171661377,7.590000152587891,7.46999979019165,7.570000171661377,490700
2019-07-17,7.183728218078613,7.599999904632568,7.679999828338623,7.480000019073486,7.590000152587891,427800
2019-07-18,7.230990409851074,7.650000095367432,7.710000038146973,7.610000133514404,7.619999885559082,435200
2019-07-19,7.202633857727051,7.619999885559082,7.75,7.610000133514404,7.639999866485596,683400
2019-07-22,7.325512886047363,7.75,7.789999961853027,7.630000114440918,7.650000095367432,877100
2019-07-23,7.495654582977295,7.929999828338623,7.940000057220459,7.800000190734863,7.809999942779541,616600
2019-07-24,7.864292144775391,8.319999694824219,8.319999694824219,7.949999809265137,7.949999809265137,928300
2019-07-25,7.599628448486328,8.039999961853027,8.329999923706055,8.020000457763672,8.3100004196167,853900
2019-07-26,7.750865459442139,8.199999809265137,8.199999809265137,8.069999694824219,8.109999656677246,507900
2019-07-29,7.731961250305176,8.180000305175781,8.260000228881836,8.039999961853027,8.229999542236328,1059900
2019-07-30,9.244321823120115,9.779999732971191,9.789999961853027,8.069999694824219,8.399999618530273,3856300
2019-07-31,8.724449157714844,9.229999542236328,9.640000343322754,8.979999542236328,9.550000190734863,2562800
2019-08-01,8.733901977539062,9.239999771118164,9.539999961853027,9.029999732971191,9.210000038146973,1525700
2019-08-02,8.658283233642578,9.15999984741211,9.210000038146973,8.930000305175781,9.1899995803833,849300
2019-08-05,8.374713897705078,8.859999656677246,8.989999771118164,8.640000343322754,8.890000343322754,1138000
2019-08-06,8.18567180633545,8.65999984741211,9.109999656677246,8.5600004196167,8.960000038146973,1362000
2019-08-07,8.289644241333008,8.770000457763672,8.84000015258789,8.520000457763672,8.520000457763672,1303500
2019-08-08,8.52595329284668,9.020000457763672,9.079999923706056,8.779999732971191,8.850000381469727,743800
2019-08-09,8.450331687927246,8.9399995803833,9.010000228881836,8.720000267028809,8.949999809265137,952700
2019-08-12,8.346359252929688,8.829999923706055,8.890000343322754,8.789999961853027,8.850000381469727,386100
2019-08-13,8.459785461425781,8.949999809265137,9.020000457763672,8.760000228881836,8.800000190734863,584900
2019-08-14,8.166765213012695,8.640000343322754,8.779999732971191,8.609999656677246,8.75,679600
2019-08-15,8.166765213012695,8.640000343322754,8.779999732971191,8.5600004196167,8.770000457763672,330100
2019-08-16,8.44088077545166,8.930000305175781,8.970000267028809,8.609999656677246,8.710000038146973,487900
2019-08-19,8.544854164123535,9.039999961853027,9.149999618530272,8.989999771118164,9.109999656677246,1078300
2019-08-20,8.431427955627441,8.920000076293945,9.0600004196167,8.859999656677246,9.050000190734863,484600
2019-08-21,8.52595329284668,9.020000457763672,9.050000190734863,8.920000076293945,9.010000228881836,419400
2019-08-22,8.592119216918945,9.09000015258789,9.1899995803833,9.0,9.109999656677246,724900
2019-08-23,8.318000793457031,8.800000190734863,9.18000030517578,8.779999732971191,9.010000228881836,542100
2019-08-26,8.138408660888672,8.609999656677246,8.90999984741211,8.579999923706055,8.8100004196167,758400
2019-08-27,8.04388427734375,8.510000228881836,8.729999542236328,8.5,8.720000267028809,432000
2019-08-28,8.18567180633545,8.65999984741211,8.6899995803833,8.359999656677246,8.449999809265137,523600
2019-08-29,8.355812072753906,8.84000015258789,8.90999984741211,8.789999961853027,8.789999961853027,462600
2019-08-30,8.270739555358887,8.75,8.890000343322754,8.630000114440918,8.880000114440918,489000
2019-09-03,8.128957748413086,8.600000381469727,8.710000038146973,8.529999732971191,8.710000038146973,443300
2019-09-04,8.346359252929688,8.829999923706055,8.880000114440918,8.619999885559082,8.75,645700
2019-09-05,8.573214530944824,9.06999969482422,9.270000457763672,9.0,9.0,868600
2019-09-06,8.563761711120605,9.0600004196167,9.119999885559082,9.0,9.119999885559082,444000
2019-09-09,8.648832321166992,9.149999618530272,9.149999618530272,8.899999618530273,9.06999969482422,638800
2019-09-10,8.61102294921875,9.109999656677246,9.15999984741211,8.920000076293945,9.140000343322754,477100
2019-09-11,8.733901977539062,9.239999771118164,9.279999732971191,9.0,9.149999618530272,1126100
2019-09-12,8.724449157714844,9.229999542236328,9.369999885559082,9.0600004196167,9.239999771118164,572700
2019-09-13,8.620474815368652,9.119999885559082,9.260000228881836,9.09000015258789,9.220000267028809,514600
2019-09-16,8.573214530944824,9.06999969482422,9.170000076293944,8.9399995803833,9.0,559300
2019-09-17,8.629928588867188,9.130000114440918,9.130000114440918,8.859999656677246,9.010000228881836,759500
2019-09-18,8.648832321166992,9.149999618530272,9.199999809265137,9.010000228881836,9.079999923706056,1084500
2019-09-19,8.818971633911133,9.329999923706056,9.5,9.1899995803833,9.199999809265137,1192200
2019-09-20,8.544854164123535,9.039999961853027,9.34000015258789,8.9399995803833,9.270000457763672,2151600
2019-09-23,8.667736053466797,9.170000076293944,9.25,9.039999961853027,9.039999961853027,1036200
2019-09-24,8.459785461425781,8.949999809265137,9.329999923706056,8.920000076293945,9.229999542236328,1080800
2019-09-25,8.667736053466797,9.170000076293944,9.1899995803833,8.920000076293945,8.920000076293945,792700
2019-09-26,8.563761711120605,9.0600004196167,9.18000030517578,9.020000457763672,9.149999618530272,365800
2019-09-27,8.412524223327637,8.899999618530273,9.210000038146973,8.789999961853027,9.010000228881836,654300
2019-09-30,8.601569175720215,9.100000381469728,9.140000343322754,8.960000038146973,8.960000038146973,1101000
2019-10-01,8.696091651916504,9.199999809265137,9.31999969482422,9.140000343322754,9.18000030517578,953100
2019-10-02,8.733901977539062,9.239999771118164,9.239999771118164,9.010000228881836,9.140000343322754,968000
2019-10-03,9.008016586303713,9.529999732971191,9.56999969482422,9.15999984741211,9.210000038146973,1670400
2019-10-04,9.33884620666504,9.880000114440918,9.989999771118164,9.550000190734863,9.550000190734863,1235200
2019-10-07,9.225422859191896,9.760000228881836,10.010000228881836,9.699999809265137,9.920000076293944,948100
2019-10-08,9.036375045776367,9.5600004196167,9.789999961853027,9.489999771118164,9.710000038146973,549400
2019-10-09,9.130895614624023,9.65999984741211,9.729999542236328,9.5600004196167,9.670000076293944,572700
2019-10-10,9.130895614624023,9.65999984741211,9.81999969482422,9.56999969482422,9.6899995803833,513300
2019-10-11,9.225422859191896,9.760000228881836,9.949999809265137,9.739999771118164,9.789999961853027,542600
2019-10-14,9.206514358520508,9.739999771118164,9.8100004196167,9.649999618530272,9.770000457763672,387300
2019-10-15,9.329395294189451,9.869999885559082,9.960000038146973,9.75,9.81999969482422,522500
2019-10-16,9.244321823120115,9.779999732971191,9.869999885559082,9.720000267028809,9.859999656677246,478400
2019-10-17,9.310492515563965,9.850000381469728,10.029999732971191,9.720000267028809,9.850000381469728,489900
2019-10-18,9.348299026489258,9.890000343322754,9.9399995803833,9.779999732971191,9.789999961853027,508000
2019-10-21,9.63186740875244,10.1899995803833,10.350000381469728,9.949999809265137,10.0600004196167,806500
2019-10-22,9.546799659729004,10.100000381469728,10.199999809265137,10.079999923706056,10.18000030517578,602700
2019-10-23,9.348299026489258,9.890000343322754,10.029999732971191,9.829999923706056,10.0,670200
2019-10-24,9.792557716369627,10.359999656677246,10.369999885559082,9.93000030517578,10.029999732971191,797200
2019-10-25,10.236814498901367,10.829999923706056,10.829999923706056,10.34000015258789,10.380000114440918,1238500
2019-10-28,10.473118782043455,11.079999923706056,11.1899995803833,10.90999984741211,10.920000076293944,1503500
2019-10-29,14.102792739868164,14.920000076293944,15.0,13.149999618530272,13.460000038146973,7896800
2019-10-30,12.855093002319336,13.600000381469728,15.25,13.579999923706056,14.850000381469728,3942800
2019-10-31,11.74917697906494,12.43000030517578,13.979999542236328,12.3100004196167,13.6899995803833,3273300
2019-11-01,12.25014877319336,12.960000038146973,12.970000267028809,12.5,12.550000190734863,2522800
2019-11-04,12.59988021850586,13.329999923706056,13.329999923706056,12.989999771118164,13.079999923706056,1876600
2019-11-05,12.486454963684082,13.210000038146973,13.300000190734863,12.960000038146973,13.239999771118164,2004400
2019-11-06,12.35412311553955,13.06999969482422,13.210000038146973,12.850000381469728,13.210000038146973,906700
2019-11-07,12.061102867126465,12.760000228881836,13.25,12.619999885559082,13.25,1398000
2019-11-08,12.089457511901855,12.789999961853027,12.869999885559082,12.609999656677246,12.670000076293944,672400
2019-11-11,12.013840675354004,12.710000038146973,12.869999885559082,12.520000457763672,12.6899995803833,688600
2019-11-12,12.202886581420898,12.90999984741211,13.0,12.649999618530272,12.739999771118164,957200
2019-11-13,12.25014877319336,12.960000038146973,13.100000381469728,12.760000228881836,12.829999923706056,900600
2019-11-14,12.174530982971191,12.880000114440918,12.949999809265137,12.68000030517578,12.920000076293944,690800
2019-11-15,12.287958145141602,13.0,13.40999984741211,12.899999618530272,13.0,1387800
2019-11-18,12.193434715270996,12.899999618530272,13.06999969482422,12.829999923706056,12.989999771118164,648300
2019-11-19,12.287958145141602,13.0,13.06999969482422,12.890000343322754,12.90999984741211,1363200
2019-11-20,12.59988021850586,13.329999923706056,13.5,12.960000038146973,12.960000038146973,2167800
2019-11-21,11.64520263671875,12.31999969482422,13.43000030517578,12.09000015258789,13.210000038146973,1523500
2019-11-22,11.465609550476074,12.130000114440918,12.460000038146973,12.050000190734863,12.350000381469728,762900
2019-11-25,11.81534194946289,12.5,12.56999969482422,12.15999984741211,12.15999984741211,675800
2019-11-26,11.64520263671875,12.31999969482422,12.59000015258789,12.239999771118164,12.470000267028809,1244500
2019-11-27,11.654654502868652,12.329999923706056,12.40999984741211,12.15999984741211,12.31999969482422,865900
2019-11-29,11.427800178527832,12.09000015258789,12.260000228881836,12.09000015258789,12.210000038146973,529600
2019-12-02,11.144232749938965,11.789999961853027,12.109999656677246,11.75,12.100000381469728,1188500
2019-12-03,11.096970558166504,11.739999771118164,11.90999984741211,11.470000267028809,11.5600004196167,940400
2019-12-04,11.484514236450195,12.149999618530272,12.15999984741211,11.6899995803833,11.859999656677246,1296800
2019-12-05,11.76808261871338,12.449999809265137,12.539999961853027,12.239999771118164,12.260000228881836,2159300
2019-12-06,11.909867286682127,12.600000381469728,12.699999809265137,12.510000228881836,12.68000030517578,1009300
2019-12-09,11.862606048583984,12.550000190734863,12.640000343322754,12.529999732971191,12.56999969482422,471600
2019-12-10,11.74917697906494,12.43000030517578,12.630000114440918,12.329999923706056,12.5600004196167,743800
2019-12-11,12.051651000976562,12.75,12.779999732971191,12.4399995803833,12.489999771118164,753900
2019-12-12,12.042198181152344,12.739999771118164,12.890000343322754,12.039999961853027,12.119999885559082,1196600
2019-12-13,12.089457511901855,12.789999961853027,12.880000114440918,12.609999656677246,12.65999984741211,563200
2019-12-16,12.202886581420898,12.90999984741211,13.039999961853027,12.800000190734863,12.800000190734863,580100
2019-12-17,12.231243133544922,12.9399995803833,13.0,12.84000015258789,13.0,657400
2019-12-18,12.269051551818848,12.979999542236328,13.0600004196167,12.880000114440918,13.0,828000
2019-12-19,12.25014877319336,12.960000038146973,13.039999961853027,12.859999656677246,13.020000457763672,574000
2019-12-20,12.458097457885742,13.18000030517578,13.270000457763672,12.920000076293944,13.039999961853027,1826700
2019-12-23,12.713309288024902,13.449999809265137,13.670000076293944,13.199999809265137,13.289999961853027,809400
2019-12-24,12.628239631652832,13.359999656677246,13.550000190734863,13.130000114440918,13.460000038146973,330200
2019-12-26,13.129207611083984,13.890000343322754,14.079999923706056,13.34000015258789,13.359999656677246,1680400
2019-12-27,12.552623748779297,13.279999732971191,14.06999969482422,13.260000228881836,14.010000228881836,1042700
2019-12-30,12.543169021606444,13.270000457763672,13.390000343322754,12.979999542236328,13.279999732971191,618200
2019-12-31,12.287958145141602,13.0,13.25,12.960000038146973,13.15999984741211,788300
2020-01-02,12.533717155456545,13.260000228881836,13.260000228881836,13.0,13.170000076293944,712100
2020-01-03,12.193434715270996,12.899999618530272,13.0600004196167,12.720000267028809,13.010000228881836,738300
2020-01-06,12.146173477172852,12.850000381469728,12.979999542236328,12.56999969482422,12.670000076293944,732100
2020-01-07,12.316312789916992,13.029999732971191,13.210000038146973,12.739999771118164,12.90999984741211,667300
2020-01-08,12.335217475891112,13.050000190734863,13.079999923706056,12.75,13.029999732971191,1030400
2020-01-09,12.22179126739502,12.93000030517578,13.5,12.899999618530272,13.199999809265137,877600
2020-01-10,12.013840675354004,12.710000038146973,12.9399995803833,12.670000076293944,12.93000030517578,571900
2020-01-13,12.080005645751951,12.779999732971191,12.850000381469728,12.6899995803833,12.75,740700
2020-01-14,12.212336540222168,12.920000076293944,13.039999961853027,12.739999771118164,12.789999961853027,1032700
2020-01-15,12.269051551818848,12.979999542236328,13.050000190734863,12.829999923706056,12.90999984741211,847800
2020-01-16,12.505358695983888,13.229999542236328,13.279999732971191,12.989999771118164,12.989999771118164,691400
2020-01-17,12.477001190185549,13.199999809265137,13.420000076293944,13.029999732971191,13.350000381469728,615000
2020-01-21,12.38248062133789,13.100000381469728,13.199999809265137,13.029999732971191,13.100000381469728,826600
2020-01-22,12.477001190185549,13.199999809265137,13.40999984741211,13.109999656677246,13.119999885559082,1016100
2020-01-23,12.656596183776855,13.390000343322754,13.479999542236328,13.109999656677246,13.199999809265137,645400
2020-01-24,12.089457511901855,12.789999961853027,13.449999809265137,12.65999984741211,13.4399995803833,1605200
2020-01-27,11.200944900512695,11.850000381469728,12.460000038146973,11.800000190734863,12.460000038146973,1221400
2020-01-28,11.3616361618042,12.020000457763672,12.18000030517578,11.9399995803833,11.9399995803833,877600
2020-01-29,11.267111778259276,11.920000076293944,12.140000343322754,11.8100004196167,12.06999969482422,1098400
2020-01-30,11.314372062683104,11.970000267028809,12.130000114440918,11.699999809265137,11.789999961853027,781800
2020-01-31,10.633808135986328,11.25,11.869999885559082,11.199999809265137,11.84000015258789,1185300
2020-02-03,10.558192253112791,11.170000076293944,11.369999885559082,11.130000114440918,11.210000038146973,987000
2020-02-04,10.832305908203123,11.460000038146973,11.550000190734863,11.210000038146973,11.369999885559082,945600
2020-02-05,11.18204116821289,11.829999923706056,11.84000015258789,11.520000457763672,11.720000267028809,1131300
2020-02-06,10.81340217590332,11.4399995803833,11.869999885559082,11.43000030517578,11.869999885559082,914800
2020-02-07,10.473118782043455,11.079999923706056,11.40999984741211,11.0600004196167,11.31999969482422,1405200
2020-02-10,10.917378425598145,11.550000190734863,11.609999656677246,10.949999809265137,11.079999923706056,2878700
2020-02-11,12.514812469482422,13.239999771118164,14.81999969482422,13.079999923706056,13.920000076293944,7993600
2020-02-12,12.2785062789917,12.989999771118164,13.600000381469728,12.789999961853027,13.380000114440918,2536400
2020-02-13,12.013840675354004,12.710000038146973,13.020000457763672,12.56999969482422,12.729999542236328,1522100
2020-02-14,11.938222885131836,12.630000114440918,12.880000114440918,12.539999961853027,12.800000190734863,1618800
2020-02-18,11.399442672729492,12.0600004196167,12.5,12.039999961853027,12.449999809265137,2102500
2020-02-19,11.701915740966797,12.380000114440918,12.460000038146973,12.15999984741211,12.18000030517578,1376600
2020-02-20,12.2785062789917,12.989999771118164,13.0600004196167,12.039999961853027,12.3100004196167,3711200
2020-02-21,11.64520263671875,12.31999969482422,13.079999923706056,12.199999809265137,12.949999809265137,1691700
2020-02-24,10.50147533416748,11.109999656677246,11.81999969482422,11.09000015258789,11.699999809265137,1789700
2020-02-25,9.905982971191406,10.479999542236328,11.31999969482422,10.390000343322754,11.210000038146973,1993700
2020-02-26,9.858721733093262,10.43000030517578,10.81999969482422,10.289999961853027,10.579999923706056,1131900
2020-02-27,9.442822456359863,9.989999771118164,10.380000114440918,9.81999969482422,10.09000015258789,1722600
2020-02-28,9.868175506591797,10.4399995803833,10.470000267028809,9.260000228881836,9.5,2878300
2020-03-02,9.96269702911377,10.539999961853027,10.619999885559082,9.9399995803833,10.550000190734863,1590400
2020-03-03,9.754748344421388,10.31999969482422,10.859999656677246,10.1899995803833,10.56999969482422,1446500
2020-03-04,10.274622917175291,10.869999885559082,10.960000038146973,10.329999923706056,10.56999969482422,921200
2020-03-05,9.754748344421388,10.31999969482422,10.729999542236328,10.149999618530272,10.529999732971191,1085800
2020-03-06,9.319942474365234,9.859999656677246,10.149999618530272,9.600000381469728,9.949999809265137,1009500
2020-03-09,8.138408660888672,8.609999656677246,9.1899995803833,8.59000015258789,9.140000343322754,1213700
2020-03-10,8.922947883605957,9.4399995803833,9.470000267028809,8.710000038146973,9.130000114440918,1471000
2020-03-11,8.176218032836914,8.649999618530273,9.270000457763672,8.5600004196167,9.09000015258789,2142300
2020-03-12,6.9663262367248535,7.369999885559082,8.100000381469727,7.349999904632568,7.920000076293945,1764100
2020-03-13,7.590177536010742,8.029999732971191,8.149999618530273,7.369999885559082,7.920000076293945,2175100
2020-03-16,6.881256103515625,7.28000020980835,7.940000057220459,7.0,7.010000228881836,1692300
2020-03-17,7.542914867401123,7.980000019073486,8.029999732971191,6.909999847412109,7.449999809265137,2541900
2020-03-18,5.463415622711182,5.78000020980835,7.510000228881836,5.5,7.300000190734863,2032200
2020-03-19,6.12507438659668,6.480000019073486,6.599999904632568,5.400000095367432,5.809999942779541,2623500
2020-03-20,6.569331169128418,6.949999809265137,7.489999771118164,6.5,6.739999771118164,3177700
2020-03-23,6.578783512115479,6.960000038146973,7.210000038146973,6.489999771118164,7.210000038146973,1850100
2020-03-24,7.599628448486328,8.039999961853027,8.09000015258789,7.380000114440918,7.46999979019165,2159800
2020-03-25,7.798126220703125,8.25,8.630000114440918,7.760000228881836,8.15999984741211,1618400
2020-03-26,8.091147422790527,8.5600004196167,8.699999809265137,8.199999809265137,8.34000015258789,1772500
2020-03-27,7.306608200073242,7.730000019073486,8.119999885559082,7.630000114440918,8.119999885559082,2137300
2020-03-30,7.902101039886475,8.359999656677246,8.359999656677246,7.769999980926514,7.78000020980835,1177400
2020-03-31,7.363321781158447,7.789999961853027,8.399999618530273,7.75,8.350000381469727,1857000
2020-04-01,6.9663262367248535,7.369999885559082,7.739999771118164,7.139999866485596,7.420000076293945,1779200
2020-04-02,7.089204788208008,7.5,7.730000019073486,7.170000076293945,7.239999771118164,1258000
2020-04-03,6.985231399536133,7.389999866485596,7.519999980926514,7.139999866485596,7.380000114440918,1517400
2020-04-06,8.062788963317871,8.529999732971191,8.569999694824219,7.75,7.880000114440918,1514000
2020-04-07,8.289644241333008,8.770000457763672,9.170000076293944,8.649999618530273,8.970000267028809,1652600
2020-04-08,8.733901977539062,9.239999771118164,9.350000381469728,8.720000267028809,8.920000076293945,1308400
2020-04-09,8.677186965942383,9.18000030517578,9.670000076293944,9.119999885559082,9.5,2355500
2020-04-13,8.49759578704834,8.989999771118164,9.130000114440918,8.829999923706055,9.130000114440918,1021000
2020-04-14,8.629928588867188,9.130000114440918,9.399999618530272,9.020000457763672,9.210000038146973,1222400
2020-04-15,8.166765213012695,8.640000343322754,8.8100004196167,8.510000228881836,8.770000457763672,1640800
2020-04-16,8.667736053466797,9.170000076293944,9.229999542236328,8.609999656677246,8.8100004196167,1129700
2020-04-17,8.922947883605957,9.4399995803833,9.649999618530272,9.199999809265137,9.550000190734863,1215500
2020-04-20,8.724449157714844,9.229999542236328,9.369999885559082,9.020000457763672,9.149999618530272,701700
2020-04-21,8.299097061157227,8.779999732971191,9.100000381469728,8.729999542236328,8.920000076293945,1385500
2020-04-22,8.648832321166992,9.149999618530272,9.239999771118164,9.020000457763672,9.149999618530272,889600
2020-04-23,8.667736053466797,9.170000076293944,9.449999809265137,9.0600004196167,9.15999984741211,925000
2020-04-24,8.894591331481934,9.40999984741211,9.489999771118164,9.130000114440918,9.170000076293944,860600
2020-04-27,9.63186740875244,10.1899995803833,10.289999961853027,9.56999969482422,9.720000267028809,2366800
2020-04-28,9.04582691192627,9.56999969482422,10.779999732971191,9.170000076293944,10.649999618530272,4453000
2020-04-29,9.943793296813965,10.520000457763672,10.800000190734863,9.609999656677246,9.65999984741211,2427300
2020-04-30,9.33884620666504,9.880000114440918,10.449999809265137,9.859999656677246,10.420000076293944,1576800
2020-05-01,9.197061538696287,9.729999542236328,9.739999771118164,9.380000114440918,9.640000343322754,1436200
2020-05-04,9.197061538696287,9.729999542236328,9.75,9.479999542236328,9.609999656677246,1661800
2020-05-05,9.187610626220703,9.720000267028809,10.220000267028809,9.65999984741211,9.890000343322754,1756600
2020-05-06,9.21596908569336,9.75,10.0600004196167,9.699999809265137,9.850000381469728,867300
2020-05-07,9.244321823120115,9.779999732971191,9.989999771118164,9.760000228881836,9.93000030517578,867700
2020-05-08,9.575153350830078,10.130000114440918,10.149999618530272,9.90999984741211,9.989999771118164,761600
2020-05-11,9.471179008483888,10.020000457763672,10.199999809265137,9.81999969482422,9.960000038146973,972100
2020-05-12,9.414464950561523,9.960000038146973,10.359999656677246,9.800000190734863,10.050000190734863,1251800
2020-05-13,8.960756301879883,9.479999542236328,9.979999542236328,9.390000343322754,9.890000343322754,1502900
2020-05-14,9.130895614624023,9.65999984741211,9.670000076293944,9.039999961853027,9.34000015258789,1191400
2020-05-15,8.875686645507812,9.390000343322754,9.550000190734863,9.239999771118164,9.449999809265137,1187700
2020-05-18,9.461725234985352,10.010000228881836,10.06999969482422,9.579999923706056,9.710000038146973,1556400
2020-05-19,9.282133102416992,9.81999969482422,10.149999618530272,9.81999969482422,9.960000038146973,836800
2020-05-20,9.471179008483888,10.020000457763672,10.149999618530272,9.90999984741211,10.050000190734863,875900
2020-05-21,9.37665557861328,9.920000076293944,10.119999885559082,9.800000190734863,10.050000190734863,1211300
2020-05-22,9.272682189941406,9.8100004196167,10.0,9.75,9.960000038146973,757700
2020-05-26,9.839818000793455,10.40999984741211,10.56999969482422,10.079999923706056,10.239999771118164,1295100
2020-05-27,10.36914348602295,10.970000267028809,10.989999771118164,10.130000114440918,10.609999656677246,1510100
2020-05-28,9.830365180969238,10.399999618530272,11.0600004196167,10.34000015258789,10.989999771118164,929900
2020-05-29,10.000506401062012,10.579999923706056,10.670000076293944,10.239999771118164,10.369999885559082,1172800
2020-06-01,9.896533012390137,10.470000267028809,10.699999809265137,10.359999656677246,10.579999923706056,833700
2020-06-02,10.009960174560549,10.59000015258789,10.619999885559082,10.279999732971191,10.56999969482422,1359500
2020-06-03,10.785045623779297,11.40999984741211,11.489999771118164,10.789999961853027,10.789999961853027,1506200
2020-06-04,11.087517738342283,11.729999542236328,11.920000076293944,11.350000381469728,11.350000381469728,1603900
2020-06-05,11.862606048583984,12.550000190734863,13.09000015258789,12.0,12.0,2606200
2020-06-08,12.023295402526855,12.720000267028809,13.020000457763672,12.640000343322754,13.0,1464700
2020-06-09,11.919318199157717,12.609999656677246,12.8100004196167,12.31999969482422,12.479999542236328,1173100
2020-06-10,11.777535438537598,12.460000038146973,12.720000267028809,12.420000076293944,12.630000114440918,1125100
2020-06-11,10.50147533416748,11.109999656677246,12.06999969482422,11.0600004196167,11.8100004196167,1869400
2020-06-12,11.12532901763916,11.770000457763672,11.84000015258789,11.420000076293944,11.640000343322754,1486200
2020-06-15,11.106422424316406,11.75,11.859999656677246,11.1899995803833,11.380000114440918,1091500
2020-06-16,11.44670295715332,12.109999656677246,12.5,12.010000228881836,12.279999732971191,1274800
2020-06-17,11.560129165649414,12.229999542236328,12.43000030517578,12.0600004196167,12.210000038146973,1172100
2020-06-18,11.418344497680664,12.079999923706056,12.329999923706056,11.920000076293944,12.109999656677246,1355000
2020-06-19,11.163135528564451,11.8100004196167,12.300000190734863,11.779999732971191,12.1899995803833,1719900
2020-06-22,11.3616361618042,12.020000457763672,12.039999961853027,11.600000381469728,11.770000457763672,1389700
2020-06-23,11.673559188842772,12.350000381469728,12.390000343322754,12.130000114440918,12.270000457763672,1580300
2020-06-24,11.333276748657228,11.989999771118164,12.220000267028809,11.81999969482422,12.220000267028809,1095100
2020-06-25,11.512869834899902,12.18000030517578,12.210000038146973,11.65999984741211,11.970000267028809,839300
2020-06-26,11.144232749938965,11.789999961853027,12.130000114440918,11.789999961853027,12.050000190734863,1677400
2020-06-29,11.22930145263672,11.880000114440918,11.989999771118164,11.6899995803833,11.93000030517578,776300
2020-06-30,11.63575267791748,12.3100004196167,12.380000114440918,11.899999618530272,11.899999618530272,1219900
2020-07-01,11.333276748657228,11.989999771118164,12.300000190734863,11.989999771118164,12.279999732971191,779100
2020-07-02,11.597940444946287,12.270000457763672,12.489999771118164,12.18000030517578,12.289999961853027,907900
2020-07-06,11.824793815612791,12.510000228881836,12.640000343322754,12.460000038146973,12.510000228881836,979700
2020-07-07,11.484514236450195,12.149999618530272,12.5,12.140000343322754,12.470000267028809,906100
2020-07-08,11.654654502868652,12.329999923706056,12.369999885559082,12.06999969482422,12.149999618530272,1003500
2020-07-09,11.777535438537598,12.460000038146973,12.5600004196167,12.239999771118164,12.369999885559082,1092800
2020-07-10,11.522321701049805,12.1899995803833,12.489999771118164,12.170000076293944,12.479999542236328,783600
2020-07-13,11.304919242858888,11.960000038146973,12.520000457763672,11.949999809265137,12.359999656677246,1065800
2020-07-14,11.569583892822266,12.239999771118164,12.260000228881836,11.770000457763672,11.960000038146973,1121600
2020-07-15,11.512869834899902,12.18000030517578,12.470000267028809,12.0,12.359999656677246,862600
2020-07-16,11.541227340698242,12.210000038146973,12.239999771118164,11.949999809265137,12.0600004196167,698600
2020-07-17,11.493967056274414,12.15999984741211,12.279999732971191,12.100000381469728,12.229999542236328,483600
2020-07-20,11.63575267791748,12.3100004196167,12.390000343322754,12.149999618530272,12.3100004196167,773500
2020-07-21,11.61684513092041,12.289999961853027,12.550000190734863,12.18000030517578,12.510000228881836,918600
2020-07-22,11.560129165649414,12.229999542236328,12.449999809265137,12.199999809265137,12.380000114440918,764400
2020-07-23,11.947675704956056,12.640000343322754,12.989999771118164,12.149999618530272,12.15999984741211,1625600
2020-07-24,11.418344497680664,12.079999923706056,12.640000343322754,12.06999969482422,12.470000267028809,1325700
2020-07-27,12.892904281616213,13.640000343322754,13.699999809265137,12.149999618530272,12.149999618530272,3567000
2020-07-28,13.545109748840332,14.329999923706056,15.800000190734863,13.720000267028809,15.399999618530272,7401600
2020-07-29,13.384418487548828,14.15999984741211,14.479999542236328,13.779999732971191,14.399999618530272,2133300
2020-07-30,13.39387321472168,14.170000076293944,14.1899995803833,13.75,13.899999618530272,1540000
2020-07-31,12.855093002319336,13.600000381469728,14.239999771118164,13.390000343322754,14.170000076293944,1472100
2020-08-03,13.006329536437988,13.760000228881836,13.989999771118164,13.68000030517578,13.75,1251700
2020-08-04,12.81728458404541,13.5600004196167,13.850000381469728,13.4399995803833,13.81999969482422,1001300
2020-08-05,12.96852207183838,13.720000267028809,13.770000457763672,13.520000457763672,13.670000076293944,956100
2020-08-06,12.67549991607666,13.40999984741211,13.760000228881836,13.380000114440918,13.75,753400
2020-08-07,12.306861877441406,13.020000457763672,13.399999618530272,12.789999961853027,13.220000267028809,1206000
2020-08-10,12.146173477172852,12.850000381469728,13.06999969482422,12.619999885559082,13.050000190734863,1462900
2020-08-11,12.089457511901855,12.789999961853027,13.050000190734863,12.670000076293944,12.890000343322754,1171700
2020-08-12,12.798378944396973,13.539999961853027,13.579999923706056,12.789999961853027,12.869999885559082,1623400
2020-08-13,12.67549991607666,13.40999984741211,13.59000015258789,13.239999771118164,13.5,1216800
2020-08-14,12.72276210784912,13.460000038146973,13.59000015258789,13.329999923706056,13.350000381469728,855400
2020-08-17,13.034687042236328,13.789999961853027,13.949999809265137,13.510000228881836,13.579999923706056,950500
2020-08-18,12.826736450195312,13.56999969482422,13.93000030517578,13.399999618530272,13.859999656677246,1029300
2020-08-19,12.732213973999023,13.470000267028809,13.850000381469728,13.43000030517578,13.56999969482422,1037100
2020-08-20,12.193434715270996,12.899999618530272,13.34000015258789,12.789999961853027,13.34000015258789,1191300
2020-08-21,11.900413513183594,12.59000015258789,12.880000114440918,12.529999732971191,12.789999961853027,784200
2020-08-24,12.080005645751951,12.779999732971191,12.899999618530272,12.640000343322754,12.710000038146973,681600
2020-08-25,12.146173477172852,12.850000381469728,12.989999771118164,12.720000267028809,12.800000190734863,637100
2020-08-26,12.325765609741213,13.039999961853027,13.109999656677246,12.829999923706056,12.850000381469728,660000
2020-08-27,11.85315227508545,12.539999961853027,13.079999923706056,12.369999885559082,13.029999732971191,1037300
2020-08-28,11.976034164428713,12.670000076293944,12.6899995803833,12.460000038146973,12.56999969482422,698400
2020-08-31,11.531774520874023,12.199999809265137,12.670000076293944,12.130000114440918,12.600000381469728,887800
2020-09-01,11.81534194946289,12.5,12.5,12.149999618530272,12.229999542236328,1123600
2020-09-02,12.07055377960205,12.770000457763672,12.81999969482422,12.510000228881836,12.579999923706056,675900
2020-09-03,11.22930145263672,11.880000114440918,12.68000030517578,11.81999969482422,12.59000015258789,1313100
2020-09-04,10.870116233825684,11.5,11.989999771118164,11.130000114440918,11.90999984741211,1414200
2020-09-08,10.142289161682127,10.729999542236328,11.270000457763672,10.710000038146973,11.149999618530272,1381800
2020-09-09,10.53928565979004,11.149999618530272,11.260000228881836,10.869999885559082,10.960000038146973,1097000
2020-09-10,10.36914348602295,10.970000267028809,11.399999618530272,10.960000038146973,11.25,939800
2020-09-11,10.284074783325195,10.880000114440918,11.25,10.84000015258789,11.029999732971191,888800
2020-09-14,10.907923698425291,11.539999961853027,11.869999885559082,11.329999923706056,11.539999961853027,1280200
2020-09-15,10.785045623779297,11.40999984741211,11.770000457763672,11.390000343322754,11.65999984741211,1046200
2020-09-16,10.860661506652832,11.489999771118164,11.640000343322754,11.4399995803833,11.470000267028809,1335800
2020-09-17,10.851211547851562,11.479999542236328,11.5600004196167,11.010000228881836,11.1899995803833,1657900
2020-09-18,10.633808135986328,11.25,11.649999618530272,11.15999984741211,11.619999885559082,2141900
2020-09-21,10.54873752593994,11.15999984741211,11.170000076293944,10.949999809265137,10.979999542236328,946900
2020-09-22,10.690523147583008,11.3100004196167,11.369999885559082,11.100000381469728,11.359999656677246,896500
2020-09-23,10.312432289123535,10.90999984741211,11.43000030517578,10.850000381469728,11.289999961853027,828500
2020-09-24,10.321884155273438,10.920000076293944,11.109999656677246,10.800000190734863,10.81999969482422,724500
2020-09-25,10.312432289123535,10.90999984741211,10.989999771118164,10.710000038146973,10.850000381469728,715900
2020-09-28,10.662165641784668,11.279999732971191,11.31999969482422,11.039999961853027,11.140000343322754,895300
2020-09-29,10.643259048461914,11.260000228881836,11.4399995803833,11.170000076293944,11.279999732971191,715700
2020-09-30,10.5865478515625,11.199999809265137,11.479999542236328,11.15999984741211,11.260000228881836,708700
2020-10-01,10.81340217590332,11.4399995803833,11.460000038146973,11.25,11.329999923706056,658300
2020-10-02,10.53928565979004,11.149999618530272,11.350000381469728,11.0,11.09000015258789,690300
2020-10-05,10.860661506652832,11.489999771118164,11.539999961853027,11.279999732971191,11.279999732971191,747700
2020-10-06,10.794498443603516,11.420000076293944,11.789999961853027,11.399999618530272,11.56999969482422,945600
2020-10-07,11.210396766662598,11.859999656677246,11.880000114440918,11.609999656677246,11.640000343322754,1078300
2020-10-08,11.597940444946287,12.270000457763672,12.289999961853027,11.880000114440918,11.970000267028809,1214400
2020-10-09,11.994935989379885,12.6899995803833,12.729999542236328,12.399999618530272,12.5,941500
2020-10-12,12.13672161102295,12.84000015258789,12.93000030517578,12.68000030517578,12.90999984741211,697600
2020-10-13,12.080005645751951,12.779999732971191,12.90999984741211,12.75,12.869999885559082,683700
2020-10-14,12.089457511901855,12.789999961853027,13.010000228881836,12.699999809265137,12.800000190734863,957300
2020-10-15,12.193434715270996,12.899999618530272,12.93000030517578,12.40999984741211,12.510000228881836,804900
2020-10-16,12.09891128540039,12.800000190734863,13.029999732971191,12.789999961853027,12.960000038146973,828300
2020-10-19,12.004386901855469,12.699999809265137,13.100000381469728,12.68000030517578,12.970000267028809,1294600
2020-10-20,12.429739952087402,13.149999618530272,13.220000267028809,12.920000076293944,13.0,1377500
2020-10-21,12.43919277191162,13.15999984741211,13.670000076293944,13.15999984741211,13.199999809265137,1270400
2020-10-22,12.391931533813477,13.109999656677246,13.359999656677246,12.920000076293944,13.31999969482422,999100
2020-10-23,12.552623748779297,13.279999732971191,13.34000015258789,12.970000267028809,13.140000343322754,1272500
2020-10-26,12.656596183776855,13.390000343322754,13.420000076293944,13.020000457763672,13.140000343322754,2512400
2020-10-27,10.633808135986328,11.25,12.789999961853027,11.210000038146973,12.68000030517578,5463700
2020-10-28,10.926831245422363,11.5600004196167,11.760000228881836,10.829999923706056,10.869999885559082,2695500
2020-10-29,11.11587619781494,11.760000228881836,11.81999969482422,11.460000038146973,11.550000190734863,1854700
2020-10-30,11.200944900512695,11.850000381469728,11.920000076293944,11.609999656677246,11.6899995803833,1470500
2020-11-02,11.163135528564451,11.8100004196167,12.039999961853027,11.699999809265137,12.0,1013000
2020-11-03,11.493967056274414,12.15999984741211,12.25,11.93000030517578,11.970000267028809,1292800
2020-11-04,11.786986351013184,12.470000267028809,12.510000228881836,12.020000457763672,12.220000267028809,955700
2020-11-05,12.2785062789917,12.989999771118164,13.0,12.510000228881836,12.550000190734863,1253000
2020-11-06,12.013840675354004,12.710000038146973,12.979999542236328,12.6899995803833,12.899999618530272,983700
2020-11-09,12.117815971374512,12.81999969482422,13.470000267028809,12.81999969482422,13.149999618530272,1671100
2020-11-10,12.061102867126465,12.760000228881836,12.960000038146973,12.470000267028809,12.800000190734863,1191600
2020-11-11,12.552623748779297,13.279999732971191,13.300000190734863,12.869999885559082,12.869999885559082,913600
2020-11-12,12.420289039611816,13.140000343322754,13.270000457763672,13.020000457763672,13.229999542236328,772200
2020-11-13,12.571524620056152,13.300000190734863,13.489999771118164,13.220000267028809,13.329999923706056,741300
2020-11-16,12.96852207183838,13.720000267028809,13.720000267028809,13.329999923706056,13.449999809265137,1327600
2020-11-17,12.751116752624512,13.489999771118164,13.649999618530272,13.34000015258789,13.630000114440918,1228000
2020-11-18,12.74166488647461,13.479999542236328,13.84000015258789,13.470000267028809,13.630000114440918,1249300
2020-11-19,12.77002239227295,13.510000228881836,13.550000190734863,13.3100004196167,13.329999923706056,836300
2020-11-20,12.760571479797363,13.5,13.699999809265137,13.489999771118164,13.529999732971191,738200
2020-11-23,13.223731994628906,13.989999771118164,14.029999732971191,13.68000030517578,13.68000030517578,950500
2020-11-24,13.592370986938477,14.380000114440918,14.399999618530272,13.729999542236328,14.140000343322754,1149200
2020-11-25,13.478943824768066,14.260000228881836,14.31999969482422,14.020000457763672,14.31999969482422,999500
2020-11-27,13.83813190460205,14.640000343322754,14.75,14.279999732971191,14.279999732971191,880800
2020-11-30,13.932652473449709,14.739999771118164,14.81999969482422,14.40999984741211,14.670000076293944,1392600
2020-12-01,14.216219902038574,15.039999961853027,15.25,14.890000343322754,14.899999618530272,1488000
2020-12-02,14.121698379516602,14.9399995803833,15.079999923706056,14.81999969482422,15.050000190734863,1038500
2020-12-03,14.0460786819458,14.859999656677246,15.34000015258789,14.850000381469728,15.020000457763672,1341200
2020-12-04,14.641573905944824,15.489999771118164,15.529999732971191,14.960000038146973,14.979999542236328,1176800
2020-12-07,14.641573905944824,15.489999771118164,15.59000015258789,15.329999923706056,15.43000030517578,899600
2020-12-08,14.547049522399902,15.390000343322754,15.470000267028809,15.260000228881836,15.470000267028809,1216700
2020-12-09,13.99881649017334,14.8100004196167,15.510000228881836,14.720000267028809,15.359999656677246,1301000
2020-12-10,14.263483047485352,15.09000015258789,15.140000343322754,14.5600004196167,14.6899995803833,845500
2020-12-11,14.017724990844728,14.829999923706056,15.050000190734863,14.600000381469728,14.899999618530272,804900
2020-12-14,14.159505844116213,14.979999542236328,15.270000457763672,14.970000267028809,15.0,646000
2020-12-15,14.717191696166992,15.56999969482422,15.609999656677246,15.18000030517578,15.239999771118164,1036900
2020-12-16,14.603764533996582,15.449999809265137,15.6899995803833,15.31999969482422,15.529999732971191,830100
2020-12-17,14.575335502624512,15.380000114440918,15.539999961853027,15.270000457763672,15.489999771118164,822400
2020-12-18,14.49004364013672,15.289999961853027,15.729999542236328,15.220000267028809,15.489999771118164,2068000
2020-12-21,14.21521282196045,15.0,15.15999984741211,14.850000381469728,15.109999656677246,941500
2020-12-22,14.20573616027832,14.989999771118164,15.289999961853027,14.90999984741211,15.279999732971191,1005700
2020-12-23,14.253122329711914,15.039999961853027,15.25,15.020000457763672,15.100000381469728,828500
2020-12-24,14.20573616027832,14.989999771118164,15.239999771118164,14.970000267028809,15.170000076293944,387300
2020-12-28,14.414229393005373,15.210000038146973,15.670000076293944,15.170000076293944,15.210000038146973,811100
2020-12-29,14.025679588317873,14.800000190734863,15.34000015258789,14.600000381469728,15.25,778700
2020-12-30,14.357367515563965,15.149999618530272,15.25,14.850000381469728,14.850000381469728,529600
2020-12-31,14.291029930114746,15.079999923706056,15.15999984741211,14.84000015258789,15.15999984741211,725300
2021-01-04,14.129924774169922,14.90999984741211,15.510000228881836,14.81999969482422,15.18000030517578,919200
2021-01-05,14.660625457763672,15.470000267028809,15.489999771118164,14.859999656677246,14.920000076293944,838200
2021-01-06,15.191327095031738,16.030000686645508,16.100000381469727,15.460000038146973,15.470000267028809,1887500
2021-01-07,15.9115629196167,16.790000915527344,16.920000076293945,16.25,16.3799991607666,1384500
2021-01-08,15.79784107208252,16.670000076293945,17.260000228881836,16.579999923706055,17.049999237060547,1063800
2021-01-11,16.19586753845215,17.09000015258789,17.139999389648438,16.420000076293945,16.579999923706055,638300
2021-01-12,16.7265682220459,17.649999618530273,17.700000762939453,17.06999969482422,17.229999542236328,989600
2021-01-13,16.48965072631836,17.399999618530273,17.719999313354492,17.1299991607666,17.610000610351562,757200
2021-01-14,17.75954246520996,18.739999771118164,19.040000915527344,17.719999313354492,17.770000457763672,1556900
2021-01-15,17.096168518066406,18.040000915527344,18.700000762939453,17.700000762939453,18.700000762939453,1126500
2021-01-19,17.80692481994629,18.790000915527344,18.93000030517578,18.34000015258789,18.489999771118164,1237800
2021-01-20,17.570005416870117,18.540000915527344,19.049999237060547,18.309999465942383,19.0,678600
2021-01-21,17.494192123413086,18.459999084472656,18.8700008392334,18.270000457763672,18.700000762939453,516800
2021-01-22,17.5036678314209,18.46999931335449,18.5,18.190000534057617,18.200000762939453,598300
2021-01-25,16.906625747680664,17.84000015258789,18.559999465942383,17.649999618530273,18.5,1392700
2021-01-26,16.30959129333496,17.209999084472656,18.170000076293945,17.15999984741211,18.100000381469727,807900
2021-01-27,15.314522743225098,16.15999984741211,16.829999923706055,16.020000457763672,16.780000686645508,1205100
2021-01-28,15.37138557434082,16.219999313354492,16.510000228881836,15.93000030517578,16.459999084472656,1061500
2021-01-29,14.708008766174316,15.520000457763672,16.3799991607666,15.510000228881836,16.229999542236328,1133900
2021-02-01,15.712552070617676,16.579999923706055,16.670000076293945,15.920000076293944,16.049999237060547,937800
2021-02-02,15.79784107208252,16.670000076293945,16.959999084472656,16.420000076293945,16.860000610351562,827200
2021-02-03,15.50406265258789,16.360000610351562,16.760000228881836,16.200000762939453,16.68000030517578,793500
2021-02-04,16.252731323242188,17.149999618530273,17.200000762939453,16.350000381469727,16.479999542236328,1196400
2021-02-05,16.916105270385742,17.850000381469727,17.899999618530273,16.93000030517578,17.440000534057617,1968200
2021-02-08,18.233383178710938,19.239999771118164,19.270000457763672,18.209999084472656,18.3799991607666,3477300
2021-02-09,18.366060256958008,19.3799991607666,19.6200008392334,18.030000686645508,18.84000015258789,3614000
2021-02-10,17.825876235961914,18.809999465942383,19.559999465942383,18.489999771118164,19.459999084472656,2150500
2021-02-11,21.7492790222168,22.950000762939453,23.07999992370605,20.5,20.6299991607666,10294400
2021-02-12,22.94335556030273,24.209999084472656,25.899999618530277,22.729999542236328,22.93000030517578,27265800
2021-02-16,23.65411758422852,24.959999084472656,26.06999969482422,23.96999931335449,25.229999542236328,4821700
2021-02-17,22.62114906311035,23.8700008392334,24.6299991607666,23.170000076293945,24.31999969482422,3083400
2021-02-18,21.70189666748047,22.899999618530277,23.489999771118164,22.46999931335449,23.11000061035156,2742700
2021-02-19,22.431612014770508,23.670000076293945,23.899999618530277,23.280000686645508,23.459999084472656,1726600
2021-02-22,22.536029815673828,23.739999771118164,24.5,23.299999237060547,23.479999542236328,2381800
2021-02-23,22.365161895751957,23.559999465942383,23.649999618530277,21.57999992370605,22.82999992370605,2460200
2021-02-24,22.7828426361084,24.0,24.059999465942383,22.8799991607666,23.61000061035156,1762300
2021-02-25,21.62471389770508,22.780000686645508,24.040000915527344,22.65999984741211,23.739999771118164,1816200
2021-02-26,22.67842483520508,23.88999938964844,24.350000381469727,22.40999984741211,23.0,2878600
2021-03-01,23.456836700439453,24.709999084472656,25.100000381469727,24.13999938964844,24.59000015258789,2267900
2021-03-02,21.58674430847168,22.739999771118164,24.729999542236328,22.709999084472656,24.71999931335449,2886800
2021-03-03,21.12159538269043,22.25,23.3799991607666,21.989999771118164,23.3799991607666,1708000
2021-03-04,19.697668075561523,20.75,22.71999931335449,20.440000534057617,22.71999931335449,2854500
2021-03-05,20.29571914672852,21.3799991607666,21.6200008392334,19.780000686645508,21.13999938964844,2653800
2021-03-08,19.612234115600582,20.65999984741211,21.989999771118164,20.549999237060547,21.440000534057617,1652200
2021-03-09,20.70391082763672,21.809999465942383,22.170000076293945,21.11000061035156,21.239999771118164,1598400
2021-03-10,20.428619384765625,21.520000457763672,22.43000030517578,21.5,22.239999771118164,1083000
2021-03-11,21.387393951416016,22.530000686645508,22.65999984741211,21.82999992370605,22.0,1143500
2021-03-12,21.463340759277344,22.61000061035156,22.61000061035156,21.739999771118164,22.059999465942383,1516800
2021-03-15,22.21327209472656,23.399999618530277,23.40999984741211,22.290000915527344,22.59000015258789,1507700
2021-03-16,21.93798446655273,23.11000061035156,23.88999938964844,22.950000762939453,23.559999465942383,1234900
2021-03-17,22.46008682250977,23.65999984741211,23.899999618530277,22.32999992370605,22.700000762939453,1230600
2021-03-18,21.93798446655273,23.11000061035156,24.18000030517578,22.790000915527344,23.149999618530277,2161700
2021-03-19,22.75436782836914,23.96999931335449,24.020000457763672,22.76000022888184,23.0,2771500
2021-03-22,22.70690155029297,23.920000076293945,24.96999931335449,23.88999938964844,24.530000686645508,2152800
2021-03-23,20.827316284179688,21.940000534057617,23.88999938964844,21.86000061035156,23.850000381469727,1838700
2021-03-24,20.4381103515625,21.530000686645508,22.8799991607666,21.520000457763672,22.450000762939453,1220200
2021-03-25,20.988698959350582,22.11000061035156,22.209999084472656,20.84000015258789,21.290000915527344,1332800
2021-03-26,22.184799194335938,23.3700008392334,23.3799991607666,21.950000762939453,22.290000915527344,1016500
2021-03-29,21.093114852905277,22.21999931335449,23.239999771118164,21.979999542236328,23.1299991607666,1251600
2021-03-30,21.58674430847168,22.739999771118164,22.75,22.040000915527344,22.09000015258789,990900
2021-03-31,22.507551193237305,23.709999084472656,24.1299991607666,23.020000457763672,23.020000457763672,2165800
2021-04-01,23.3144474029541,24.559999465942383,24.700000762939453,24.040000915527344,24.190000534057617,1542900
2021-04-05,25.042139053344727,26.3799991607666,26.6200008392334,24.959999084472656,25.07999992370605,2946900
2021-04-06,24.320688247680664,25.6200008392334,27.5,25.290000915527344,26.75,3234500
2021-04-07,23.959959030151367,25.239999771118164,25.75,24.950000762939453,25.559999465942383,1783900
2021-04-08,24.26372718811035,25.559999465942383,25.649999618530277,25.01000022888184,25.450000762939453,1849500
2021-04-09,23.77959442138672,25.049999237060547,25.450000762939453,24.81999969482422,25.450000762939453,1277000
2021-04-12,23.513790130615234,24.770000457763672,25.190000534057617,24.440000534057617,25.0,1170100
2021-04-13,23.115095138549805,24.350000381469727,25.11000061035156,23.770000457763672,24.920000076293945,1504600
2021-04-14,23.390390396118164,24.63999938964844,25.07999992370605,24.350000381469727,24.350000381469727,1454300
2021-04-15,22.87777709960937,24.100000381469727,24.989999771118164,23.850000381469727,24.90999984741211,1205300
2021-04-16,22.801830291748047,24.020000457763672,24.25,23.780000686645508,24.190000534057617,953400
2021-04-19,22.21327209472656,23.399999618530277,24.01000022888184,22.780000686645508,23.790000915527344,1718300
2021-04-20,21.52029609680176,22.670000076293945,23.3799991607666,22.46999931335449,23.200000762939453,1222100
2021-04-21,22.75436782836914,23.96999931335449,23.989999771118164,22.40999984741211,22.56999969482422,1510700
2021-04-22,21.90949821472168,23.07999992370605,24.239999771118164,23.01000022888184,24.239999771118164,1474100
2021-04-23,22.611974716186523,23.81999969482422,24.030000686645508,23.280000686645508,23.280000686645508,1239400
2021-04-26,22.697406768798828,23.90999984741211,24.71999931335449,23.200000762939453,24.0,3169000
2021-04-27,19.9919490814209,21.059999465942383,23.84000015258789,20.6299991607666,23.71999931335449,6858900
2021-04-28,20.09636688232422,21.170000076293945,21.40999984741211,20.450000762939453,21.38999938964844,2806400
2021-04-29,19.906509399414062,20.96999931335449,21.46999931335449,20.450000762939453,21.399999618530277,2039100
2021-04-30,19.19454574584961,20.21999931335449,20.75,20.1299991607666,20.479999542236328,2064500
2021-05-03,18.928747177124023,19.940000534057617,20.549999237060547,19.809999465942383,20.43000030517578,2305500
2021-05-04,18.681934356689453,19.68000030517578,19.709999084472656,19.0,19.68000030517578,2404500
2021-05-05,18.81483268737793,19.81999969482422,20.149999618530277,19.3799991607666,19.959999084472656,1290200
2021-05-06,18.871788024902344,19.8799991607666,19.88999938964844,19.18000030517578,19.690000534057617,1089200
2021-05-07,19.204042434692383,20.229999542236328,20.290000915527344,19.86000061035156,20.07999992370605,1209300
2021-05-10,18.245258331298828,19.21999931335449,20.0,19.1299991607666,20.0,1145300
2021-05-11,18.140844345092773,19.11000061035156,19.25,18.1200008392334,18.25,1214700
2021-05-12,17.144088745117188,18.059999465942383,18.940000534057617,18.040000915527344,18.68000030517578,1646400
2021-05-13,17.78960609436035,18.739999771118164,18.950000762939453,18.299999237060547,18.459999084472656,1111500
2021-05-14,18.38765525817871,19.3700008392334,19.450000762939453,18.71999931335449,19.01000022888184,858400
2021-05-17,18.330698013305664,19.309999465942383,19.350000381469727,18.530000686645508,19.01000022888184,984100
2021-05-18,18.40664291381836,19.38999938964844,19.76000022888184,19.3700008392334,19.559999465942383,1201000
2021-05-19,18.81483268737793,19.81999969482422,19.899999618530277,18.700000762939453,18.96999931335449,929700
2021-05-20,19.052156448364254,20.06999969482422,20.1299991607666,19.709999084472656,19.81999969482422,1078100
2021-05-21,18.843311309814453,19.850000381469727,20.299999237060547,19.770000457763672,20.280000686645508,1124800
2021-05-24,19.36541557312012,20.399999618530277,20.600000381469727,19.8799991607666,19.989999771118164,1129400
2021-05-25,19.49831771850586,20.540000915527344,21.049999237060547,20.5,20.59000015258789,1951500
2021-05-26,20.02042579650879,21.09000015258789,21.18000030517578,20.440000534057617,20.46999931335449,1787400
2021-05-27,19.98245620727539,21.049999237060547,21.46999931335449,20.920000076293945,20.989999771118164,1024800
2021-05-28,20.029916763305664,21.100000381469727,21.270000457763672,20.950000762939453,21.200000762939453,578800
2021-06-01,20.4381103515625,21.530000686645508,21.57999992370605,21.030000686645508,21.36000061035156,1227500
2021-06-02,20.732391357421875,21.84000015258789,21.8700008392334,21.3799991607666,21.489999771118164,1196200
2021-06-03,20.333690643310547,21.420000076293945,21.65999984741211,20.959999084472656,21.65999984741211,1078000
2021-06-04,20.970897674560547,22.049999237060547,22.07999992370605,21.36000061035156,21.540000915527344,932000
2021-06-07,21.113561630249023,22.200000762939453,22.280000686645508,21.780000686645508,21.780000686645508,1633800
2021-06-08,21.58909034729004,22.700000762939453,22.729999542236328,22.049999237060547,22.31999969482422,1879500
2021-06-09,21.9885368347168,23.1200008392334,23.21999931335449,22.65999984741211,22.809999465942383,1826300
2021-06-10,21.95049095153809,23.07999992370605,23.61000061035156,23.040000915527344,23.170000076293945,955900
2021-06-11,22.435535430908203,23.59000015258789,23.600000381469727,22.76000022888184,23.31999969482422,1204500
2021-06-14,22.416513442993164,23.56999969482422,23.690000534057617,23.059999465942383,23.649999618530277,842200
2021-06-15,22.48308753967285,23.63999938964844,23.989999771118164,23.36000061035156,23.61000061035156,1019600
2021-06-16,22.197769165039062,23.34000015258789,23.739999771118164,23.149999618530277,23.690000534057617,1301700
2021-06-17,22.387983322143555,23.540000915527344,23.82999992370605,23.01000022888184,23.299999237060547,1295100
2021-06-18,21.82685852050781,22.950000762939453,23.489999771118164,22.36000061035156,23.399999618530277,2735700
2021-06-21,21.85538673400879,22.979999542236328,23.190000534057617,22.670000076293945,23.09000015258789,970100
2021-06-22,22.064620971679688,23.200000762939453,23.350000381469727,22.799999237060547,23.0,875500
2021-06-23,21.95049095153809,23.07999992370605,23.739999771118164,23.049999237060547,23.34000015258789,1128200
2021-06-24,22.6352596282959,23.799999237060547,23.81999969482422,23.190000534057617,23.3700008392334,691100
2021-06-25,22.454553604125977,23.61000061035156,24.200000762939453,23.51000022888184,23.989999771118164,2267800
2021-06-28,22.711339950561523,23.8799991607666,24.209999084472656,23.770000457763672,23.809999465942383,1417800
2021-06-29,22.720849990844727,23.88999938964844,24.030000686645508,23.57999992370605,23.940000534057617,843000
2021-06-30,22.511621475219727,23.670000076293945,24.0,23.600000381469727,23.950000762939453,1340800
2021-07-01,22.11217498779297,23.25,23.65999984741211,23.1200008392334,23.65999984741211,930800
2021-07-02,21.97902488708496,23.11000061035156,23.479999542236328,23.06999969482422,23.40999984741211,421900
2021-07-06,21.636646270751957,22.75,23.239999771118164,22.38999938964844,23.149999618530277,618900
2021-07-07,21.379852294921875,22.479999542236328,22.959999084472656,22.13999938964844,22.90999984741211,718000
2021-07-08,21.037477493286133,22.1200008392334,22.36000061035156,21.46999931335449,21.86000061035156,824100
2021-07-09,21.66517448425293,22.780000686645508,22.86000061035156,22.09000015258789,22.299999237060547,478200
2021-07-12,21.96951675415039,23.100000381469727,23.1200008392334,22.75,22.950000762939453,568300
2021-07-13,21.76028060913086,22.8799991607666,23.09000015258789,22.700000762939453,22.950000762939453,553600
2021-07-14,21.64615631103516,22.76000022888184,23.57999992370605,22.71999931335449,23.09000015258789,616800
2021-07-15,21.49398803710937,22.600000381469727,24.0,22.15999984741211,22.65999984741211,3696400
2021-07-16,20.828237533569336,21.899999618530277,22.86000061035156,21.850000381469727,22.729999542236328,1473500
2021-07-19,20.305156707763672,21.350000381469727,21.540000915527344,20.6299991607666,21.38999938964844,1909600
2021-07-20,21.218172073364254,22.309999465942383,22.549999237060547,21.350000381469727,21.530000686645508,1422400
2021-07-21,21.97902488708496,23.11000061035156,23.149999618530277,22.40999984741211,22.40999984741211,849800
2021-07-22,21.76028060913086,22.8799991607666,23.11000061035156,22.600000381469727,22.86000061035156,638700
2021-07-23,21.845876693725582,22.96999931335449,23.100000381469727,22.61000061035156,23.030000686645508,797100
2021-07-26,21.80783462524414,22.93000030517578,23.229999542236328,22.6299991607666,22.920000076293945,1078100
2021-07-27,22.340429306030277,23.489999771118164,23.559999465942383,22.399999618530277,23.030000686645508,2517100
2021-07-28,23.29149055480957,24.489999771118164,24.770000457763672,22.90999984741211,23.3799991607666,2185300
2021-07-29,23.29149055480957,24.489999771118164,24.809999465942383,24.38999938964844,24.649999618530277,1484100
2021-07-30,23.43414878845215,24.63999938964844,24.850000381469727,24.31999969482422,24.31999969482422,2131600
2021-08-02,24.023805618286133,25.26000022888184,25.82999992370605,24.780000686645508,24.780000686645508,1534300
2021-08-03,24.689550399780277,25.959999084472656,25.96999931335449,25.020000457763672,25.3700008392334,1362400
2021-08-04,25.33626937866211,26.63999938964844,27.1200008392334,25.8799991607666,25.950000762939453,1321600
2021-08-05,25.81179618835449,27.13999938964844,27.36000061035156,26.670000076293945,26.729999542236328,1237800
2021-08-06,26.10663414001465,27.450000762939453,27.709999084472656,26.959999084472656,27.1200008392334,1003800
2021-08-09,26.10663414001465,27.450000762939453,27.65999984741211,27.18000030517578,27.649999618530277,861700
2021-08-10,25.47893524169922,26.790000915527344,27.530000686645508,26.690000534057617,27.479999542236328,1141300
2021-08-11,25.44088554382324,26.75,26.88999938964844,26.209999084472656,26.63999938964844,1051600
2021-08-12,24.87024688720703,26.149999618530277,26.559999465942383,25.809999465942383,26.559999465942383,1071300
2021-08-13,24.9938907623291,26.280000686645508,26.3700008392334,25.81999969482422,26.020000457763672,662500
2021-08-16,24.72759246826172,26.0,26.190000534057617,25.709999084472656,26.100000381469727,660700
2021-08-17,23.44365882873535,24.649999618530277,25.600000381469727,24.209999084472656,25.600000381469727,1556000
2021-08-18,23.339038848876957,24.540000915527344,25.3799991607666,24.530000686645508,24.88999938964844,1535300
2021-08-19,23.205890655517575,24.399999618530277,24.520000457763672,23.81999969482422,24.059999465942383,1080800
2021-08-20,23.652894973754883,24.8700008392334,24.8799991607666,24.200000762939453,24.450000762939453,874700
2021-08-23,23.985763549804688,25.21999931335449,25.520000457763672,24.63999938964844,25.15999984741211,1140500
2021-08-24,24.48982810974121,25.75,25.81999969482422,25.25,25.350000381469727,1024200
2021-08-25,24.78465461730957,26.059999465942383,26.26000022888184,25.82999992370605,25.82999992370605,601400
2021-08-26,24.83220863342285,26.11000061035156,26.46999931335449,25.96999931335449,26.11000061035156,715700
2021-08-27,26.268312454223636,27.6200008392334,27.68000030517578,26.13999938964844,26.18000030517578,1321500
2021-08-30,26.563142776489254,27.93000030517578,28.059999465942383,27.38999938964844,27.71999931335449,806900
2021-08-31,26.12565040588379,27.46999931335449,27.979999542236328,27.209999084472656,27.88999938964844,1342600
2021-09-01,26.439502716064453,27.799999237060547,28.149999618530277,27.270000457763672,27.63999938964844,848200
2021-09-02,26.84845733642578,28.229999542236328,28.420000076293945,27.68000030517578,27.8799991607666,737000
2021-09-03,27.067514419555664,28.420000076293945,28.790000915527344,28.149999618530277,28.299999237060547,742600
2021-09-07,26.915128707885746,28.26000022888184,28.46999931335449,27.770000457763672,28.420000076293945,1055800
2021-09-08,26.03890991210937,27.34000015258789,28.100000381469727,27.09000015258789,28.100000381469727,852800
2021-09-09,26.61988067626953,27.950000762939453,28.15999984741211,27.229999542236328,27.229999542236328,889500
2021-09-10,26.44844627380371,27.770000457763672,29.15999984741211,27.739999771118164,28.190000534057617,882000
2021-09-13,27.59133720397949,28.96999931335449,29.0,28.0,28.200000762939453,1164700
2021-09-14,27.429428100585938,28.799999237060547,29.38999938964844,28.65999984741211,29.040000915527344,1376400
2021-09-15,27.486572265625,28.86000061035156,29.1299991607666,28.21999931335449,29.1299991607666,1422800
2021-09-16,27.69610023498535,29.07999992370605,29.5,28.440000534057617,28.700000762939453,1487800
2021-09-17,25.96271514892578,27.26000022888184,29.149999618530277,27.06999969482422,29.149999618530277,4260000
2021-09-20,24.66743469238281,25.899999618530277,26.3799991607666,25.40999984741211,26.020000457763672,2422800
2021-09-21,24.362661361694336,25.57999992370605,26.209999084472656,25.350000381469727,26.1299991607666,2054900
2021-09-22,25.343650817871094,26.61000061035156,26.71999931335449,25.790000915527344,25.81999969482422,1151500
2021-09-23,25.68651390075684,26.96999931335449,27.030000686645508,26.459999084472656,26.700000762939453,978200
2021-09-24,25.75318717956543,27.040000915527344,27.299999237060547,26.51000022888184,26.549999237060547,550300
2021-09-27,25.75318717956543,27.040000915527344,27.209999084472656,26.6200008392334,26.71999931335449,682700
2021-09-28,24.553150177001957,25.780000686645508,26.489999771118164,25.540000915527344,26.290000915527344,975300
2021-09-29,23.972177505493164,25.170000076293945,26.06999969482422,24.799999237060547,25.979999542236328,1181600
2021-09-30,23.76264953613281,24.950000762939453,25.6200008392334,24.950000762939453,25.40999984741211,964100
2021-10-01,23.905515670776367,25.100000381469727,25.43000030517578,24.790000915527344,25.100000381469727,808900
2021-10-04,23.63883781433105,24.81999969482422,24.950000762939453,24.450000762939453,24.82999992370605,962600
2021-10-05,23.85788917541504,25.049999237060547,25.3799991607666,24.76000022888184,24.950000762939453,580000
2021-10-06,24.000751495361328,25.200000762939453,25.25,24.63999938964844,24.71999931335449,843800
2021-10-07,24.438859939575195,25.65999984741211,26.11000061035156,25.549999237060547,25.549999237060547,940900
2021-10-08,23.962656021118164,25.15999984741211,25.8799991607666,25.030000686645508,25.739999771118164,500000
2021-10-11,23.905515670776367,25.100000381469727,25.43000030517578,25.049999237060547,25.049999237060547,439300
2021-10-12,21.353050231933597,22.420000076293945,24.57999992370605,22.170000076293945,24.40999984741211,3622800
2021-10-13,21.229236602783203,22.290000915527344,22.739999771118164,22.11000061035156,22.459999084472656,1504000
2021-10-14,21.33400154113769,22.399999618530277,23.09000015258789,22.26000022888184,22.93000030517578,1335500
2021-10-15,21.133996963500977,22.190000534057617,22.850000381469727,22.18000030517578,22.76000022888184,1107600
2021-10-18,21.39114189147949,22.459999084472656,22.530000686645508,21.8799991607666,22.0,938900
2021-10-19,21.38162040710449,22.450000762939453,22.75,22.32999992370605,22.600000381469727,764900
2021-10-20,21.97211456298828,23.06999969482422,23.229999542236328,22.299999237060547,22.549999237060547,878500
2021-10-21,22.057832717895508,23.15999984741211,23.270000457763672,22.770000457763672,22.959999084472656,882100
2021-10-22,21.219709396362305,22.280000686645508,23.57999992370605,22.21999931335449,23.26000022888184,1049700
2021-10-25,21.81972885131836,22.90999984741211,23.040000915527344,22.31999969482422,22.31999969482422,1975800
2021-10-26,21.191137313842773,22.25,23.709999084472656,21.65999984741211,23.559999465942383,2256600
2021-10-27,20.87684440612793,21.920000076293945,22.68000030517578,21.86000061035156,22.25,1271500
2021-10-28,21.08637237548828,22.13999938964844,22.65999984741211,21.96999931335449,22.270000457763672,1197400
2021-10-29,20.87684440612793,21.920000076293945,22.200000762939453,21.68000030517578,21.88999938964844,1581800
2021-11-01,21.762584686279297,22.850000381469727,22.88999938964844,21.8799991607666,21.940000534057617,948800
2021-11-02,21.38162040710449,22.450000762939453,23.100000381469727,22.38999938964844,22.84000015258789,832700
2021-11-03,21.781635284423828,22.8700008392334,23.059999465942383,22.32999992370605,22.43000030517578,915800
2021-11-04,22.28640937805176,23.399999618530277,23.530000686645508,22.90999984741211,23.0,930600
2021-11-05,22.40069961547852,23.520000457763672,23.920000076293945,23.229999542236328,23.56999969482422,913100
2021-11-08,22.65785026550293,23.790000915527344,24.13999938964844,23.63999938964844,23.68000030517578,893200
2021-11-09,22.40069961547852,23.520000457763672,23.93000030517578,23.149999618530277,23.88999938964844,752500
2021-11-10,21.610200881958008,22.690000534057617,23.450000762939453,22.59000015258789,23.09000015258789,685300
2021-11-11,22.00069236755371,23.100000381469727,23.26000022888184,22.86000061035156,23.100000381469727,461500
2021-11-12,22.1911678314209,23.299999237060547,23.440000534057617,23.020000457763672,23.190000534057617,476800
2021-11-15,22.276885986328125,23.38999938964844,23.540000915527344,23.1200008392334,23.540000915527344,506000
2021-11-16,22.99119758605957,24.13999938964844,24.21999931335449,23.1299991607666,23.26000022888184,793400
2021-11-17,23.28644371032715,24.450000762939453,24.559999465942383,23.540000915527344,24.200000762939453,1063200
2021-11-18,23.648361206054688,24.82999992370605,24.8799991607666,24.420000076293945,24.68000030517578,1025400
2021-11-19,24.05789375305176,25.26000022888184,25.729999542236328,24.6200008392334,24.950000762939453,1106100
2021-11-22,22.105453491210938,23.209999084472656,25.51000022888184,23.18000030517578,25.40999984741211,1460000
2021-11-23,22.276885986328125,23.38999938964844,23.709999084472656,23.07999992370605,23.290000915527344,1756900
2021-11-24,22.162599563598636,23.270000457763672,23.299999237060547,22.850000381469727,23.11000061035156,803200
2021-11-26,21.172090530395508,22.229999542236328,22.979999542236328,21.979999542236328,22.32999992370605,634100
2021-11-29,21.353050231933597,22.420000076293945,23.0,22.1200008392334,22.700000762939453,978900
2021-11-30,20.53397560119629,21.559999465942383,22.670000076293945,21.229999542236328,22.350000381469727,1533800
2021-12-01,20.991134643554688,22.040000915527344,23.07999992370605,21.940000534057617,22.36000061035156,1032800
2021-12-02,21.248279571533203,22.309999465942383,22.440000534057617,21.670000076293945,21.75,883200
2021-12-03,21.7054386138916,22.790000915527344,22.81999969482422,22.209999084472656,22.5,1120400
2021-12-06,21.953611373901367,23.0,23.18000030517578,22.299999237060547,22.799999237060547,817800
2021-12-07,23.375825881958008,24.489999771118164,24.739999771118164,23.459999084472656,23.479999542236328,800500
2021-12-08,23.30901336669922,24.420000076293945,24.450000762939453,23.770000457763672,24.26000022888184,667000
2021-12-09,22.497678756713867,23.56999969482422,24.26000022888184,23.56999969482422,24.059999465942383,712400
2021-12-10,22.325868606567383,23.38999938964844,24.32999992370605,23.21999931335449,24.1200008392334,588100
2021-12-13,21.38091087341309,22.399999618530277,23.43000030517578,22.270000457763672,23.399999618530277,830800
2021-12-14,21.24728012084961,22.26000022888184,22.38999938964844,21.75,22.0,917600
2021-12-15,22.01087951660156,23.059999465942383,23.07999992370605,21.93000030517578,22.049999237060547,1018800
2021-12-16,20.722299575805664,21.709999084472656,23.34000015258789,21.549999237060547,23.21999931335449,839500
2021-12-17,21.132736206054688,22.13999938964844,22.38999938964844,21.540000915527344,21.57999992370605,1860000
2021-12-20,20.77956962585449,21.770000457763672,22.01000022888184,21.06999969482422,21.600000381469727,765300
2021-12-21,21.57181167602539,22.600000381469727,22.65999984741211,22.049999237060547,22.420000076293945,509300
2021-12-22,21.83907127380371,22.8799991607666,22.899999618530277,22.11000061035156,22.38999938964844,543600
2021-12-23,22.077695846557617,23.1299991607666,23.299999237060547,22.8700008392334,22.940000534057617,478500
2021-12-27,22.63130760192871,23.709999084472656,23.739999771118164,23.15999984741211,23.18000030517578,639600
2021-12-28,22.84129905700684,23.93000030517578,24.270000457763672,23.670000076293945,23.920000076293945,667500
2021-12-29,23.68126678466797,24.809999465942383,24.86000061035156,23.959999084472656,23.959999084472656,848700
2021-12-30,23.480817794799805,24.600000381469727,24.989999771118164,24.3700008392334,24.61000061035156,760800
2021-12-31,23.66217613220215,24.790000915527344,24.96999931335449,24.63999938964844,24.76000022888184,894600
2022-01-03,25.04620742797852,26.239999771118164,26.36000061035156,25.0,25.0,1097300
2022-01-04,24.664403915405277,25.84000015258789,26.63999938964844,25.200000762939453,26.36000061035156,1280400
2022-01-05,23.91034507751465,25.049999237060547,26.15999984741211,25.030000686645508,25.920000076293945,1250100
2022-01-06,24.053524017333984,25.200000762939453,25.450000762939453,24.63999938964844,25.0,846500
2022-01-07,22.63130760192871,23.709999084472656,25.450000762939453,23.65999984741211,25.200000762939453,1010700
2022-01-10,22.62176322937012,23.700000762939453,23.729999542236328,22.729999542236328,23.200000762939453,1054300
2022-01-11,23.213558197021484,24.31999969482422,24.46999931335449,23.280000686645508,23.51000022888184,781000
2022-01-12,23.194467544555664,24.299999237060547,24.8799991607666,23.8700008392334,24.6299991607666,856500
2022-01-13,22.87948036193848,23.96999931335449,24.899999618530277,23.850000381469727,24.739999771118164,798800
2022-01-14,23.853076934814453,24.989999771118164,25.020000457763672,23.40999984741211,23.540000915527344,871300
2022-01-18,22.192237854003903,23.25,24.5,23.21999931335449,24.46999931335449,1056200
2022-01-19,21.533626556396484,22.559999465942383,24.0,22.549999237060547,23.530000686645508,800000
2022-01-20,21.16136932373047,22.170000076293945,23.350000381469727,22.149999618530277,22.90999984741211,869400
2022-01-21,20.6173038482666,21.600000381469727,22.549999237060547,21.600000381469727,21.93000030517578,1071900
2022-01-24,21.19955062866211,22.209999084472656,22.229999542236328,20.350000381469727,21.1299991607666,1305800
2022-01-25,20.3691349029541,21.34000015258789,21.899999618530277,21.040000915527344,21.530000686645508,915700
2022-01-26,20.49321937561035,21.46999931335449,22.459999084472656,21.200000762939453,22.01000022888184,710400
2022-01-27,19.43371963500977,20.36000061035156,21.739999771118164,20.11000061035156,21.600000381469727,978900
2022-01-28,20.063690185546875,21.020000457763672,21.020000457763672,19.780000686645508,20.43000030517578,816500
2022-01-31,21.01819610595703,22.020000457763672,22.040000915527344,21.020000457763672,21.13999938964844,1013900
2022-02-01,20.95138168334961,21.950000762939453,22.38999938964844,21.440000534057617,22.190000534057617,790400
2022-02-02,21.08501434326172,22.09000015258789,22.440000534057617,21.809999465942383,22.25,882100
2022-02-03,20.216413497924805,21.18000030517578,21.8700008392334,21.07999992370605,21.6299991607666,778400
2022-02-04,20.006420135498047,20.959999084472656,21.1299991607666,20.530000686645508,20.899999618530277,1001300
2022-02-07,19.977787017822266,20.93000030517578,21.43000030517578,20.700000762939453,21.149999618530277,1126700
2022-02-08,20.77956962585449,21.770000457763672,21.850000381469727,20.8700008392334,20.8799991607666,955900
2022-02-09,22.029970169067383,23.07999992370605,23.200000762939453,22.1299991607666,22.190000534057617,950400
2022-02-10,21.180463790893555,22.190000534057617,23.3700008392334,22.09000015258789,22.489999771118164,1056600
2022-02-11,19.94915199279785,20.899999618530277,22.290000915527344,20.690000534057617,22.15999984741211,1111500
2022-02-14,20.18777847290039,21.149999618530277,21.459999084472656,20.600000381469727,21.18000030517578,1709600
2022-02-15,23.089473724365234,24.190000534057617,24.200000762939453,21.51000022888184,22.0,3941000
2022-02-16,23.82444190979004,24.959999084472656,25.040000915527344,23.65999984741211,23.82999992370605,1927600
2022-02-17,23.089473724365234,24.190000534057617,24.71999931335449,23.6299991607666,24.51000022888184,1504700
2022-02-18,22.392683029174805,23.459999084472656,24.440000534057617,23.21999931335449,24.32999992370605,931500
2022-02-22,21.69589614868164,22.729999542236328,23.600000381469727,22.3700008392334,23.0,950500
2022-02-23,20.8177490234375,21.809999465942383,23.21999931335449,21.690000534057617,23.020000457763672,1240800
2022-02-24,22.2017879486084,23.26000022888184,23.299999237060547,20.780000686645508,21.01000022888184,1045900
2022-02-25,22.335412979125977,23.399999618530277,23.530000686645508,22.76000022888184,23.13999938964844,915100
2022-02-28,21.684961318969727,22.670000076293945,23.38999938964844,22.350000381469727,22.90999984741211,1155100
2022-03-01,20.50840759277344,21.440000534057617,22.8799991607666,21.290000915527344,22.68000030517578,1329200
2022-03-02,21.340600967407227,22.309999465942383,22.46999931335449,21.690000534057617,21.75,810200
2022-03-03,20.986677169799805,21.940000534057617,22.559999465942383,21.71999931335449,22.559999465942383,623900
2022-03-04,20.1927490234375,21.11000061035156,21.780000686645508,20.899999618530277,21.559999465942383,818200
2022-03-07,19.025754928588867,19.88999938964844,21.51000022888184,19.8700008392334,21.170000076293945,964900
2022-03-08,19.609251022338867,20.5,21.3700008392334,19.76000022888184,19.959999084472656,972100
2022-03-09,20.412752151489254,21.34000015258789,21.670000076293945,21.040000915527344,21.299999237060547,632700
2022-03-10,20.27883720397949,21.200000762939453,21.26000022888184,20.59000015258789,20.850000381469727,569000
2022-03-11,19.915346145629883,20.81999969482422,21.76000022888184,20.780000686645508,21.530000686645508,535500
2022-03-14,20.01099967956543,20.920000076293945,21.239999771118164,20.59000015258789,20.8700008392334,1154100
2022-03-15,20.546667098999023,21.479999542236328,21.65999984741211,21.020000457763672,21.1299991607666,593800
2022-03-16,21.579740524291992,22.559999465942383,22.709999084472656,21.75,21.989999771118164,698200
2022-03-17,22.153669357299805,23.15999984741211,23.209999084472656,22.15999984741211,22.26000022888184,646300
2022-03-18,22.517162322998047,23.540000915527344,23.6200008392334,22.520000457763672,22.739999771118164,1686700
2022-03-21,22.306716918945312,23.31999969482422,23.770000457763672,22.959999084472656,23.43000030517578,493700
2022-03-22,22.29715347290039,23.309999465942383,23.75,23.209999084472656,23.3799991607666,580300
2022-03-23,21.924097061157227,22.920000076293945,23.600000381469727,22.88999938964844,23.01000022888184,618400
2022-03-24,22.727598190307617,23.76000022888184,23.780000686645508,22.899999618530277,23.1299991607666,525800
2022-03-25,22.89021110534668,23.93000030517578,24.049999237060547,23.399999618530277,23.75,631800
2022-03-28,22.54585647583008,23.56999969482422,23.770000457763672,23.049999237060547,23.690000534057617,756800
2022-03-29,22.909343719482425,23.950000762939453,24.190000534057617,23.540000915527344,23.93000030517578,781400
2022-03-30,21.67539596557617,22.65999984741211,23.86000061035156,22.600000381469727,23.86000061035156,838800
2022-03-31,20.776243209838867,21.71999931335449,22.65999984741211,21.700000762939453,22.59000015258789,1066300
2022-04-01,20.384057998657227,21.309999465942383,22.15999984741211,21.11000061035156,21.920000076293945,1026700
2022-04-04,20.4605770111084,21.38999938964844,21.76000022888184,21.229999542236328,21.40999984741211,1005700
2022-04-05,19.350984573364254,20.229999542236328,21.350000381469727,20.1299991607666,21.25,1150700
2022-04-06,18.710092544555664,19.559999465942383,20.06999969482422,19.309999465942383,19.96999931335449,1429900
2022-04-07,18.566612243652344,19.40999984741211,19.76000022888184,18.8799991607666,19.600000381469727,1316700
2022-04-08,18.22225379943848,19.049999237060547,19.3700008392334,18.979999542236328,19.309999465942383,735400
2022-04-11,17.983116149902344,18.799999237060547,19.239999771118164,18.76000022888184,18.899999618530277,863700
2022-04-12,17.983116149902344,18.799999237060547,19.549999237060547,18.700000762939453,19.200000762939453,906100
2022-04-13,18.260517120361328,19.09000015258789,19.43000030517578,18.709999084472656,18.88999938964844,821100
2022-04-14,18.00225067138672,18.81999969482422,19.350000381469727,18.700000762939453,19.209999084472656,879500
2022-04-18,18.097902297973636,18.920000076293945,19.280000686645508,18.729999542236328,18.950000762939453,697500
2022-04-19,18.8918399810791,19.75,19.81999969482422,18.8700008392334,18.90999984741211,1017800
2022-04-20,18.91097068786621,19.770000457763672,20.46999931335449,19.670000076293945,20.1200008392334,800100
2022-04-21,18.968360900878903,19.82999992370605,20.670000076293945,19.670000076293945,20.25,952300
2022-04-22,18.41356468200684,19.25,20.0,19.21999931335449,19.63999938964844,728300
2022-04-25,18.757923126220703,19.61000061035156,19.68000030517578,18.82999992370605,19.0,890100
2022-04-26,18.059642791748047,18.8799991607666,19.309999465942383,18.76000022888184,19.309999465942383,1075600
2022-04-27,17.638763427734375,18.440000534057617,19.229999542236328,18.38999938964844,18.68000030517578,1140600
2022-04-28,18.729225158691406,19.57999992370605,19.799999237060547,18.600000381469727,18.8799991607666,901900
2022-04-29,17.992679595947266,18.809999465942383,19.670000076293945,18.75,19.1299991607666,1002600
2022-05-02,18.66226577758789,19.51000022888184,19.59000015258789,18.75,18.8799991607666,1437200
2022-05-03,17.56223487854004,18.36000061035156,19.200000762939453,18.149999618530277,19.200000762939453,1743900
2022-05-04,18.71965789794922,19.56999969482422,19.61000061035156,18.270000457763672,18.40999984741211,1338900
2022-05-05,18.241384506225582,19.06999969482422,19.32999992370605,18.649999618530277,19.1200008392334,1542700
2022-05-06,18.59531021118164,19.440000534057617,19.96999931335449,18.63999938964844,18.850000381469727,1492500
2022-05-09,17.77267837524414,18.57999992370605,19.25,18.46999931335449,18.90999984741211,1313800
2022-05-10,18.212690353393555,19.040000915527344,19.270000457763672,18.3700008392334,19.01000022888184,997200
2022-05-11,17.581363677978516,18.3799991607666,19.21999931335449,18.309999465942383,18.850000381469727,861600
2022-05-12,17.79180908203125,18.600000381469727,18.950000762939453,18.049999237060547,18.299999237060547,1334500
2022-05-13,18.537918090820312,19.3799991607666,19.68000030517578,18.82999992370605,18.989999771118164,884200
2022-05-16,18.260517120361328,19.09000015258789,19.450000762939453,18.86000061035156,19.1200008392334,676300
2022-05-17,19.22662734985352,20.100000381469727,20.209999084472656,19.46999931335449,19.670000076293945,718500
2022-05-18,18.432695388793945,19.270000457763672,20.06999969482422,19.229999542236328,19.670000076293945,714200
2022-05-19,18.212690353393555,19.040000915527344,19.5,18.950000762939453,19.11000061035156,749700
2022-05-20,18.356170654296875,19.190000534057617,19.59000015258789,18.399999618530277,19.549999237060547,760700
2022-05-23,18.3083438873291,19.13999938964844,19.530000686645508,18.979999542236328,19.299999237060547,828300
2022-05-24,17.887460708618164,18.700000762939453,18.950000762939453,18.290000915527344,18.850000381469727,824100
2022-05-25,18.241384506225582,19.06999969482422,19.26000022888184,18.59000015258789,18.6200008392334,647200
2022-05-26,18.939666748046875,19.799999237060547,20.0,18.90999984741211,19.020000457763672,680300
2022-05-27,19.657079696655277,20.549999237060547,20.56999969482422,19.899999618530277,20.100000381469727,735100
2022-05-31,19.55185890197754,20.440000534057617,20.600000381469727,20.07999992370605,20.600000381469727,862700
2022-06-01,19.408376693725582,20.290000915527344,20.780000686645508,19.81999969482422,20.57999992370605,712900
2022-06-02,20.077960968017575,20.989999771118164,21.0,20.1200008392334,20.1200008392334,725700
2022-06-03,19.38924598693848,20.270000457763672,20.57999992370605,20.18000030517578,20.530000686645508,488900
2022-06-06,19.67691802978516,20.520000457763672,20.8700008392334,20.309999465942383,20.65999984741211,830400
2022-06-07,19.763221740722656,20.61000061035156,20.65999984741211,20.1200008392334,20.200000762939453,628700
2022-06-08,19.235815048217773,20.059999465942383,20.489999771118164,19.979999542236328,20.46999931335449,496100
2022-06-09,18.516632080078125,19.309999465942383,20.09000015258789,19.290000915527344,19.86000061035156,714500
2022-06-10,18.056352615356445,18.82999992370605,19.309999465942383,18.520000457763672,18.940000534057617,763500
2022-06-13,17.06867027282715,17.799999237060547,18.440000534057617,17.510000228881836,18.18000030517578,1248500
2022-06-14,17.346757888793945,18.09000015258789,18.149999618530277,17.65999984741211,17.959999084472656,1166200
2022-06-15,17.586484909057617,18.34000015258789,18.729999542236328,17.93000030517578,18.270000457763672,1116700
2022-06-16,15.86044216156006,16.540000915527344,17.760000228881836,16.389999389648438,17.700000762939453,1487800
2022-06-17,15.96592140197754,16.649999618530273,16.8799991607666,16.260000228881836,16.780000686645508,1567600
2022-06-21,16.387842178344727,17.09000015258789,17.350000381469727,16.84000015258789,16.989999771118164,1174300
2022-06-22,15.94674015045166,16.6299991607666,17.020000457763672,16.530000686645508,16.739999771118164,1305900
2022-06-23,15.85085105895996,16.530000686645508,16.860000610351562,16.309999465942383,16.729999542236328,884700
2022-06-24,16.579626083374023,17.290000915527344,17.3799991607666,16.709999084472656,16.709999084472656,1098400
2022-06-27,17.00154685974121,17.729999542236328,17.940000534057617,17.290000915527344,17.549999237060547,758300
2022-06-28,16.5220890045166,17.229999542236328,18.190000534057617,17.15999984741211,17.889999389648438,629000
2022-06-29,16.071401596069336,16.760000228881836,17.1299991607666,16.559999465942383,17.030000686645508,826200
2022-06-30,16.25359344482422,16.950000762939453,17.290000915527344,16.520000457763672,16.75,1065600
2022-07-01,14.805633544921877,15.4399995803833,16.770000457763672,15.31999969482422,16.610000610351562,1230800
2022-07-05,14.843989372253418,15.479999542236328,15.479999542236328,14.890000343322754,15.06999969482422,1207800
2022-07-06,14.92070484161377,15.5600004196167,15.710000038146973,15.119999885559082,15.470000267028809,732800
2022-07-07,15.71660041809082,16.389999389648438,16.469999313354492,16.0,16.0,791900
2022-07-08,15.94674015045166,16.6299991607666,16.690000534057617,16.1200008392334,16.270000457763672,611100
2022-07-11,15.68783473968506,16.360000610351562,16.649999618530273,16.209999084472656,16.389999389648438,514800
2022-07-12,15.68783473968506,16.360000610351562,16.649999618530273,16.209999084472656,16.489999771118164,610000
2022-07-13,15.78372573852539,16.459999084472656,16.579999923706055,15.880000114440918,15.970000267028809,626500
2022-07-14,16.25359344482422,16.950000762939453,17.020000457763672,16.209999084472656,16.540000915527344,574900
2022-07-15,16.637163162231445,17.350000381469727,17.3799991607666,16.829999923706055,17.34000015258789,544300
2022-07-18,16.512502670288086,17.219999313354492,17.799999237060547,17.06999969482422,17.760000228881836,1028300
2022-07-19,17.5960750579834,18.350000381469727,18.399999618530277,17.5,17.6200008392334,772400
2022-07-20,18.085115432739254,18.86000061035156,19.06999969482422,18.07999992370605,18.25,808900
2022-07-21,18.449506759643555,19.239999771118164,19.26000022888184,18.729999542236328,18.979999542236328,577400
2022-07-22,18.056352615356445,18.82999992370605,19.309999465942383,18.61000061035156,19.239999771118164,570400
2022-07-25,17.950870513916016,18.71999931335449,18.82999992370605,18.540000915527344,18.739999771118164,587700
2022-07-26,17.6823787689209,18.440000534057617,18.670000076293945,18.34000015258789,18.559999465942383,635400
2022-07-27,18.46868705749512,19.26000022888184,19.420000076293945,18.65999984741211,18.71999931335449,709300
2022-07-28,18.928964614868164,19.739999771118164,19.790000915527344,18.809999465942383,19.239999771118164,854700
2022-07-29,19.341297149658203,20.170000076293945,20.26000022888184,19.459999084472656,19.59000015258789,879900
2022-08-01,19.62897300720215,20.46999931335449,20.780000686645508,19.809999465942383,20.0,1039500
2022-08-02,21.17282485961914,22.07999992370605,22.43000030517578,20.38999938964844,20.71999931335449,1824800
2022-08-03,21.76734733581543,22.700000762939453,22.86000061035156,21.950000762939453,22.229999542236328,1145900
2022-08-04,22.08379554748535,23.030000686645508,23.170000076293945,22.6200008392334,22.649999618530277,913800
2022-08-05,21.719402313232425,22.649999618530277,22.979999542236328,22.170000076293945,22.5,754700
2022-08-08,21.441320419311523,22.36000061035156,22.649999618530277,21.8799991607666,22.46999931335449,751100
2022-08-09,19.92623710632324,20.780000686645508,21.84000015258789,20.270000457763672,21.809999465942383,1063700
2022-08-10,20.84679412841797,21.739999771118164,21.899999618530277,21.239999771118164,21.479999542236328,777200
2022-08-11,21.019397735595703,21.920000076293945,22.479999542236328,21.729999542236328,21.8700008392334,608300
2022-08-12,21.80570602416992,22.739999771118164,22.84000015258789,22.020000457763672,22.1299991607666,706000
2022-08-15,21.54680061340332,22.46999931335449,22.729999542236328,22.190000534057617,22.6200008392334,604600
2022-08-16,21.642688751220703,22.56999969482422,22.809999465942383,22.280000686645508,22.3700008392334,809500
2022-08-17,20.91391372680664,21.809999465942383,22.25,21.530000686645508,22.11000061035156,623100
2022-08-18,21.20159149169922,22.11000061035156,22.350000381469727,21.84000015258789,21.90999984741211,757100
2022-08-19,21.019397735595703,21.920000076293945,22.01000022888184,21.61000061035156,21.739999771118164,751000
2022-08-22,20.089252471923828,20.950000762939453,21.5,20.86000061035156,21.420000076293945,668400
2022-08-23,20.30980110168457,21.18000030517578,21.420000076293945,21.020000457763672,21.040000915527344,523100
2022-08-24,20.30021095275879,21.170000076293945,21.34000015258789,21.0,21.1299991607666,415700
2022-08-25,21.028987884521484,21.93000030517578,21.940000534057617,21.170000076293945,21.170000076293945,420500
2022-08-26,20.012535095214844,20.8700008392334,21.940000534057617,20.86000061035156,21.93000030517578,366500
2022-08-29,19.88787841796875,20.739999771118164,21.09000015258789,20.59000015258789,20.690000534057617,615600
2022-08-30,19.47554397583008,20.309999465942383,20.88999938964844,20.059999465942383,20.809999465942383,734600
2022-08-31,19.302940368652344,20.1299991607666,20.489999771118164,20.01000022888184,20.489999771118164,667400
2022-09-01,18.77553939819336,19.57999992370605,19.63999938964844,19.030000686645508,19.6200008392334,663100
2022-09-02,18.43906021118164,19.18000030517578,19.920000076293945,19.049999237060547,19.850000381469727,651700
2022-09-06,18.131420135498047,18.86000061035156,19.26000022888184,18.670000076293945,19.26000022888184,839300
2022-09-07,18.10258102416992,18.82999992370605,19.0,18.3700008392334,18.75,860300
2022-09-08,18.390987396240234,19.1299991607666,19.13999938964844,18.299999237060547,18.600000381469727,533400
2022-09-09,18.842832565307617,19.600000381469727,19.899999618530277,19.459999084472656,19.459999084472656,452300
2022-09-12,18.80438041687012,19.559999465942383,19.75,19.26000022888184,19.649999618530277,561100
2022-09-13,17.612281799316406,18.31999969482422,18.950000762939453,18.270000457763672,18.8799991607666,753500
2022-09-14,17.785329818725586,18.5,18.700000762939453,18.18000030517578,18.59000015258789,604800
2022-09-15,17.381555557250977,18.07999992370605,18.450000762939453,17.850000381469727,18.32999992370605,619000
2022-09-16,17.4103946685791,18.11000061035156,18.36000061035156,17.780000686645508,17.979999542236328,2068200
2022-09-19,17.650737762451172,18.36000061035156,18.56999969482422,17.829999923706055,17.899999618530273,690700
2022-09-20,17.42962074279785,18.1299991607666,18.190000534057617,17.889999389648438,18.07999992370605,433400
2022-09-21,17.314258575439453,18.010000228881836,18.71999931335449,17.989999771118164,18.07999992370605,511000
2022-09-22,16.948938369750977,17.6299991607666,17.969999313354492,17.530000686645508,17.920000076293945,537500
2022-09-23,16.410568237304688,17.06999969482422,17.420000076293945,16.739999771118164,17.420000076293945,587100
2022-09-26,16.10293197631836,16.75,17.389999389648438,16.719999313354492,17.049999237060547,559900
2022-09-27,16.083703994750977,16.729999542236328,17.139999389648438,16.520000457763672,16.989999771118164,674600
2022-09-28,16.189455032348633,16.84000015258789,16.959999084472656,16.280000686645508,16.479999542236328,609200
2022-09-29,15.939498901367188,16.579999923706055,16.600000381469727,16.1299991607666,16.520000457763672,1303900
2022-09-30,16.391340255737305,17.049999237060547,17.229999542236328,16.360000610351562,16.450000762939453,1982600
2022-10-03,17.304645538330078,18.0,18.3700008392334,17.200000762939453,17.219999313354492,1065500
2022-10-04,18.08335304260254,18.809999465942383,18.96999931335449,18.520000457763672,18.530000686645508,717700
2022-10-05,18.092966079711918,18.81999969482422,18.920000076293945,18.21999931335449,18.479999542236328,475600
2022-10-06,18.141036987304688,18.8700008392334,19.11000061035156,18.75,18.75,624200
2022-10-07,17.22773551940918,17.920000076293945,18.57999992370605,17.770000457763672,18.459999084472656,606300
2022-10-10,16.67975425720215,17.350000381469727,17.829999923706055,16.989999771118164,17.829999923706055,672700
2022-10-11,16.67975425720215,17.350000381469727,17.56999969482422,16.920000076293945,17.059999465942383,1767900
2022-10-12,16.410568237304688,17.06999969482422,17.420000076293945,17.049999237060547,17.399999618530273,779300
2022-10-13,17.13159942626953,17.81999969482422,18.020000457763672,16.56999969482422,16.799999237060547,1111500
2022-10-14,16.564390182495117,17.229999542236328,17.989999771118164,17.18000030517578,17.979999542236328,698200
2022-10-17,17.112367630004883,17.799999237060547,17.940000534057617,17.600000381469727,17.600000381469727,801100
2022-10-18,17.381555557250977,18.07999992370605,18.6200008392334,17.690000534057617,18.38999938964844,637800
2022-10-19,17.660350799560547,18.3700008392334,18.399999618530277,17.920000076293945,18.07999992370605,675900
2022-10-20,17.737258911132812,18.450000762939453,19.0,18.309999465942383,18.520000457763672,480900
2022-10-21,18.640945434570312,19.38999938964844,19.450000762939453,18.51000022888184,18.51000022888184,552200
2022-10-24,18.9005184173584,19.65999984741211,19.770000457763672,19.190000534057617,19.459999084472656,577500
2022-10-25,19.304292678833008,20.07999992370605,20.270000457763672,19.6200008392334,19.670000076293945,673200
2022-10-26,19.285062789916992,20.059999465942383,20.5,19.690000534057617,20.0,606500
2022-10-27,19.256223678588867,20.030000686645508,20.51000022888184,19.979999542236328,20.31999969482422,483700
2022-10-28,19.99647331237793,20.799999237060547,20.8700008392334,20.15999984741211,20.15999984741211,606400
2022-10-31,19.986865997314453,20.790000915527344,20.93000030517578,20.25,20.61000061035156,808600
2022-11-01,19.69845199584961,20.489999771118164,21.940000534057617,19.690000534057617,21.489999771118164,1940300
2022-11-02,19.679224014282227,20.46999931335449,21.350000381469727,20.149999618530277,20.59000015258789,2017500
2022-11-03,19.496566772460938,20.280000686645508,20.5,19.950000762939453,20.030000686645508,1405700
2022-11-04,20.24643325805664,21.059999465942383,21.1299991607666,20.63999938964844,20.979999542236328,902100
2022-11-07,20.804027557373047,21.63999938964844,21.790000915527344,20.920000076293945,21.149999618530277,757500
2022-11-08,21.63080406188965,22.5,22.6200008392334,21.729999542236328,21.96999931335449,1352100
2022-11-09,21.1789608001709,22.030000686645508,22.350000381469727,21.920000076293945,22.200000762939453,650300
2022-11-10,23.130538940429688,24.059999465942383,24.11000061035156,22.799999237060547,23.01000022888184,984400
2022-11-11,24.264955520629883,25.239999771118164,25.31999969482422,24.020000457763672,24.170000076293945,1018500
2022-11-14,25.15902709960937,26.170000076293945,26.979999542236328,24.84000015258789,25.059999465942383,1731400
2022-11-15,27.37017822265625,28.46999931335449,28.75,26.63999938964844,26.63999938964844,2213000
2022-11-16,26.87026596069336,27.950000762939453,28.57999992370605,27.51000022888184,27.950000762939453,1411200
2022-11-17,27.66820335388184,28.780000686645508,28.780000686645508,27.270000457763672,27.280000686645508,1363500
2022-11-18,27.264427185058597,28.36000061035156,29.100000381469727,27.86000061035156,28.950000762939453,1878000
2022-11-21,26.216537475585938,27.270000457763672,28.479999542236328,27.0,28.200000762939453,1665200
2022-11-22,26.53378677368164,27.600000381469727,27.739999771118164,27.020000457763672,27.440000534057617,1020500
2022-11-23,26.677993774414062,27.75,27.84000015258789,27.350000381469727,27.57999992370605,782600
2022-11-25,26.24537467956543,27.299999237060547,27.690000534057617,27.280000686645508,27.549999237060547,517400
2022-11-28,25.783920288085938,26.81999969482422,27.13999938964844,26.61000061035156,27.020000457763672,868300
2022-11-29,25.95696258544922,27.0,27.700000762939453,26.780000686645508,26.88999938964844,1089100
2022-11-30,26.937562942504883,28.020000457763672,28.06999969482422,26.61000061035156,27.100000381469727,1234200
2022-12-01,26.80297088623047,27.8799991607666,28.36000061035156,27.56999969482422,28.280000686645508,777500
2022-12-02,26.73567771911621,27.809999465942383,27.989999771118164,27.100000381469727,27.239999771118164,646000
2022-12-05,26.21031188964844,27.190000534057617,27.81999969482422,26.979999542236328,27.649999618530277,741100
2022-12-06,25.43913459777832,26.38999938964844,27.350000381469727,26.200000762939453,27.350000381469727,969000
2022-12-07,25.362016677856445,26.309999465942383,26.68000030517578,25.790000915527344,26.0,647000
2022-12-08,25.96932029724121,26.940000534057617,27.040000915527344,26.09000015258789,26.520000457763672,723300
2022-12-09,24.9282341003418,25.86000061035156,26.799999237060547,25.790000915527344,26.799999237060547,945800
2022-12-12,25.32345962524414,26.270000457763672,26.40999984741211,25.530000686645508,25.71999931335449,671200
2022-12-13,25.82472801208496,26.790000915527344,27.540000915527344,26.530000686645508,27.36000061035156,945100
2022-12-14,25.50661277770996,26.459999084472656,27.06999969482422,26.170000076293945,26.790000915527344,660900
2022-12-15,24.725799560546875,25.649999618530277,26.09000015258789,25.38999938964844,26.01000022888184,882700
2022-12-16,24.292015075683597,25.200000762939453,25.68000030517578,24.84000015258789,25.3700008392334,2266100
2022-12-19,23.58831787109375,24.46999931335449,25.200000762939453,24.149999618530277,25.200000762939453,659700
2022-12-20,23.48227882385254,24.36000061035156,24.690000534057617,24.07999992370605,24.239999771118164,537000
2022-12-21,24.24381446838379,25.149999618530277,25.26000022888184,24.3700008392334,24.540000915527344,523800
2022-12-22,23.66543197631836,24.549999237060547,24.700000762939453,23.8700008392334,24.600000381469727,579200
2022-12-23,23.617231369018555,24.5,24.549999237060547,24.229999542236328,24.3799991607666,322000
2022-12-27,23.52083778381348,24.399999618530277,24.700000762939453,24.21999931335449,24.57999992370605,368000
2022-12-28,22.730382919311523,23.57999992370605,24.450000762939453,23.5,24.25,680000
2022-12-29,23.14488983154297,24.01000022888184,24.290000915527344,23.799999237060547,23.88999938964844,524000
2022-12-30,23.1159725189209,23.979999542236328,24.18000030517578,23.40999984741211,23.729999542236328,659400
2023-01-03,24.552284240722656,25.46999931335449,25.729999542236328,24.549999237060547,24.600000381469727,2158200
2023-01-04,24.745080947875977,25.670000076293945,26.799999237060547,25.57999992370605,25.959999084472656,1331400
2023-01-05,24.908954620361328,25.84000015258789,26.38999938964844,25.149999618530277,25.670000076293945,880000
2023-01-06,26.40310478210449,27.38999938964844,27.43000030517578,26.25,26.399999618530277,865400
2023-01-09,28.74555015563965,29.81999969482422,29.86000061035156,27.63999938964844,27.86000061035156,1628100
2023-01-10,28.26356506347656,29.31999969482422,30.1299991607666,29.06999969482422,29.93000030517578,1472400
2023-01-11,28.62987518310547,29.700000762939453,30.100000381469727,28.90999984741211,29.38999938964844,831000
2023-01-12,28.97690200805664,30.059999465942383,30.3799991607666,29.190000534057617,29.84000015258789,893800
2023-01-13,29.91195106506348,31.030000686645508,31.36000061035156,29.700000762939453,29.86000061035156,1326700
2023-01-17,29.545642852783203,30.649999618530277,31.1200008392334,30.280000686645508,30.979999542236328,876000
2023-01-18,28.77446937561035,29.850000381469727,31.149999618530277,29.809999465942383,30.950000762939453,867800
2023-01-19,27.87797737121582,28.920000076293945,29.690000534057617,28.530000686645508,29.6200008392334,878900
2023-01-20,27.984010696411133,29.030000686645508,29.40999984741211,28.670000076293945,29.40999984741211,750800
2023-01-23,29.06365776062012,30.149999618530277,30.34000015258789,29.479999542236328,29.5,953600
2023-01-24,28.514198303222656,29.57999992370605,29.96999931335449,29.229999542236328,29.75,623900
2023-01-25,28.764827728271484,29.84000015258789,29.8799991607666,28.71999931335449,29.0,748700
2023-01-26,29.362489700317383,30.459999084472656,30.530000686645508,29.209999084472656,30.1299991607666,845400
2023-01-27,28.62987518310547,29.700000762939453,30.149999618530277,29.40999984741211,30.0,596600
2023-01-30,27.858699798583984,28.899999618530277,29.61000061035156,28.8700008392334,29.190000534057617,626800
2023-01-31,28.205730438232425,29.26000022888184,29.43000030517578,28.729999542236328,28.959999084472656,721900
2023-02-01,28.543115615844727,29.61000061035156,29.979999542236328,28.549999237060547,29.239999771118164,1060900
2023-02-02,29.526365280151367,30.6299991607666,31.3799991607666,30.11000061035156,30.1299991607666,1307300
2023-02-03,29.16005516052246,30.25,31.1299991607666,29.63999938964844,29.940000534057617,919400
2023-02-06,28.359962463378903,29.420000076293945,30.030000686645508,29.290000915527344,29.729999542236328,706100
2023-02-07,29.237173080444336,30.32999992370605,30.450000762939453,29.299999237060547,29.5,1013500
2023-02-08,28.880502700805664,29.959999084472656,30.309999465942383,29.780000686645508,30.11000061035156,869000
2023-02-09,28.465999603271484,29.530000686645508,30.81999969482422,29.270000457763672,30.76000022888184,976200
2023-02-10,26.605541229248047,27.600000381469727,29.350000381469727,27.25,29.239999771118164,1643400
2023-02-13,26.29707145690918,27.280000686645508,27.790000915527344,26.739999771118164,27.709999084472656,2123200
2023-02-14,26.605541229248047,27.600000381469727,27.93000030517578,25.63999938964844,26.09000015258789,2482200
2023-02-15,26.62482070922852,27.6200008392334,27.709999084472656,26.61000061035156,26.88999938964844,1421900
2023-02-16,25.96932029724121,26.940000534057617,27.479999542236328,26.8799991607666,27.09000015258789,1246000
2023-02-17,25.55481338500977,26.51000022888184,27.040000915527344,26.15999984741211,26.8799991607666,1603700
2023-02-21,23.95462417602539,24.850000381469727,26.100000381469727,24.63999938964844,25.899999618530277,1325100
2023-02-22,24.542644500732425,25.459999084472656,25.56999969482422,25.0,25.0,1417300
2023-02-23,24.61012458801269,25.530000686645508,26.049999237060547,25.170000076293945,26.049999237060547,1110200
2023-02-24,24.3594913482666,25.270000457763672,25.51000022888184,24.96999931335449,25.030000686645508,940000
2023-02-27,24.85741233825684,25.709999084472656,25.93000030517578,25.46999931335449,25.46999931335449,982300
2023-02-28,24.9057559967041,25.76000022888184,26.06999969482422,25.56999969482422,25.57999992370605,1410200
2023-03-01,25.302156448364254,26.170000076293945,26.530000686645508,25.729999542236328,25.729999542236328,1025300
2023-03-02,25.253816604614254,26.1200008392334,26.200000762939453,25.36000061035156,25.520000457763672,1182900
2023-03-03,25.71789932250977,26.600000381469727,26.6200008392334,26.020000457763672,26.020000457763672,1267600
2023-03-06,25.49552726745605,26.3700008392334,26.799999237060547,26.13999938964844,26.790000915527344,1273800
2023-03-07,25.379507064819336,26.25,26.56999969482422,25.959999084472656,26.36000061035156,1001600
2023-03-08,25.69856071472168,26.57999992370605,27.100000381469727,26.290000915527344,26.440000534057617,988500
2023-03-09,25.11845970153809,25.979999542236328,26.690000534057617,25.93000030517578,26.440000534057617,753100
2023-03-10,24.519018173217773,25.36000061035156,26.309999465942383,25.239999771118164,26.290000915527344,806600
2023-03-13,24.170957565307617,25.0,25.489999771118164,24.61000061035156,25.0,1160100
2023-03-14,24.41266822814941,25.25,25.780000686645508,24.809999465942383,25.540000915527344,972700
2023-03-15,23.59085464477539,24.399999618530277,24.709999084472656,23.850000381469727,24.709999084472656,1174400
2023-03-16,24.28697967529297,25.1200008392334,25.25,23.88999938964844,24.100000381469727,1037600
2023-03-17,23.919580459594727,24.739999771118164,25.280000686645508,24.68000030517578,25.239999771118164,1537200
2023-03-20,24.180625915527344,25.01000022888184,25.229999542236328,24.799999237060547,25.0,903800
2023-03-21,24.47067642211914,25.309999465942383,25.739999771118164,24.8799991607666,25.5,759400
2023-03-22,24.46100807189941,25.299999237060547,26.229999542236328,25.1299991607666,25.309999465942383,907200
2023-03-23,25.16680145263672,26.030000686645508,26.63999938964844,25.46999931335449,25.700000762939453,893200
2023-03-24,24.78973388671875,25.63999938964844,26.020000457763672,25.0,25.68000030517578,2328700
2023-03-27,24.847745895385746,25.700000762939453,26.15999984741211,25.65999984741211,25.940000534057617,998300
2023-03-28,23.69720458984375,24.51000022888184,25.549999237060547,24.200000762939453,25.549999237060547,915900
2023-03-29,24.63504409790039,25.479999542236328,25.68000030517578,24.950000762939453,24.989999771118164,785100
2023-03-30,25.021774291992188,25.8799991607666,26.31999969482422,25.63999938964844,25.75,495500
2023-03-31,25.157136917114254,26.020000457763672,26.100000381469727,25.670000076293945,25.75,678800
2023-04-03,24.973434448242188,25.82999992370605,25.920000076293945,25.36000061035156,25.81999969482422,598600
2023-04-04,23.88090705871582,24.700000762939453,25.809999465942383,24.530000686645508,25.809999465942383,631400
2023-04-05,23.28146743774414,24.07999992370605,24.450000762939453,23.82999992370605,24.399999618530277,845000
2023-04-06,23.31047248840332,24.11000061035156,24.440000534057617,23.76000022888184,23.979999542236328,587000
2023-04-10,23.668201446533203,24.479999542236328,24.540000915527344,23.770000457763672,23.809999465942383,588200
2023-04-11,23.3878173828125,24.190000534057617,24.76000022888184,24.149999618530277,24.63999938964844,553600
2023-04-12,23.20411872863769,24.0,24.46999931335449,23.850000381469727,24.459999084472656,457300
2023-04-13,23.32980728149414,24.1299991607666,24.239999771118164,23.84000015258789,24.040000915527344,502300
2023-04-14,23.349143981933597,24.149999618530277,24.40999984741211,23.790000915527344,24.170000076293945,410900
2023-04-17,23.39748764038086,24.200000762939453,24.239999771118164,23.51000022888184,23.86000061035156,599300
2023-04-18,23.213787078857425,24.01000022888184,24.63999938964844,23.700000762939453,24.450000762939453,629500
2023-04-19,22.6240177154541,23.399999618530277,23.809999465942383,23.3700008392334,23.739999771118164,620900
2023-04-20,22.865724563598636,23.649999618530277,24.0,22.959999084472656,23.1200008392334,648900
2023-04-21,22.653024673461918,23.43000030517578,23.59000015258789,23.15999984741211,23.59000015258789,493400
2023-04-24,22.430648803710938,23.200000762939453,23.559999465942383,23.01000022888184,23.559999465942383,516700
2023-04-25,21.299449920654297,22.030000686645508,22.950000762939453,21.940000534057617,22.950000762939453,927600
2023-04-26,21.154420852661133,21.8799991607666,22.15999984741211,21.700000762939453,22.11000061035156,757300
2023-04-27,21.32845115661621,22.059999465942383,22.059999465942383,21.43000030517578,21.90999984741211,606300
2023-04-28,21.628171920776367,22.3700008392334,22.399999618530277,21.84000015258789,21.989999771118164,747200
2023-05-01,21.628171920776367,22.3700008392334,22.780000686645508,22.270000457763672,22.420000076293945,765500
2023-05-02,20.34228134155273,21.040000915527344,22.11000061035156,20.96999931335449,21.940000534057617,1605500
2023-05-03,20.38095092773437,21.07999992370605,21.57999992370605,21.01000022888184,21.06999969482422,882800
2023-05-04,19.81051254272461,20.489999771118164,20.96999931335449,20.420000076293945,20.96999931335449,804900
2023-05-05,20.87404060363769,21.59000015258789,21.780000686645508,20.68000030517578,20.770000457763672,706000
2023-05-08,20.6806697845459,21.38999938964844,21.739999771118164,21.239999771118164,21.530000686645508,545100
2023-05-09,20.758020401000977,21.46999931335449,21.56999969482422,20.8700008392334,21.13999938964844,765500
2023-05-10,21.106081008911133,21.82999992370605,22.0,21.350000381469727,21.8700008392334,753500
2023-05-11,20.6806697845459,21.38999938964844,21.84000015258789,21.229999542236328,21.670000076293945,498100
2023-05-12,20.487302780151367,21.190000534057617,21.670000076293945,21.09000015258789,21.479999542236328,491200
2023-05-15,21.12541961669922,21.850000381469727,21.920000076293945,20.90999984741211,21.170000076293945,862700
2023-05-16,21.096412658691406,21.81999969482422,22.1299991607666,21.709999084472656,21.71999931335449,663600
2023-05-17,22.024578094482425,22.780000686645508,22.899999618530277,21.82999992370605,21.93000030517578,861000
2023-05-18,22.208276748657227,22.96999931335449,23.200000762939453,22.68000030517578,22.86000061035156,924600
2023-05-19,22.06324958801269,22.81999969482422,23.15999984741211,22.6299991607666,23.15999984741211,688600
2023-05-22,22.42098045349121,23.190000534057617,23.200000762939453,22.75,22.790000915527344,784400
2023-05-23,22.36296844482422,23.1299991607666,23.459999084472656,23.030000686645508,23.100000381469727,838000
2023-05-24,21.811872482299805,22.559999465942383,22.809999465942383,22.290000915527344,22.729999542236328,699900
2023-05-25,23.291133880615234,24.09000015258789,24.239999771118164,23.15999984741211,23.15999984741211,996300
2023-05-26,24.441675186157227,25.280000686645508,25.38999938964844,24.149999618530277,24.36000061035156,1016500
2023-05-30,24.52869033813477,25.3700008392334,26.3700008392334,24.850000381469727,26.209999084472656,1122700
2023-05-31,23.958253860473636,24.780000686645508,25.530000686645508,24.489999771118164,24.850000381469727,1816600
2023-06-01,24.27731132507324,25.11000061035156,25.32999992370605,24.56999969482422,24.93000030517578,1086800
2023-06-02,25.1474666595459,26.01000022888184,26.190000534057617,25.059999465942383,25.479999542236328,1965100
2023-06-05,24.357213973999023,25.1200008392334,25.75,24.940000534057617,25.6200008392334,989200
2023-06-06,24.99717140197754,25.780000686645508,25.82999992370605,24.6299991607666,24.770000457763672,1212400
2023-06-07,25.763181686401367,26.56999969482422,27.149999618530277,26.020000457763672,26.020000457763672,1170800
2023-06-08,25.70500373840332,26.51000022888184,27.059999465942383,26.32999992370605,26.549999237060547,1141600
2023-06-09,25.094133377075195,25.8799991607666,26.649999618530277,25.76000022888184,26.63999938964844,1168800
2023-06-12,25.82135772705078,26.6299991607666,26.75,25.82999992370605,25.850000381469727,998800
2023-06-13,26.238304138183597,27.059999465942383,27.200000762939453,26.739999771118164,27.0,1048500
2023-06-14,26.063766479492188,26.8799991607666,27.18000030517578,26.57999992370605,26.850000381469727,865600
2023-06-15,25.59834289550781,26.399999618530277,26.600000381469727,25.86000061035156,26.459999084472656,995000
2023-06-16,25.588645935058597,26.38999938964844,26.65999984741211,26.1200008392334,26.65999984741211,1434000
2023-06-20,25.976503372192383,26.790000915527344,26.989999771118164,26.31999969482422,26.32999992370605,1968800
2023-06-21,25.24927520751953,26.040000915527344,26.649999618530277,25.709999084472656,26.56999969482422,798200
2023-06-22,25.52077293395996,26.31999969482422,26.34000015258789,25.76000022888184,25.850000381469727,514200
2023-06-23,25.113525390625,25.899999618530277,26.06999969482422,25.549999237060547,25.790000915527344,1500000
2023-06-26,25.55956077575684,26.36000061035156,27.059999465942383,26.020000457763672,26.020000457763672,915200
2023-06-27,28.47815704345703,29.3700008392334,29.6299991607666,26.459999084472656,26.459999084472656,3789000
2023-06-28,28.468461990356445,29.36000061035156,29.90999984741211,28.38999938964844,28.899999618530277,2226500
2023-06-29,28.76905059814453,29.670000076293945,29.940000534057617,28.920000076293945,29.36000061035156,1228300
2023-06-30,28.84661674499512,29.75,30.25,29.71999931335449,30.0,1007100
2023-07-03,28.64299964904785,29.540000915527344,30.09000015258789,29.34000015258789,29.86000061035156,438000
2023-07-05,27.59579086303711,28.459999084472656,29.309999465942383,28.40999984741211,29.280000686645508,1075200
2023-07-06,26.655244827270508,27.489999771118164,28.13999938964844,27.170000076293945,27.81999969482422,1150600
2023-07-07,27.101280212402344,27.950000762939453,28.549999237060547,27.549999237060547,27.559999465942383,664300
2023-07-10,27.06249237060547,27.90999984741211,28.3799991607666,27.86000061035156,27.950000762939453,646800
2023-07-11,27.014013290405277,27.86000061035156,27.989999771118164,27.18000030517578,27.979999542236328,583400
2023-07-12,27.88667869567871,28.76000022888184,29.13999938964844,28.239999771118164,28.450000762939453,913700
2023-07-13,28.66238784790039,29.559999465942383,29.690000534057617,28.989999771118164,28.989999771118164,716100
2023-07-14,28.313322067260746,29.200000762939453,29.559999465942383,28.86000061035156,29.5,893900
2023-07-17,28.710872650146484,29.61000061035156,29.93000030517578,29.030000686645508,29.21999931335449,649500
2023-07-18,28.895099639892575,29.799999237060547,29.82999992370605,29.06999969482422,29.440000534057617,588400
2023-07-19,28.50724983215332,29.399999618530277,29.850000381469727,29.200000762939453,29.850000381469727,666500
2023-07-20,27.256420135498047,28.11000061035156,29.11000061035156,27.809999465942383,29.0,1051000
2023-07-21,27.140060424804688,27.989999771118164,28.59000015258789,27.96999931335449,28.3799991607666,814200
2023-07-24,26.994617462158203,27.84000015258789,28.3700008392334,27.63999938964844,27.989999771118164,605200
2023-07-25,27.518218994140625,28.3799991607666,28.739999771118164,27.88999938964844,27.950000762939453,501000
2023-07-26,27.4697380065918,28.32999992370605,28.57999992370605,27.979999542236328,28.11000061035156,575000
2023-07-27,28.17757225036621,29.059999465942383,29.76000022888184,28.780000686645508,29.190000534057617,939300
2023-07-28,28.72056770324707,29.6200008392334,29.850000381469727,29.34000015258789,29.6299991607666,729100
2023-07-31,28.2066593170166,29.09000015258789,29.84000015258789,28.979999542236328,29.690000534057617,1431600
2023-08-01,28.73995780944824,29.63999938964844,29.93000030517578,27.299999237060547,28.520000457763672,2095600
2023-08-02,27.8478946685791,28.71999931335449,29.31999969482422,28.68000030517578,29.18000030517578,1088000
2023-08-03,27.392168045043945,28.25,28.549999237060547,27.920000076293945,28.290000915527344,788400
2023-08-04,27.34368705749512,28.200000762939453,28.709999084472656,27.81999969482422,28.15999984741211,552200
2023-08-07,27.78971672058105,28.65999984741211,28.770000457763672,27.84000015258789,28.420000076293945,921600
2023-08-08,26.781299591064453,27.6200008392334,28.1200008392334,27.059999465942383,28.1200008392334,677500
2023-08-09,26.27709007263184,27.100000381469727,27.530000686645508,27.06999969482422,27.530000686645508,595400
2023-08-10,25.90862274169922,26.71999931335449,27.56999969482422,26.5,27.280000686645508,656600
2023-08-11,25.472291946411133,26.270000457763672,26.59000015258789,26.13999938964844,26.36000061035156,623300
2023-08-14,25.52077293395996,26.31999969482422,26.6299991607666,25.86000061035156,26.049999237060547,650700
2023-08-15,24.958385467529297,25.739999771118164,26.149999618530277,25.65999984741211,26.059999465942383,620300
2023-08-16,24.609317779541016,25.3799991607666,25.979999542236328,25.36000061035156,25.690000534057617,422600
2023-08-17,24.13419914245605,24.88999938964844,25.5,24.75,25.46999931335449,633100
2023-08-18,24.38630104064941,25.149999618530277,25.38999938964844,24.540000915527344,24.690000534057617,495300
2023-08-21,24.832334518432617,25.61000061035156,25.649999618530277,25.15999984741211,25.229999542236328,436400
2023-08-22,24.871118545532227,25.649999618530277,26.06999969482422,25.43000030517578,25.979999542236328,568100
2023-08-23,25.763181686401367,26.56999969482422,26.6200008392334,25.5,25.6299991607666,494900
2023-08-24,25.65652275085449,26.459999084472656,27.11000061035156,26.459999084472656,26.979999542236328,1063100
2023-08-25,25.588645935058597,26.38999938964844,26.559999465942383,25.6200008392334,26.540000915527344,724400
2023-08-28,26.238304138183597,27.059999465942383,27.38999938964844,26.600000381469727,26.600000381469727,682700
2023-08-29,26.90735244750977,27.75,28.1200008392334,26.75,26.8700008392334,606800
2023-08-30,27.06249237060547,27.90999984741211,28.06999969482422,27.46999931335449,27.649999618530277,629500
2023-08-31,27.110971450805664,27.959999084472656,28.31999969482422,27.82999992370605,27.82999992370605,817300
2023-09-01,27.37833976745605,28.15999984741211,28.309999465942383,27.81999969482422,28.149999618530277,521700
2023-09-05,27.46584129333496,28.25,28.549999237060547,27.670000076293945,28.020000457763672,697400
2023-09-06,26.503320693969727,27.26000022888184,28.559999465942383,27.15999984741211,28.190000534057617,728700
2023-09-07,22.17684364318848,22.809999465942383,23.3700008392334,22.46999931335449,23.239999771118164,8501300
2023-09-08,22.16711807250977,22.799999237060547,23.11000061035156,22.63999938964844,23.11000061035156,3028800
2023-09-11,21.282381057739254,21.88999938964844,23.11000061035156,21.82999992370605,23.059999465942383,3835100
2023-09-12,21.68099975585937,22.299999237060547,22.56999969482422,21.729999542236328,21.850000381469727,1606000
2023-09-13,22.07961845397949,22.709999084472656,22.88999938964844,22.290000915527344,22.549999237060547,1946800
2023-09-14,22.3324031829834,22.96999931335449,23.11000061035156,22.520000457763672,22.96999931335449,1337600
2023-09-15,21.63238906860352,22.25,22.850000381469727,22.1299991607666,22.770000457763672,2351700
2023-09-18,22.20601272583008,22.84000015258789,23.059999465942383,22.059999465942383,22.209999084472656,1457300
2023-09-19,22.0601749420166,22.690000534057617,22.93000030517578,22.51000022888184,22.799999237060547,1287100
2023-09-20,21.80739021301269,22.43000030517578,23.020000457763672,22.43000030517578,22.76000022888184,1053500
2023-09-21,21.62266731262207,22.239999771118164,22.600000381469727,22.07999992370605,22.1299991607666,1074600
2023-09-22,21.768503189086918,22.38999938964844,22.63999938964844,22.309999465942383,22.420000076293945,767200
2023-09-25,21.768503189086918,22.38999938964844,22.540000915527344,22.170000076293945,22.270000457763672,710100
2023-09-26,21.574054718017575,22.190000534057617,22.280000686645508,22.01000022888184,22.100000381469727,901300
2023-09-27,22.001840591430664,22.6299991607666,22.76000022888184,22.32999992370605,22.399999618530277,995500
2023-09-28,22.13795661926269,22.770000457763672,23.13999938964844,22.5,22.57999992370605,767900
2023-09-29,21.97267341613769,22.600000381469727,23.100000381469727,22.5,23.059999465942383,716200
2023-10-02,21.953229904174805,22.57999992370605,22.8700008392334,22.3700008392334,22.549999237060547,718800
2023-10-03,21.554607391357425,22.170000076293945,22.6200008392334,22.06999969482422,22.399999618530277,803600
2023-10-04,21.778226852416992,22.399999618530277,22.530000686645508,22.01000022888184,22.34000015258789,740300
2023-10-05,21.787946701049805,22.40999984741211,22.5,22.049999237060547,22.350000381469727,742500
2023-10-06,22.04073143005371,22.670000076293945,22.93000030517578,22.270000457763672,22.299999237060547,1533400
2023-10-09,22.05045318603516,22.68000030517578,22.690000534057617,22.040000915527344,22.149999618530277,1024700
2023-10-10,22.556018829345703,23.200000762939453,23.479999542236328,22.600000381469727,22.709999084472656,1536000
2023-10-11,22.662965774536133,23.309999465942383,23.43000030517578,22.940000534057617,23.270000457763672,1078700
2023-10-12,22.779634475708008,23.43000030517578,24.020000457763672,23.190000534057617,23.36000061035156,1101100
2023-10-13,22.147680282592773,22.780000686645508,23.43000030517578,22.71999931335449,23.38999938964844,656100
2023-10-16,22.633798599243164,23.280000686645508,23.36000061035156,22.6299991607666,22.920000076293945,645200
2023-10-17,22.38101577758789,23.020000457763672,23.440000534057617,22.61000061035156,22.84000015258789,1038100
2023-10-18,22.361570358276367,23.0,23.15999984741211,22.450000762939453,22.61000061035156,743900
2023-10-19,21.93378448486328,22.559999465942383,23.399999618530277,22.5,23.25,909500
2023-10-20,21.50599670410156,22.1200008392334,22.649999618530277,22.049999237060547,22.59000015258789,778200
2023-10-23,21.11709976196289,21.71999931335449,22.209999084472656,21.649999618530277,22.059999465942383,882500
2023-10-24,21.35043716430664,21.959999084472656,22.100000381469727,21.729999542236328,21.920000076293945,816600
2023-10-25,20.61153793334961,21.200000762939453,21.770000457763672,20.8700008392334,21.68000030517578,920200
2023-10-26,20.640701293945312,21.229999542236328,21.709999084472656,21.1299991607666,21.270000457763672,1078800
2023-10-27,20.193471908569336,20.770000457763672,21.32999992370605,20.59000015258789,21.280000686645508,1038400
2023-10-30,19.87263298034668,20.440000534057617,20.88999938964844,20.25,20.81999969482422,1595000
2023-10-31,20.28097343444824,20.86000061035156,21.290000915527344,17.579999923706055,18.5,3425600
2023-11-01,21.389328002929688,22.0,22.01000022888184,20.81999969482422,20.81999969482422,1853000
2023-11-02,21.97267341613769,22.600000381469727,22.75,21.920000076293945,22.6200008392334,1291600
2023-11-03,23.16853141784668,23.82999992370605,24.06999969482422,22.8700008392334,22.920000076293945,1269200
2023-11-06,22.88658142089844,23.540000915527344,23.950000762939453,23.31999969482422,23.950000762939453,765100
2023-11-07,22.74074363708496,23.38999938964844,23.540000915527344,23.020000457763672,23.440000534057617,558100
2023-11-08,22.721302032470703,23.3700008392334,23.68000030517578,23.190000534057617,23.46999931335449,536600
2023-11-09,22.29351234436035,22.93000030517578,23.56999969482422,22.899999618530277,23.3700008392334,770600
2023-11-10,23.25603485107422,23.920000076293945,24.01000022888184,23.09000015258789,23.21999931335449,620300
2023-11-13,23.090749740600582,23.75,23.84000015258789,23.440000534057617,23.71999931335449,497000
2023-11-14,24.471336364746094,25.170000076293945,25.21999931335449,24.38999938964844,24.38999938964844,964300
2023-11-15,24.967180252075195,25.68000030517578,25.93000030517578,25.020000457763672,25.290000915527344,1133900
2023-11-16,25.278297424316406,26.0,26.149999618530277,25.6299991607666,25.770000457763672,1407600
2023-11-17,25.75469398498535,26.489999771118164,26.57999992370605,26.0,26.030000686645508,1118700
2023-11-20,26.328319549560547,27.07999992370605,27.13999938964844,26.399999618530277,26.399999618530277,865400
2023-11-21,26.34776496887207,27.100000381469727,27.209999084472656,26.799999237060547,27.100000381469727,962600
2023-11-22,26.96027565002441,27.729999542236328,27.8799991607666,27.26000022888184,27.26000022888184,814700
2023-11-24,26.91166305541992,27.68000030517578,28.07999992370605,27.57999992370605,27.63999938964844,568700
2023-11-27,27.12555694580078,27.899999618530277,28.09000015258789,27.38999938964844,27.63999938964844,768700
2023-11-28,26.979721069335938,27.75,28.07999992370605,27.549999237060547,27.799999237060547,1076100
2023-11-29,27.572790145874023,28.36000061035156,28.61000061035156,28.209999084472656,28.21999931335449,853200
2023-11-30,27.3880615234375,28.170000076293945,28.709999084472656,27.979999542236328,28.540000915527344,1202000
2023-12-01,27.67001342773437,28.459999084472656,28.520000457763672,27.86000061035156,28.07999992370605,774000
2023-12-04,27.70803642272949,28.420000076293945,28.51000022888184,27.8799991607666,28.299999237060547,738000
2023-12-05,27.444801330566406,28.149999618530277,28.38999938964844,27.96999931335449,28.270000457763672,656200
2023-12-06,27.34730529785156,28.049999237060547,28.989999771118164,28.040000915527344,28.489999771118164,713900
2023-12-07,27.77628326416016,28.489999771118164,28.5,28.06999969482422,28.200000762939453,837100
2023-12-08,28.03951644897461,28.76000022888184,28.979999542236328,28.3799991607666,28.440000534057617,847200
2023-12-11,29.082714080810547,29.82999992370605,29.989999771118164,28.81999969482422,28.93000030517578,967200
2023-12-12,30.00891494750977,30.780000686645508,30.989999771118164,29.790000915527344,29.86000061035156,1419200
2023-12-13,30.915616989135746,31.709999084472656,31.71999931335449,30.540000915527344,30.82999992370605,1249900
2023-12-14,32.45603561401367,33.290000915527344,33.470001220703125,31.90999984741211,31.989999771118164,1909000
2023-12-15,32.56328201293945,33.400001525878906,33.66999816894531,33.04999923706055,33.45000076293945,3978000
2023-12-18,32.86551284790039,33.709999084472656,33.810001373291016,32.97999954223633,33.400001525878906,1262900
2023-12-19,32.94350814819336,33.790000915527344,33.959999084472656,33.400001525878906,33.77000045776367,1444400
2023-12-20,31.8515682220459,32.66999816894531,33.91999816894531,32.650001525878906,33.5099983215332,877400
2023-12-21,32.48528289794922,33.31999969482422,33.58000183105469,32.900001525878906,33.52000045776367,896700
2023-12-22,32.76802062988281,33.61000061035156,34.029998779296875,33.29999923706055,33.619998931884766,616400
2023-12-26,33.32373809814453,34.18000030517578,34.439998626708984,33.790000915527344,33.810001373291016,612200
2023-12-27,33.19699478149414,34.04999923706055,34.369998931884766,33.959999084472656,34.310001373291016,586500
2023-12-28,32.94350814819336,33.790000915527344,34.31999969482422,33.75,34.09000015258789,612100
2023-12-29,32.43653869628906,33.27000045776367,33.93000030517578,33.22999954223633,33.7400016784668,679000
2024-01-02,31.19835090637207,32.0,32.869998931884766,31.6299991607666,32.75,872600
2024-01-03,29.979665756225582,30.75,31.43000030517578,30.57999992370605,31.43000030517578,965000
2024-01-04,29.50194358825684,30.26000022888184,30.729999542236328,30.06999969482422,30.46999931335449,966000
2024-01-05,29.521440505981445,30.280000686645508,30.520000457763672,30.040000915527344,30.209999084472656,820200
2024-01-08,30.213653564453125,30.989999771118164,31.280000686645508,30.34000015258789,30.5,1082600
2024-01-09,29.96991729736328,30.739999771118164,31.0,30.280000686645508,30.40999984741211,796600
2024-01-10,29.638431549072266,30.399999618530277,30.76000022888184,29.809999465942383,30.700000762939453,664400
2024-01-11,29.599437713623047,30.36000061035156,30.440000534057617,29.649999618530277,30.25,805500
2024-01-12,29.365447998046875,30.1200008392334,30.690000534057617,29.82999992370605,30.59000015258789,687900
2024-01-16,29.833423614501957,30.600000381469727,30.61000061035156,29.700000762939453,29.940000534057617,1026500
2024-01-17,29.843172073364254,30.61000061035156,30.709999084472656,29.8799991607666,30.15999984741211,935200
2024-01-18,31.139856338500977,31.940000534057617,32.060001373291016,31.40999984741211,31.479999542236328,770900
2024-01-19,31.81257057189941,32.630001068115234,32.689998626708984,31.670000076293945,32.31999969482422,751700
2024-01-22,32.35853958129883,33.189998626708984,33.470001220703125,32.959999084472656,33.04999923706055,737900
2024-01-23,32.53403091430664,33.369998931884766,33.790000915527344,33.099998474121094,33.400001525878906,744500
2024-01-24,32.40729141235352,33.2400016784668,34.0099983215332,33.06999969482422,33.72999954223633,708800
2024-01-25,32.972755432128906,33.81999969482422,34.369998931884766,33.41999816894531,34.040000915527344,853200
2024-01-26,31.80281639099121,32.619998931884766,33.380001068115234,32.54999923706055,33.29999923706055,590400
2024-01-29,32.23179626464844,33.060001373291016,33.119998931884766,32.58000183105469,32.66999816894531,557600
2024-01-30,32.38779067993164,33.220001220703125,33.29999923706055,32.880001068115234,32.91999816894531,744300
2024-01-31,30.86686897277832,31.65999984741211,32.72999954223633,31.5,32.72999954223633,927700
2024-02-01,31.14960479736328,31.950000762939453,32.04999923706055,31.309999465942383,31.809999465942383,802600
2024-02-02,31.159353256225582,31.959999084472656,32.25,31.51000022888184,31.530000686645508,918400
2024-02-05,31.500587463378903,32.310001373291016,32.58000183105469,31.790000915527344,32.06999969482422,1748500
2024-02-06,29.92117118835449,30.690000534057617,31.399999618530277,28.84000015258789,31.399999618530277,2472000
2024-02-07,28.83897590637207,29.57999992370605,30.959999084472656,29.5,30.959999084472656,1351300
2024-02-08,29.414196014404297,30.170000076293945,30.799999237060547,29.670000076293945,29.809999465942383,1509200
2024-02-09,30.41839408874512,31.200000762939453,31.36000061035156,30.07999992370605,30.420000076293945,990300
2024-02-12,30.6718807220459,31.459999084472656,31.84000015258789,31.07999992370605,31.36000061035156,858500
2024-02-13,29.160707473754883,29.90999984741211,30.489999771118164,29.459999084472656,30.040000915527344,1337600
2024-02-14,29.79442405700684,30.559999465942383,30.770000457763672,30.09000015258789,30.520000457763672,634500
2024-02-15,29.774927139282227,30.540000915527344,30.8700008392334,30.270000457763672,30.82999992370605,716500
2024-02-16,29.25820541381836,30.01000022888184,30.670000076293945,29.850000381469727,30.57999992370605,718500
2024-02-20,29.004716873168945,29.75,29.920000076293945,29.350000381469727,29.809999465942383,1035500
2024-02-21,29.365447998046875,30.1200008392334,30.13999938964844,29.280000686645508,29.40999984741211,648000
2024-02-22,30.07716178894043,30.850000381469727,31.030000686645508,30.3799991607666,31.030000686645508,932400
2024-02-23,29.823673248291016,30.59000015258789,30.93000030517578,30.46999931335449,30.93000030517578,507400
2024-02-26,29.950416564941406,30.71999931335449,31.040000915527344,30.5,30.950000762939453,569700
2024-02-27,29.74567985534668,30.51000022888184,30.899999618530277,30.399999618530277,30.8700008392334,507500
2024-02-28,29.589689254760746,30.350000381469727,30.479999542236328,29.81999969482422,30.01000022888184,609000
2024-02-29,30.242902755737305,31.020000457763672,31.1299991607666,30.5,30.690000534057617,804500
2024-03-01,32.241546630859375,33.06999969482422,33.47999954223633,31.229999542236328,31.34000015258789,1035200
2024-03-04,32.70951843261719,33.54999923706055,34.0099983215332,33.2599983215332,33.560001373291016,935800
2024-03-05,31.96856117248535,32.790000915527344,33.560001373291016,32.33000183105469,33.150001525878906,770100
2024-03-06,34.27919006347656,35.15999984741211,35.470001220703125,33.34000015258789,33.439998626708984,1260400
2024-03-07,35.185890197753906,36.09000015258789,37.0,35.5,35.630001068115234,1072400
2024-03-08,34.02570343017578,34.900001525878906,36.77000045776367,34.7400016784668,36.43999862670898,1008500
2024-03-11,32.783729553222656,33.54999923706055,34.22999954223633,33.08000183105469,33.939998626708984,999700
2024-03-12,33.252769470214844,34.029998779296875,34.220001220703125,33.220001220703125,33.709999084472656,766300
2024-03-13,32.324466705322266,33.08000183105469,33.9900016784668,32.72999954223633,33.70000076293945,775300
2024-03-14,30.7414665222168,31.459999084472656,32.93000030517578,31.18000030517578,32.619998931884766,1667500
2024-03-15,30.5362606048584,31.25,31.63999938964844,30.88999938964844,31.11000061035156,2474300
2024-03-18,30.331058502197266,31.040000915527344,31.93000030517578,31.01000022888184,31.6200008392334,1045100
2024-03-19,30.3212890625,31.030000686645508,31.299999237060547,30.530000686645508,30.809999465942383,743900
2024-03-20,30.88804054260254,31.61000061035156,31.690000534057617,30.6299991607666,30.93000030517578,680700
2024-03-21,30.94667053222656,31.670000076293945,32.56999969482422,31.600000381469727,32.369998931884766,1121400
2024-03-22,30.92712783813477,31.649999618530277,31.979999542236328,31.520000457763672,31.700000762939453,694900
2024-03-25,31.14210319519043,31.8700008392334,31.88999938964844,31.149999618530277,31.32999992370605,659500
2024-03-26,30.83918190002441,31.559999465942383,32.33000183105469,31.520000457763672,32.150001525878906,784700
2024-03-27,31.98246192932129,32.72999954223633,32.7400016784668,31.65999984741211,31.93000030517578,618000
2024-03-28,31.5036563873291,32.2400016784668,32.810001373291016,31.979999542236328,32.72999954223633,682800
2024-04-01,31.083471298217773,31.809999465942383,32.939998626708984,31.799999237060547,32.15999984741211,564500
2024-04-02,30.27242851257324,30.979999542236328,31.290000915527344,30.75,31.13999938964844,669000
2024-04-03,30.614437103271484,31.32999992370605,31.65999984741211,30.3799991607666,30.3799991607666,702700
2024-04-04,29.97928237915039,30.68000030517578,32.029998779296875,30.559999465942383,31.959999084472656,518500
2024-04-05,30.11608123779297,30.81999969482422,30.979999542236328,30.530000686645508,30.8700008392334,670000
2024-04-08,30.62420654296875,31.34000015258789,31.780000686645508,31.149999618530277,31.290000915527344,478700
2024-04-09,32.97916030883789,33.75,34.099998474121094,32.15999984741211,32.29999923706055,2577200
2024-04-10,31.66976928710937,32.40999984741211,33.16999816894531,32.09000015258789,32.93000030517578,1261300
2024-04-11,32.783729553222656,33.54999923706055,33.93000030517578,32.27000045776367,32.599998474121094,1058700
2024-04-12,31.63068008422852,32.369998931884766,33.36000061035156,32.279998779296875,32.849998474121094,800100
2024-04-15,30.58512115478516,31.299999237060547,32.869998931884766,31.170000076293945,32.869998931884766,750800
2024-04-16,30.497175216674805,31.209999084472656,31.61000061035156,30.76000022888184,31.07999992370605,733800
2024-04-17,29.41252899169922,30.100000381469727,31.26000022888184,29.809999465942383,31.25,892700
2024-04-18,28.30833625793457,28.96999931335449,29.950000762939453,28.88999938964844,29.780000686645508,1035300
2024-04-19,27.849071502685547,28.5,29.63999938964844,28.149999618530277,28.8799991607666,1225400
2024-04-22,28.298564910888672,28.959999084472656,29.239999771118164,28.43000030517578,28.649999618530277,737600
2024-04-23,28.78714370727539,29.459999084472656,29.790000915527344,28.799999237060547,29.040000915527344,748000
2024-04-24,29.178009033203125,29.86000061035156,30.450000762939453,29.549999237060547,30.030000686645508,804300
2024-04-25,29.40275764465332,30.09000015258789,30.459999084472656,29.6200008392334,29.799999237060547,969400
2024-04-26,29.920654296875,30.6200008392334,30.899999618530277,30.100000381469727,30.1299991607666,739900
2024-04-29,30.751235961914062,31.46999931335449,31.649999618530277,30.700000762939453,30.700000762939453,1465000
2024-04-30,31.61113548278809,32.349998474121094,35.95000076293945,32.290000915527344,35.029998779296875,2916400
2024-05-01,29.63727569580078,30.32999992370605,32.08000183105469,30.040000915527344,32.029998779296875,2153800
2024-05-02,30.93689727783203,31.65999984741211,31.799999237060547,30.51000022888184,30.899999618530277,1357800
2024-05-03,31.60136985778809,32.34000015258789,33.459999084472656,32.130001068115234,32.630001068115234,1060700
2024-05-06,31.63068008422852,32.369998931884766,32.970001220703125,32.08000183105469,32.58000183105469,1035700
2024-05-07,32.03131484985352,32.779998779296875,33.4900016784668,32.5099983215332,32.619998931884766,961200
2024-05-08,31.796798706054688,32.540000915527344,32.65999984741211,32.130001068115234,32.4900016784668,689200
2024-05-09,31.884746551513672,32.630001068115234,32.7599983215332,32.16999816894531,32.540000915527344,551600
2024-05-10,31.884746551513672,32.630001068115234,33.099998474121094,32.33000183105469,32.84000015258789,420200
2024-05-13,31.9433708190918,32.689998626708984,33.25,32.5,32.849998474121094,633900
2024-05-14,32.53944396972656,33.29999923706055,33.349998474121094,32.720001220703125,32.959999084472656,582200
2024-05-15,33.008480072021484,33.779998779296875,33.86000061035156,33.0,33.72999954223633,652300
2024-05-16,32.19743728637695,32.95000076293945,33.720001220703125,32.93000030517578,33.529998779296875,612600
2024-05-17,31.93360137939453,32.68000030517578,33.310001373291016,32.29999923706055,33.18000030517578,532400
2024-05-20,32.37332534790039,33.130001068115234,33.869998931884766,32.7599983215332,32.7599983215332,841800
2024-05-21,32.05086135864258,32.79999923706055,33.04999923706055,32.5,32.58000183105469,832300
2024-05-22,32.46126937866211,33.220001220703125,33.2599983215332,32.41999816894531,32.9900016784668,883600
2024-05-23,31.84565734863281,32.59000015258789,34.099998474121094,32.349998474121094,33.970001220703125,825900
2024-05-24,32.34400939941406,33.099998474121094,33.2599983215332,32.619998931884766,32.869998931884766,628200
2024-05-28,32.69578552246094,33.459999084472656,33.88999938964844,32.83000183105469,33.38999938964844,657200
2024-05-29,31.78702545166016,32.529998779296875,33.11000061035156,32.52000045776367,32.880001068115234,588900
2024-05-30,31.894512176513672,32.63999938964844,33.189998626708984,32.43000030517578,32.630001068115234,844300
2024-05-31,31.84565734863281,32.59000015258789,33.060001373291016,31.600000381469727,32.72999954223633,1120600
2024-06-03,31.58182144165039,32.31999969482422,33.0,31.670000076293945,32.95000076293945,810800
2024-06-04,30.91474723815918,31.559999465942383,32.04999923706055,31.34000015258789,32.040000915527344,903100
2024-06-05,32.531009674072266,33.209999084472656,33.36000061035156,32.02000045776367,32.189998626708984,979300
2024-06-06,32.295921325683594,32.970001220703125,33.290000915527344,32.529998779296875,33.130001068115234,676800
2024-06-07,32.28612518310547,32.959999084472656,33.119998931884766,32.380001068115234,32.66999816894531,740800
2024-06-10,33.46158981323242,34.15999984741211,34.68000030517578,32.380001068115234,32.400001525878906,1163200
2024-06-11,33.3636360168457,34.060001373291016,34.369998931884766,33.459999084472656,34.04999923706055,851700
2024-06-12,34.89173889160156,35.619998931884766,36.34000015258789,35.08000183105469,35.08000183105469,1160700
2024-06-13,34.3627815246582,35.08000183105469,35.540000915527344,34.619998931884766,35.290000915527344,841100
2024-06-14,34.14728164672852,34.86000061035156,34.90999984741211,33.900001525878906,34.369998931884766,929200
2024-06-17,35.92026901245117,36.66999816894531,36.83000183105469,34.59000015258789,34.91999816894531,1729600
2024-06-18,39.27035140991211,40.09000015258789,40.58000183105469,36.66999816894531,36.68000030517578,3614700
2024-06-20,38.57486724853516,39.380001068115234,40.52999877929688,39.11000061035156,40.209999084472656,2498900
2024-06-21,37.575721740722656,38.36000061035156,39.16999816894531,37.58000183105469,38.79999923706055,2973300
2024-06-24,36.46882247924805,37.22999954223633,38.93999862670898,37.18000030517578,38.0,1930800
2024-06-25,38.36915969848633,39.16999816894531,39.18999862670898,36.869998931884766,37.5,1925300
2024-06-26,38.290794372558594,39.09000015258789,40.119998931884766,38.650001525878906,38.959999084472656,2080000
2024-06-27,38.06549835205078,38.86000061035156,39.52000045776367,38.75,39.290000915527344,1508800
2024-06-28,39.2017822265625,40.02000045776367,40.93000030517578,39.11000061035156,39.33000183105469,16915200
2024-07-01,39.41728591918945,40.2400016784668,41.86000061035156,39.59000015258789,40.400001525878906,1915000
2024-07-02,39.3976936340332,40.220001220703125,41.2599983215332,40.060001373291016,40.060001373291016,1256900
2024-07-03,39.47605514526367,40.29999923706055,40.43000030517578,39.709999084472656,40.220001220703125,1120100
2024-07-05,39.24096298217773,40.060001373291016,40.4900016784668,39.45000076293945,40.31999969482422,1312300
2024-07-08,39.91685485839844,40.75,41.150001525878906,40.34000015258789,40.52999877929688,1165300
2024-07-09,41.08252334594727,41.93999862670898,42.130001068115234,40.810001373291016,40.810001373291016,1796800
2024-07-10,42.532264709472656,43.41999816894531,43.61000061035156,42.04999923706055,42.2400016784668,1655300
2024-07-11,41.08252334594727,41.93999862670898,44.09000015258789,41.90999984741211,44.0,1647400
2024-07-12,41.25884628295898,42.119998931884766,43.0,41.56999969482422,42.220001220703125,1135800
2024-07-15,42.05228805541992,42.93000030517578,43.65999984741211,42.15999984741211,42.84999847412109,1622500
2024-07-16,43.76650619506836,44.68000030517578,44.86000061035156,42.619998931884766,43.18999862670898,1575600
2024-07-17,40.37724685668945,41.220001220703125,42.5,41.02000045776367,41.43000030517578,2135100
2024-07-18,40.56336212158203,41.40999984741211,42.119998931884766,40.52999877929688,41.75,1457900
2024-07-19,38.95689392089844,39.77000045776367,41.38999938964844,39.68999862670898,41.310001373291016,1323000
2024-07-22,40.34785842895508,41.18999862670898,41.31999969482422,40.220001220703125,40.650001525878906,958100
2024-07-23,40.24990463256836,41.09000015258789,41.52999877929688,40.58000183105469,40.75,917500
2024-07-24,38.1634521484375,38.959999084472656,40.38999938964844,38.900001525878906,40.369998931884766,1037600
2024-07-25,37.3994026184082,38.18000030517578,39.650001525878906,37.25,38.45000076293945,1930400
2024-07-26,37.37001800537109,38.150001525878906,39.150001525878906,37.66999816894531,39.04999923706055,1128800
2024-07-29,36.83125686645508,37.59999847412109,39.47999954223633,37.34999847412109,38.560001373291016,2859800
2024-07-30,29.886215209960938,30.51000022888184,35.849998474121094,29.399999618530277,34.970001220703125,6442300
2024-07-31,31.992259979248047,32.65999984741211,32.709999084472656,31.43000030517578,31.81999969482422,2801300
2024-08-01,29.39643859863281,30.01000022888184,32.52000045776367,29.420000076293945,31.790000915527344,2507300
2024-08-02,28.044652938842773,28.6299991607666,29.26000022888184,28.020000457763672,28.799999237060547,2620300
2024-08-05,27.51569175720215,28.09000015258789,29.020000457763672,26.600000381469727,26.899999618530277,1910200
2024-08-06,28.005470275878903,28.59000015258789,29.25,27.780000686645508,28.209999084472656,1820800
2024-08-07,27.94669914245605,28.530000686645508,29.81999969482422,28.170000076293945,29.61000061035156,2032200
2024-08-08,29.76866912841797,30.38999938964844,30.559999465942383,28.809999465942383,29.459999084472656,1423400
2024-08-09,31.10086441040039,31.75,31.8700008392334,30.420000076293945,30.440000534057617,2840300
2024-08-12,30.79720115661621,31.440000534057617,31.799999237060547,31.07999992370605,31.6200008392334,1799700
2024-08-13,31.502479553222656,32.15999984741211,32.2400016784668,31.440000534057617,31.989999771118164,1324100
2024-08-14,31.17922782897949,31.82999992370605,32.63999938964844,31.3700008392334,32.63999938964844,1312800
2024-08-15,32.19796371459961,32.869998931884766,33.08000183105469,32.15999984741211,32.5,1167000
2024-08-16,31.894302368164062,32.560001373291016,32.849998474121094,31.959999084472656,32.11000061035156,910300
2024-08-19,32.39387512207031,33.06999969482422,33.130001068115234,31.850000381469727,32.97999954223633,852900
2024-08-20,31.73757553100586,32.400001525878906,33.099998474121094,31.8799991607666,33.040000915527344,1077000
2024-08-21,32.51142120361328,33.189998626708984,33.5,32.4900016784668,32.7599983215332,1014200
2024-08-22,31.502479553222656,32.15999984741211,33.849998474121094,32.09000015258789,33.5,1184600
2024-08-23,32.687744140625,33.369998931884766,33.630001068115234,32.41999816894531,32.70000076293945,1009000
2024-08-26,32.28612518310547,32.959999084472656,33.54999923706055,32.83000183105469,33.31999969482422,957700
2024-08-27,32.3644905090332,33.040000915527344,33.150001525878906,32.20000076293945,32.70000076293945,721200
2024-08-28,31.962871551513672,32.630001068115234,33.130001068115234,31.96999931335449,32.84000015258789,983000
2024-08-29,32.06082534790039,32.72999954223633,33.689998626708984,32.529998779296875,32.59000015258789,1043300
2024-08-30,32.227352142333984,32.900001525878906,33.5099983215332,32.45000076293945,33.5099983215332,2291900
2024-09-03,29.064611434936523,29.600000381469727,32.22999954223633,29.479999542236328,32.22999954223633,1900400
2024-09-04,29.152984619140625,29.690000534057617,30.489999771118164,29.100000381469727,29.3700008392334,1765600
2024-09-05,29.035154342651367,29.56999969482422,30.18000030517578,28.979999542236328,29.32999992370605,1084600
2024-09-06,27.994327545166016,28.51000022888184,29.399999618530277,28.399999618530277,29.31999969482422,1276300
2024-09-09,28.161252975463867,28.68000030517578,29.270000457763672,28.670000076293945,28.88999938964844,1218700
2024-09-10,28.318357467651367,28.84000015258789,28.8700008392334,28.170000076293945,28.790000915527344,928900
2024-09-11,29.5752067565918,30.1200008392334,30.190000534057617,28.63999938964844,28.96999931335449,953200
2024-09-12,29.28063201904297,29.81999969482422,30.170000076293945,29.559999465942383,30.030000686645508,997500
2024-09-13,30.105438232421875,30.65999984741211,30.81999969482422,30.170000076293945,30.25,958200
2024-09-16,29.781408309936523,30.32999992370605,30.420000076293945,29.59000015258789,30.0,1211900
2024-09-17,30.134897232055664,30.690000534057617,30.90999984741211,30.31999969482422,30.86000061035156,1187600
2024-09-18,29.693035125732425,30.239999771118164,31.459999084472656,30.200000762939453,30.920000076293945,1247900
2024-09-19,31.077531814575195,31.649999618530277,32.11000061035156,31.1200008392334,31.149999618530277,1690100
2024-09-20,30.40001106262207,30.959999084472656,32.20000076293945,30.93000030517578,31.959999084472656,8056200
2024-09-23,30.458927154541016,31.020000457763672,31.290000915527344,30.57999992370605,31.020000457763672,2103800
2024-09-24,29.850141525268555,30.399999618530277,31.65999984741211,30.239999771118164,31.40999984741211,1688300
2024-09-25,30.183992385864254,30.739999771118164,31.06999969482422,30.280000686645508,30.280000686645508,1485500
2024-09-26,31.33282852172852,31.90999984741211,32.2599983215332,30.90999984741211,32.06999969482422,1452400
2024-09-27,30.33127784729004,30.88999938964844,32.470001220703125,30.809999465942383,32.13999938964844,1350200
2024-09-30,30.04652404785156,30.600000381469727,31.01000022888184,30.25,30.559999465942383,1142500
2024-10-01,28.59329414367676,29.1200008392334,30.600000381469727,29.049999237060547,30.520000457763672,1246500
2024-10-02,29.17262077331543,29.709999084472656,30.149999618530277,29.239999771118164,29.40999984741211,843400
2024-10-03,28.5638370513916,29.09000015258789,29.799999237060547,29.020000457763672,29.3700008392334,1383200
2024-10-04,29.94833374023437,30.5,31.07999992370605,30.049999237060547,30.690000534057617,2238100
2024-10-07,29.53592872619629,30.07999992370605,30.549999237060547,29.780000686645508,30.15999984741211,1125400
2024-10-08,29.614482879638672,30.15999984741211,30.309999465942383,29.700000762939453,29.989999771118164,1125600
2024-10-09,29.958152770996094,30.51000022888184,30.709999084472656,29.799999237060547,30.1299991607666,858100
2024-10-10,29.673397064208984,30.21999931335449,30.270000457763672,29.65999984741211,30.01000022888184,1450300
2024-10-11,30.360736846923828,30.920000076293945,31.06999969482422,30.149999618530277,30.149999618530277,752200
2024-10-14,31.03825569152832,31.61000061035156,31.670000076293945,31.1200008392334,31.25,723800
2024-10-15,29.4377384185791,29.979999542236328,31.71999931335449,29.959999084472656,31.450000762939453,1407500
2024-10-16,29.928693771362305,30.479999542236328,30.780000686645508,30.020000457763672,30.71999931335449,1080800
2024-10-17,30.390193939208984,30.950000762939453,31.56999969482422,30.88999938964844,31.459999084472656,1351200
2024-10-18,29.97779083251953,30.530000686645508,31.209999084472656,30.36000061035156,31.200000762939453,970700
2024-10-21,29.75194931030273,30.299999237060547,30.989999771118164,30.200000762939453,30.43000030517578,1162400
2024-10-22,29.427919387817383,29.96999931335449,30.350000381469727,29.76000022888184,30.229999542236328,865300
2024-10-23,28.946781158447266,29.479999542236328,30.149999618530277,29.06999969482422,29.799999237060547,1108500
2024-10-24,28.83877182006836,29.3700008392334,29.93000030517578,29.149999618530277,29.75,848500
2024-10-25,29.33954620361328,29.8799991607666,30.209999084472656,29.709999084472656,29.850000381469727,1065100
2024-10-28,28.99587821960449,29.530000686645508,30.229999542236328,29.25,30.0,2422700
2024-10-29,27.473913192749023,27.979999542236328,28.170000076293945,24.100000381469727,24.989999771118164,5920500
2024-10-30,26.246522903442383,26.729999542236328,27.729999542236328,26.46999931335449,27.059999465942383,2501800
2024-10-31,24.989675521850582,25.450000762939453,26.68000030517578,25.440000534057617,26.68000030517578,2377700
2024-11-01,25.529726028442383,26.0,26.549999237060547,25.690000534057617,25.690000534057617,1653500
2024-11-04,25.549365997314453,26.020000457763672,26.920000076293945,25.920000076293945,25.920000076293945,1608900
2024-11-05,25.853757858276367,26.32999992370605,26.34000015258789,25.799999237060547,25.920000076293945,1219900
2024-11-06,26.87494659423828,27.3700008392334,27.600000381469727,26.809999465942383,27.1200008392334,1514000
2024-11-07,27.24807357788086,27.75,28.43000030517578,27.61000061035156,27.90999984741211,1416800
2024-11-08,26.86512756347656,27.36000061035156,27.59000015258789,27.1200008392334,27.51000022888184,1028100
2024-11-11,26.60983085632324,27.100000381469727,27.18000030517578,26.59000015258789,27.1200008392334,887500
2024-11-12,26.00104331970215,26.479999542236328,27.09000015258789,26.299999237060547,27.030000686645508,966100
2024-11-13,25.510087966918945,25.979999542236328,26.61000061035156,25.700000762939453,26.34000015258789,1172200
2024-11-14,25.549365997314453,26.020000457763672,26.59000015258789,25.809999465942383,26.309999465942383,1020800
2024-11-15,24.734376907348636,25.190000534057617,25.780000686645508,25.020000457763672,25.51000022888184,1033600
2024-11-18,24.93075942993164,25.38999938964844,25.489999771118164,25.01000022888184,25.01000022888184,1131900
2024-11-19,24.911121368408203,25.3700008392334,25.450000762939453,25.09000015258789,25.229999542236328,900600
2024-11-20,24.901302337646484,25.36000061035156,25.40999984741211,25.020000457763672,25.26000022888184,853000
2024-11-21,25.873395919799805,26.350000381469727,26.46999931335449,25.450000762939453,25.56999969482422,891400
2024-11-22,26.059959411621094,26.540000915527344,26.63999938964844,26.25,26.25,801600
2024-11-25,26.403627395629883,26.88999938964844,27.350000381469727,26.780000686645508,26.88999938964844,1247800
2024-11-26,25.804662704467773,26.280000686645508,27.100000381469727,26.149999618530277,27.059999465942383,950500
2024-11-27,25.549365997314453,26.020000457763672,26.43000030517578,25.530000686645508,26.290000915527344,802400
2024-11-29,25.961769104003903,26.440000534057617,26.770000457763672,26.26000022888184,26.299999237060547,511300
2024-12-02,26.78657531738281,27.280000686645508,27.3799991607666,26.399999618530277,26.51000022888184,961500
2024-12-03,26.492000579833984,26.979999542236328,27.1299991607666,26.59000015258789,27.1299991607666,1988200
2024-12-04,26.540000915527344,26.540000915527344,27.299999237060547,26.36000061035156,27.149999618530277,1568100
2024-12-05,26.01000022888184,26.01000022888184,26.75,25.82999992370605,26.6299991607666,1210000
2024-12-06,26.280000686645508,26.280000686645508,26.420000076293945,26.020000457763672,26.13999938964844,810300
2024-12-09,26.790000915527344,26.790000915527344,27.280000686645508,26.26000022888184,26.280000686645508,1518800
2024-12-10,26.059999465942383,26.059999465942383,26.81999969482422,26.020000457763672,26.81999969482422,1241700
2024-12-11,26.690000534057617,26.690000534057617,26.84000015258789,26.18000030517578,26.290000915527344,1594600
2024-12-12,26.3799991607666,26.3799991607666,26.57999992370605,26.06999969482422,26.3700008392334,1055900
2024-12-13,26.540000915527344,26.540000915527344,26.940000534057617,26.290000915527344,26.690000534057617,1451900
2024-12-16,26.979999542236328,26.979999542236328,27.290000915527344,26.46999931335449,26.549999237060547,1334500
2024-12-17,26.6200008392334,26.6200008392334,27.21999931335449,26.40999984741211,26.93000030517578,1302600
2024-12-18,25.549999237060547,25.549999237060547,27.46999931335449,25.280000686645508,26.93000030517578,1550800
2024-12-19,25.1299991607666,25.1299991607666,25.940000534057617,25.07999992370605,25.6200008392334,1543400
2024-12-20,25.270000457763672,25.270000457763672,25.84000015258789,24.799999237060547,25.059999465942383,4242200
2024-12-23,26.270000457763672,26.270000457763672,26.3700008392334,25.459999084472656,25.670000076293945,924800
2024-12-24,26.46999931335449,26.46999931335449,26.59000015258789,26.059999465942383,26.290000915527344,370700
2024-12-26,26.399999618530277,26.399999618530277,26.65999984741211,26.020000457763672,26.200000762939453,593200
2024-12-27,26.059999465942383,26.059999465942383,26.31999969482422,25.88999938964844,26.229999542236328,615800
2024-12-30,25.790000915527344,25.790000915527344,26.030000686645508,25.36000061035156,25.600000381469727,707400
2024-12-31,25.690000534057617,25.690000534057617,26.040000915527344,25.51000022888184,25.8700008392334,931700
2025-01-02,26.01000022888184,26.01000022888184,26.68000030517578,25.8700008392334,26.13999938964844,1291900
2025-01-03,26.530000686645508,26.530000686645508,26.709999084472656,25.96999931335449,26.26000022888184,857300
2025-01-06,26.729999542236328,26.729999542236328,27.5,26.6299991607666,26.84000015258789,1605000
2025-01-07,26.559999465942383,26.559999465942383,27.32999992370605,26.420000076293945,27.11000061035156,860500
2025-01-08,26.020000457763672,26.020000457763672,26.309999465942383,25.700000762939453,26.290000915527344,774500
2025-01-10,25.57999992370605,25.57999992370605,25.780000686645508,25.270000457763672,25.709999084472656,860600
2025-01-13,25.420000076293945,25.420000076293945,25.479999542236328,24.950000762939453,25.190000534057617,982100
2025-01-14,25.309999465942383,25.309999465942383,25.90999984741211,25.0,25.690000534057617,887900
2025-01-15,25.280000686645508,25.280000686645508,26.049999237060547,25.270000457763672,25.950000762939453,1732300
2025-01-16,25.459999084472656,25.459999084472656,26.420000076293945,25.440000534057617,25.81999969482422,1354000
2025-01-17,25.90999984741211,25.90999984741211,26.280000686645508,25.459999084472656,26.09000015258789,1580000
2025-01-21,26.71999931335449,26.71999931335449,27.700000762939453,26.149999618530277,26.170000076293945,2620100
2025-01-22,26.530000686645508,26.530000686645508,27.309999465942383,26.46999931335449,26.8700008392334,1165300
2025-01-23,25.899999618530277,25.899999618530277,26.3799991607666,25.88999938964844,26.040000915527344,1168900
2025-01-24,25.690000534057617,25.690000534057617,26.059999465942383,25.520000457763672,26.01000022888184,1383000
2025-01-27,23.71999931335449,23.71999931335449,24.8799991607666,23.399999618530277,24.709999084472656,2650200
2025-01-28,24.06999969482422,24.06999969482422,24.1200008392334,23.36000061035156,23.75,1636900
2025-01-29,24.520000457763672,24.520000457763672,24.559999465942383,23.8700008392334,24.399999618530277,1336800
2025-01-30,24.8700008392334,24.8700008392334,25.13999938964844,24.559999465942383,24.850000381469727,1330600
2025-01-31,24.61000061035156,24.61000061035156,25.3799991607666,24.46999931335449,25.059999465942383,1419200
2025-02-03,23.979999542236328,23.979999542236328,24.309999465942383,23.32999992370605,24.0,1234300
2025-02-04,24.26000022888184,24.26000022888184,24.38999938964844,23.8700008392334,24.020000457763672,998900
2025-02-05,24.899999618530277,24.899999618530277,24.96999931335449,24.07999992370605,24.290000915527344,1132500
2025-02-06,24.600000381469727,24.600000381469727,24.979999542236328,24.46999931335449,24.770000457763672,1097600
2025-02-07,24.32999992370605,24.32999992370605,24.950000762939453,24.170000076293945,24.71999931335449,1377600
